-d0e506f131fa/activerecord/lib/active_record/connection_adapters/abstract/connection_pool.rb:464:in 'ActiveRecord::ConnectionAdapters::ConnectionPool#with_connection'
    /usr/local/bundle/bundler/gems/rails-d0e506f131fa/activerecord/lib/active_record/fixtures.rb:694:in 'block in ActiveRecord::FixtureSet.insert'
    /usr/local/bundle/bundler/gems/rails-d0e506f131fa/activerecord/lib/active_record/fixtures.rb:685:in 'Hash#each'
    /usr/local/bundle/bundler/gems/rails-d0e506f131fa/activerecord/lib/active_record/fixtures.rb:685:in 'ActiveRecord::FixtureSet.insert'
    /usr/local/bundle/bundler/gems/rails-d0e506f131fa/activerecord/lib/active_record/fixtures.rb:671:in 'ActiveRecord::FixtureSet.read_and_insert'
    /usr/local/bundle/bundler/gems/rails-d0e506f131fa/activerecord/lib/active_record/fixtures.rb:616:in 'ActiveRecord::FixtureSet.create_fixtures'
    /usr/local/bundle/bundler/gems/rails-d0e506f131fa/activerecord/lib/active_record/test_fixtures.rb:291:in 'ActiveRecord::TestFixtures#load_fixtures'
    /usr/local/bundle/bundler/gems/rails-d0e506f131fa/activerecord/lib/active_record/test_fixtures.rb:146:in 'ActiveRecord::TestFixtures#setup_fixtures'
    /usr/local/bundle/bundler/gems/rails-d0e506f131fa/activerecord/lib/active_record/test_fixtures.rb:10:in 'ActiveRecord::TestFixtures#before_setup'
    /usr/local/bundle/bundler/gems/rails-d0e506f131fa/activejob/lib/active_job/test_helper.rb:83:in 'ActiveJob::TestHelper#before_setup'
    /usr/local/bundle/bundler/gems/rails-d0e506f131fa/actioncable/lib/action_cable/test_helper.rb:15:in 'ActionCable::TestHelper#before_setup'
    /usr/local/bundle/bundler/gems/rails-d0e506f131fa/activesupport/lib/active_support/testing/setup_and_teardown.rb:82:in 'ActiveSupport::Testing::SetupAndTeardown#before_setup'

Error:
Storage::TrackedTest#test_board_transfer_moves_comment_embeds:
Mocha::NotInitializedError: Mocha::Mockery.teardown called before Mocha::Mockery.setup
    

bin/rails test test/models/storage/tracked_test.rb:114

E

Error:
Storage::TrackedTest#test_board_transfer_moves_card_image_and_description_embed_together:
ActiveRecord::NotNullViolation: SQLite3::ConstraintException: NOT NULL constraint failed: accesses.account_id
    /usr/local/bundle/gems/sqlite3-2.9.5-x86_64-linux-gnu/lib/sqlite3/database.rb:337:in 'SQLite3::Database#exec_batch'
    /usr/local/bundle/gems/sqlite3-2.9.5-x86_64-linux-gnu/lib/sqlite3/database.rb:337:in 'SQLite3::Database#execute_batch2'
    /usr/local/bundle/bundler/gems/rails-d0e506f131fa/activerecord/lib/active_record/connection_adapters/sqlite3/database_statements.rb:109:in 'ActiveRecord::ConnectionAdapters::SQLite3::DatabaseStatements#perform_query'
    /usr/local/bundle/bundler/gems/rails-d0e506f131fa/activerecord/lib/active_record/connection_adapters/abstract/database_statements.rb:712:in 'block (2 levels) in ActiveRecord::ConnectionAdapters::DatabaseStatements#execute_intent'
    /usr/local/bundle/bundler/gems/rails-d0e506f131fa/activerecord/lib/active_record/connection_adapters/abstract_adapter.rb:1128:in 'block in ActiveRecord::ConnectionAdapters::AbstractAdapter#with_raw_connection'
    /usr/local/bundle/bundler/gems/rails-d0e506f131fa/activesupport/lib/active_support/concurrency/null_lock.rb:9:in 'ActiveSupport::Concurrency::NullLock#synchronize'
    /usr/local/bundle/bundler/gems/rails-d0e506f131fa/activerecord/lib/active_record/connection_adapters/abstract_adapter.rb:1093:in 'ActiveRecord::ConnectionAdapters::AbstractAdapter#with_raw_connection'
    /usr/local/bundle/bundler/gems/rails-d0e506f131fa/activerecord/lib/active_record/connection_adapters/abstract/database_statements.rb:709:in 'block in ActiveRecord::ConnectionAdapters::DatabaseStatements#execute_intent'
    /usr/local/bundle/bundler/gems/rails-d0e506f131fa/activesupport/lib/active_support/notifications/instrumenter.rb:86:in 'ActiveSupport::Notifications::Instrumenter#instrument'
    /usr/local/bundle/bundler/gems/rails-d0e506f131fa/activerecord/lib/active_record/connection_adapters/abstract_adapter.rb:1266:in 'ActiveRecord::ConnectionAdapters::AbstractAdapter#log'
    /usr/local/bundle/bundler/gems/rails-d0e506f131fa/activerecord/lib/active_record/connection_adapters/abstract/database_statements.rb:707:in 'ActiveRecord::ConnectionAdapters::DatabaseStatements#execute_intent'
    /usr/local/bundle/bundler/gems/rails-d0e506f131fa/activerecord/lib/active_record/connection_adapters/query_intent.rb:322:in 'ActiveRecord::ConnectionAdapters::QueryIntent#run_query!'
    /usr/local/bundle/bundler/gems/rails-d0e506f131fa/activerecord/lib/active_record/connection_adapters/query_intent.rb:172:in 'ActiveRecord::ConnectionAdapters::QueryIntent#execute!'
    /usr/local/bundle/bundler/gems/rails-d0e506f131fa/activerecord/lib/active_record/connection_adapters/sqlite3/database_statements.rb:86:in 'ActiveRecord::ConnectionAdapters::SQLite3::DatabaseStatements#execute_batch'
    /usr/local/bundle/bundler/gems/rails-d0e506f131fa/activerecord/lib/active_record/connection_adapters/abstract/database_statements.rb:653:in 'block (2 levels) in ActiveRecord::ConnectionAdapters::DatabaseStatements#insert_fixtures_set'
    /usr/local/bundle/bundler/gems/rails-d0e506f131fa/activerecord/lib/active_record/connection_adapters/sqlite3_adapter.rb:316:in 'ActiveRecord::ConnectionAdapters::SQLite3Adapter#disable_referential_integrity'
    /usr/local/bundle/bundler/gems/rails-d0e506f131fa/activerecord/lib/active_record/connection_adapters/abstract/database_statements.rb:652:in 'block in ActiveRecord::ConnectionAdapters::DatabaseStatements#insert_fixtures_set'
    /usr/local/bundle/bundler/gems/rails-d0e506f131fa/activerecord/lib/active_record/connection_adapters/abstract/transaction.rb:650:in 'block in ActiveRecord::ConnectionAdapters::TransactionManager#within_new_transaction'
    /usr/local/bundle/bundler/gems/rails-d0e506f131fa/activesupport/lib/active_support/concurrency/null_lock.rb:9:in 'ActiveSupport::Concurrency::NullLock#synchronize'
    /usr/local/bundle/bundler/gems/rails-d0e506f131fa/activerecord/lib/active_record/connection_adapters/abstract/transaction.rb:647:in 'ActiveRecord::ConnectionAdapters::TransactionManager#within_new_transaction'
    /usr/local/bundle/bundler/gems/rails-d0e506f131fa/activerecord/lib/active_record/connection_adapters/abstract/database_statements.rb:531:in 'ActiveRecord::ConnectionAdapters::DatabaseStatements#within_new_transaction'
    /usr/local/bundle/bundler/gems/rails-d0e506f131fa/activerecord/lib/active_record/connection_adapters/abstract/database_statements.rb:521:in 'ActiveRecord::ConnectionAdapters::DatabaseStatements#transaction'
    /usr/local/bundle/bundler/gems/rails-d0e506f131fa/activerecord/lib/active_record/connection_adapters/abstract/database_statements.rb:651:in 'ActiveRecord::ConnectionAdapters::DatabaseStatements#insert_fixtures_set'
    /usr/local/bundle/bundler/gems/rails-d0e506f131fa/activerecord/lib/active_record/fixtures.rb:695:in 'block (2 levels) in ActiveRecord::FixtureSet.insert'
    /usr/local/bundle/bundler/gems/rails-d0e506f131fa/activerecord/lib/active_record/connection_adapters/abstract/connection_pool.rb:464:in 'ActiveRecord::ConnectionAdapters::ConnectionPool#with_connection'
    /usr/local/bundle/bundler/gems/rails-d0e506f131fa/activerecord/lib/active_record/fixtures.rb:694:in 'block in ActiveRecord::FixtureSet.insert'
    /usr/local/bundle/bundler/gems/rails-d0e506f131fa/activerecord/lib/active_record/fixtures.rb:685:in 'Hash#each'
    /usr/local/bundle/bundler/gems/rails-d0e506f131fa/activerecord/lib/active_record/fixtures.rb:685:in 'ActiveRecord::FixtureSet.insert'
    /usr/local/bundle/bundler/gems/rails-d0e506f131fa/activerecord/lib/active_record/fixtures.rb:671:in 'ActiveRecord::FixtureSet.read_and_insert'
    /usr/local/bundle/bundler/gems/rails-d0e506f131fa/activerecord/lib/active_record/fixtures.rb:616:in 'ActiveRecord::FixtureSet.create_fixtures'
    /usr/local/bundle/bundler/gems/rails-d0e506f131fa/activerecord/lib/active_record/test_fixtures.rb:291:in 'ActiveRecord::TestFixtures#load_fixtures'
    /usr/local/bundle/bundler/gems/rails-d0e506f131fa/activerecord/lib/active_record/test_fixtures.rb:146:in 'ActiveRecord::TestFixtures#setup_fixtures'
    /usr/local/bundle/bundler/gems/rails-d0e506f131fa/activerecord/lib/active_record/test_fixtures.rb:10:in 'ActiveRecord::TestFixtures#before_setup'
    /usr/local/bundle/bundler/gems/rails-d0e506f131fa/activejob/lib/active_job/test_helper.rb:83:in 'ActiveJob::TestHelper#before_setup'
    /usr/local/bundle/bundler/gems/rails-d0e506f131fa/actioncable/lib/action_cable/test_helper.rb:15:in 'ActionCable::TestHelper#before_setup'
    /usr/local/bundle/bundler/gems/rails-d0e506f131fa/activesupport/lib/active_support/testing/setup_and_teardown.rb:82:in 'ActiveSupport::Testing::SetupAndTeardown#before_setup'

Error:
Storage::TrackedTest#test_board_transfer_moves_card_image_and_description_embed_together:
Mocha::NotInitializedError: Mocha::Mockery.teardown called before Mocha::Mockery.setup
    

bin/rails test test/models/storage/tracked_test.rb:140

E

Error:
Storage::TrackedTest#test_board_transfer_net_effect_on_account_is_zero:
ActiveRecord::NotNullViolation: SQLite3::ConstraintException: NOT NULL constraint failed: accesses.account_id
    /usr/local/bundle/gems/sqlite3-2.9.5-x86_64-linux-gnu/lib/sqlite3/database.rb:337:in 'SQLite3::Database#exec_batch'
    /usr/local/bundle/gems/sqlite3-2.9.5-x86_64-linux-gnu/lib/sqlite3/database.rb:337:in 'SQLite3::Database#execute_batch2'
    /usr/local/bundle/bundler/gems/rails-d0e506f131fa/activerecord/lib/active_record/connection_adapters/sqlite3/database_statements.rb:109:in 'ActiveRecord::ConnectionAdapters::SQLite3::DatabaseStatements#perform_query'
    /usr/local/bundle/bundler/gems/rails-d0e506f131fa/activerecord/lib/active_record/connection_adapters/abstract/database_statements.rb:712:in 'block (2 levels) in ActiveRecord::ConnectionAdapters::DatabaseStatements#execute_intent'
    /usr/local/bundle/bundler/gems/rails-d0e506f131fa/activerecord/lib/active_record/connection_adapters/abstract_adapter.rb:1128:in 'block in ActiveRecord::ConnectionAdapters::AbstractAdapter#with_raw_connection'
    /usr/local/bundle/bundler/gems/rails-d0e506f131fa/activesupport/lib/active_support/concurrency/null_lock.rb:9:in 'ActiveSupport::Concurrency::NullLock#synchronize'
    /usr/local/bundle/bundler/gems/rails-d0e506f131fa/activerecord/lib/active_record/connection_adapters/abstract_adapter.rb:1093:in 'ActiveRecord::ConnectionAdapters::AbstractAdapter#with_raw_connection'
    /usr/local/bundle/bundler/gems/rails-d0e506f131fa/activerecord/lib/active_record/connection_adapters/abstract/database_statements.rb:709:in 'block in ActiveRecord::ConnectionAdapters::DatabaseStatements#execute_intent'
    /usr/local/bundle/bundler/gems/rails-d0e506f131fa/activesupport/lib/active_support/notifications/instrumenter.rb:86:in 'ActiveSupport::Notifications::Instrumenter#instrument'
    /usr/local/bundle/bundler/gems/rails-d0e506f131fa/activerecord/lib/active_record/connection_adapters/abstract_adapter.rb:1266:in 'ActiveRecord::ConnectionAdapters::AbstractAdapter#log'
    /usr/local/bundle/bundler/gems/rails-d0e506f131fa/activerecord/lib/active_record/connection_adapters/abstract/database_statements.rb:707:in 'ActiveRecord::ConnectionAdapters::DatabaseStatements#execute_intent'
    /usr/local/bundle/bundler/gems/rails-d0e506f131fa/activerecord/lib/active_record/connection_adapters/query_intent.rb:322:in 'ActiveRecord::ConnectionAdapters::QueryIntent#run_query!'
    /usr/local/bundle/bundler/gems/rails-d0e506f131fa/activerecord/lib/active_record/connection_adapters/query_intent.rb:172:in 'ActiveRecord::ConnectionAdapters::QueryIntent#execute!'
    /usr/local/bundle/bundler/gems/rails-d0e506f131fa/activerecord/lib/active_record/connection_adapters/sqlite3/database_statements.rb:86:in 'ActiveRecord::ConnectionAdapters::SQLite3::DatabaseStatements#execute_batch'
    /usr/local/bundle/bundler/gems/rails-d0e506f131fa/activerecord/lib/active_record/connection_adapters/abstract/database_statements.rb:653:in 'block (2 levels) in ActiveRecord::ConnectionAdapters::DatabaseStatements#insert_fixtures_set'
    /usr/local/bundle/bundler/gems/rails-d0e506f131fa/activerecord/lib/active_record/connection_adapters/sqlite3_adapter.rb:316:in 'ActiveRecord::ConnectionAdapters::SQLite3Adapter#disable_referential_integrity'
    /usr/local/bundle/bundler/gems/rails-d0e506f131fa/activerecord/lib/active_record/connection_adapters/abstract/database_statements.rb:652:in 'block in ActiveRecord::ConnectionAdapters::DatabaseStatements#insert_fixtures_set'
    /usr/local/bundle/bundler/gems/rails-d0e506f131fa/activerecord/lib/active_record/connection_adapters/abstract/transaction.rb:650:in 'block in ActiveRecord::ConnectionAdapters::TransactionManager#within_new_transaction'
    /usr/local/bundle/bundler/gems/rails-d0e506f131fa/activesupport/lib/active_support/concurrency/null_lock.rb:9:in 'ActiveSupport::Concurrency::NullLock#synchronize'
    /usr/local/bundle/bundler/gems/rails-d0e506f131fa/activerecord/lib/active_record/connection_adapters/abstract/transaction.rb:647:in 'ActiveRecord::ConnectionAdapters::TransactionManager#within_new_transaction'
    /usr/local/bundle/bundler/gems/rails-d0e506f131fa/activerecord/lib/active_record/connection_adapters/abstract/database_statements.rb:531:in 'ActiveRecord::ConnectionAdapters::DatabaseStatements#within_new_transaction'
    /usr/local/bundle/bundler/gems/rails-d0e506f131fa/activerecord/lib/active_record/connection_adapters/abstract/database_statements.rb:521:in 'ActiveRecord::ConnectionAdapters::DatabaseStatements#transaction'
    /usr/local/bundle/bundler/gems/rails-d0e506f131fa/activerecord/lib/active_record/connection_adapters/abstract/database_statements.rb:651:in 'ActiveRecord::ConnectionAdapters::DatabaseStatements#insert_fixtures_set'
    /usr/local/bundle/bundler/gems/rails-d0e506f131fa/activerecord/lib/active_record/fixtures.rb:695:in 'block (2 levels) in ActiveRecord::FixtureSet.insert'
    /usr/local/bundle/bundler/gems/rails-d0e506f131fa/activerecord/lib/active_record/connection_adapters/abstract/connection_pool.rb:464:in 'ActiveRecord::ConnectionAdapters::ConnectionPool#with_connection'
    /usr/local/bundle/bundler/gems/rails-d0e506f131fa/activerecord/lib/active_record/fixtures.rb:694:in 'block in ActiveRecord::FixtureSet.insert'
    /usr/local/bundle/bundler/gems/rails-d0e506f131fa/activerecord/lib/active_record/fixtures.rb:685:in 'Hash#each'
    /usr/local/bundle/bundler/gems/rails-d0e506f131fa/activerecord/lib/active_record/fixtures.rb:685:in 'ActiveRecord::FixtureSet.insert'
    /usr/local/bundle/bundler/gems/rails-d0e506f131fa/activerecord/lib/active_record/fixtures.rb:671:in 'ActiveRecord::FixtureSet.read_and_insert'
    /usr/local/bundle/bundler/gems/rails-d0e506f131fa/activerecord/lib/active_record/fixtures.rb:616:in 'ActiveRecord::FixtureSet.create_fixtures'
    /usr/local/bundle/bundler/gems/rails-d0e506f131fa/activerecord/lib/active_record/test_fixtures.rb:291:in 'ActiveRecord::TestFixtures#load_fixtures'
    /usr/local/bundle/bundler/gems/rails-d0e506f131fa/activerecord/lib/active_record/test_fixtures.rb:146:in 'ActiveRecord::TestFixtures#setup_fixtures'
    /usr/local/bundle/bundler/gems/rails-d0e506f131fa/activerecord/lib/active_record/test_fixtures.rb:10:in 'ActiveRecord::TestFixtures#before_setup'
    /usr/local/bundle/bundler/gems/rails-d0e506f131fa/activejob/lib/active_job/test_helper.rb:83:in 'ActiveJob::TestHelper#before_setup'
    /usr/local/bundle/bundler/gems/rails-d0e506f131fa/actioncable/lib/action_cable/test_helper.rb:15:in 'ActionCable::TestHelper#before_setup'
    /usr/local/bundle/bundler/gems/rails-d0e506f131fa/activesupport/lib/active_support/testing/setup_and_teardown.rb:82:in 'ActiveSupport::Testing::SetupAndTeardown#before_setup'

Error:
Storage::TrackedTest#test_board_transfer_net_effect_on_account_is_zero:
Mocha::NotInitializedError: Mocha::Mockery.teardown called before Mocha::Mockery.setup
    

bin/rails test test/models/storage/tracked_test.rb:197

E

Error:
ColumnLimitsTest#test_step_content_counts_bytes_not_characters_for_text_columns:
ActiveRecord::NotNullViolation: SQLite3::ConstraintException: NOT NULL constraint failed: accesses.account_id
    /usr/local/bundle/gems/sqlite3-2.9.5-x86_64-linux-gnu/lib/sqlite3/database.rb:337:in 'SQLite3::Database#exec_batch'
    /usr/local/bundle/gems/sqlite3-2.9.5-x86_64-linux-gnu/lib/sqlite3/database.rb:337:in 'SQLite3::Database#execute_batch2'
    /usr/local/bundle/bundler/gems/rails-d0e506f131fa/activerecord/lib/active_record/connection_adapters/sqlite3/database_statements.rb:109:in 'ActiveRecord::ConnectionAdapters::SQLite3::DatabaseStatements#perform_query'
    /usr/local/bundle/bundler/gems/rails-d0e506f131fa/activerecord/lib/active_record/connection_adapters/abstract/database_statements.rb:712:in 'block (2 levels) in ActiveRecord::ConnectionAdapters::DatabaseStatements#execute_intent'
    /usr/local/bundle/bundler/gems/rails-d0e506f131fa/activerecord/lib/active_record/connection_adapters/abstract_adapter.rb:1128:in 'block in ActiveRecord::ConnectionAdapters::AbstractAdapter#with_raw_connection'
    /usr/local/bundle/bundler/gems/rails-d0e506f131fa/activesupport/lib/active_support/concurrency/null_lock.rb:9:in 'ActiveSupport::Concurrency::NullLock#synchronize'
    /usr/local/bundle/bundler/gems/rails-d0e506f131fa/activerecord/lib/active_record/connection_adapters/abstract_adapter.rb:1093:in 'ActiveRecord::ConnectionAdapters::AbstractAdapter#with_raw_connection'
    /usr/local/bundle/bundler/gems/rails-d0e506f131fa/activerecord/lib/active_record/connection_adapters/abstract/database_statements.rb:709:in 'block in ActiveRecord::ConnectionAdapters::DatabaseStatements#execute_intent'
    /usr/local/bundle/bundler/gems/rails-d0e506f131fa/activesupport/lib/active_support/notifications/instrumenter.rb:86:in 'ActiveSupport::Notifications::Instrumenter#instrument'
    /usr/local/bundle/bundler/gems/rails-d0e506f131fa/activerecord/lib/active_record/connection_adapters/abstract_adapter.rb:1266:in 'ActiveRecord::ConnectionAdapters::AbstractAdapter#log'
    /usr/local/bundle/bundler/gems/rails-d0e506f131fa/activerecord/lib/active_record/connection_adapters/abstract/database_statements.rb:707:in 'ActiveRecord::ConnectionAdapters::DatabaseStatements#execute_intent'
    /usr/local/bundle/bundler/gems/rails-d0e506f131fa/activerecord/lib/active_record/connection_adapters/query_intent.rb:322:in 'ActiveRecord::ConnectionAdapters::QueryIntent#run_query!'
    /usr/local/bundle/bundler/gems/rails-d0e506f131fa/activerecord/lib/active_record/connection_adapters/query_intent.rb:172:in 'ActiveRecord::ConnectionAdapters::QueryIntent#execute!'
    /usr/local/bundle/bundler/gems/rails-d0e506f131fa/activerecord/lib/active_record/connection_adapters/sqlite3/database_statements.rb:86:in 'ActiveRecord::ConnectionAdapters::SQLite3::DatabaseStatements#execute_batch'
    /usr/local/bundle/bundler/gems/rails-d0e506f131fa/activerecord/lib/active_record/connection_adapters/abstract/database_statements.rb:653:in 'block (2 levels) in ActiveRecord::ConnectionAdapters::DatabaseStatements#insert_fixtures_set'
    /usr/local/bundle/bundler/gems/rails-d0e506f131fa/activerecord/lib/active_record/connection_adapters/sqlite3_adapter.rb:316:in 'ActiveRecord::ConnectionAdapters::SQLite3Adapter#disable_referential_integrity'
    /usr/local/bundle/bundler/gems/rails-d0e506f131fa/activerecord/lib/active_record/connection_adapters/abstract/database_statements.rb:652:in 'block in ActiveRecord::ConnectionAdapters::DatabaseStatements#insert_fixtures_set'
    /usr/local/bundle/bundler/gems/rails-d0e506f131fa/activerecord/lib/active_record/connection_adapters/abstract/transaction.rb:650:in 'block in ActiveRecord::ConnectionAdapters::TransactionManager#within_new_transaction'
    /usr/local/bundle/bundler/gems/rails-d0e506f131fa/activesupport/lib/active_support/concurrency/null_lock.rb:9:in 'ActiveSupport::Concurrency::NullLock#synchronize'
    /usr/local/bundle/bundler/gems/rails-d0e506f131fa/activerecord/lib/active_record/connection_adapters/abstract/transaction.rb:647:in 'ActiveRecord::ConnectionAdapters::TransactionManager#within_new_transaction'
    /usr/local/bundle/bundler/gems/rails-d0e506f131fa/activerecord/lib/active_record/connection_adapters/abstract/database_statements.rb:531:in 'ActiveRecord::ConnectionAdapters::DatabaseStatements#within_new_transaction'
    /usr/local/bundle/bundler/gems/rails-d0e506f131fa/activerecord/lib/active_record/connection_adapters/abstract/database_statements.rb:521:in 'ActiveRecord::ConnectionAdapters::DatabaseStatements#transaction'
    /usr/local/bundle/bundler/gems/rails-d0e506f131fa/activerecord/lib/active_record/connection_adapters/abstract/database_statements.rb:651:in 'ActiveRecord::ConnectionAdapters::DatabaseStatements#insert_fixtures_set'
    /usr/local/bundle/bundler/gems/rails-d0e506f131fa/activerecord/lib/active_record/fixtures.rb:695:in 'block (2 levels) in ActiveRecord::FixtureSet.insert'
    /usr/local/bundle/bundler/gems/rails-d0e506f131fa/activerecord/lib/active_record/connection_adapters/abstract/connection_pool.rb:464:in 'ActiveRecord::ConnectionAdapters::ConnectionPool#with_connection'
    /usr/local/bundle/bundler/gems/rails-d0e506f131fa/activerecord/lib/active_record/fixtures.rb:694:in 'block in ActiveRecord::FixtureSet.insert'
    /usr/local/bundle/bundler/gems/rails-d0e506f131fa/activerecord/lib/active_record/fixtures.rb:685:in 'Hash#each'
    /usr/local/bundle/bundler/gems/rails-d0e506f131fa/activerecord/lib/active_record/fixtures.rb:685:in 'ActiveRecord::FixtureSet.insert'
    /usr/local/bundle/bundler/gems/rails-d0e506f131fa/activerecord/lib/active_record/fixtures.rb:671:in 'ActiveRecord::FixtureSet.read_and_insert'
    /usr/local/bundle/bundler/gems/rails-d0e506f131fa/activerecord/lib/active_record/fixtures.rb:616:in 'ActiveRecord::FixtureSet.create_fixtures'
    /usr/local/bundle/bundler/gems/rails-d0e506f131fa/activerecord/lib/active_record/test_fixtures.rb:291:in 'ActiveRecord::TestFixtures#load_fixtures'
    /usr/local/bundle/bundler/gems/rails-d0e506f131fa/activerecord/lib/active_record/test_fixtures.rb:146:in 'ActiveRecord::TestFixtures#setup_fixtures'
    /usr/local/bundle/bundler/gems/rails-d0e506f131fa/activerecord/lib/active_record/test_fixtures.rb:10:in 'ActiveRecord::TestFixtures#before_setup'
    /usr/local/bundle/bundler/gems/rails-d0e506f131fa/activejob/lib/active_job/test_helper.rb:83:in 'ActiveJob::TestHelper#before_setup'
    /usr/local/bundle/bundler/gems/rails-d0e506f131fa/actioncable/lib/action_cable/test_helper.rb:15:in 'ActionCable::TestHelper#before_setup'
    /usr/local/bundle/bundler/gems/rails-d0e506f131fa/activesupport/lib/active_support/testing/setup_and_teardown.rb:82:in 'ActiveSupport::Testing::SetupAndTeardown#before_setup'

Error:
ColumnLimitsTest#test_step_content_counts_bytes_not_characters_for_text_columns:
Mocha::NotInitializedError: Mocha::Mockery.teardown called before Mocha::Mockery.setup
    

bin/rails test test/models/column_limits_test.rb:40

E

Error:
ColumnLimitsTest#test_account_name_rejects_strings_over_255_characters:
ActiveRecord::NotNullViolation: SQLite3::ConstraintException: NOT NULL constraint failed: accesses.account_id
    /usr/local/bundle/gems/sqlite3-2.9.5-x86_64-linux-gnu/lib/sqlite3/database.rb:337:in 'SQLite3::Database#exec_batch'
    /usr/local/bundle/gems/sqlite3-2.9.5-x86_64-linux-gnu/lib/sqlite3/database.rb:337:in 'SQLite3::Database#execute_batch2'
    /usr/local/bundle/bundler/gems/rails-d0e506f131fa/activerecord/lib/active_record/connection_adapters/sqlite3/database_statements.rb:109:in 'ActiveRecord::ConnectionAdapters::SQLite3::DatabaseStatements#perform_query'
    /usr/local/bundle/bundler/gems/rails-d0e506f131fa/activerecord/lib/active_record/connection_adapters/abstract/database_statements.rb:712:in 'block (2 levels) in ActiveRecord::ConnectionAdapters::DatabaseStatements#execute_intent'
    /usr/local/bundle/bundler/gems/rails-d0e506f131fa/activerecord/lib/active_record/connection_adapters/abstract_adapter.rb:1128:in 'block in ActiveRecord::ConnectionAdapters::AbstractAdapter#with_raw_connection'
    /usr/local/bundle/bundler/gems/rails-d0e506f131fa/activesupport/lib/active_support/concurrency/null_lock.rb:9:in 'ActiveSupport::Concurrency::NullLock#synchronize'
    /usr/local/bundle/bundler/gems/rails-d0e506f131fa/activerecord/lib/active_record/connection_adapters/abstract_adapter.rb:1093:in 'ActiveRecord::ConnectionAdapters::AbstractAdapter#with_raw_connection'
    /usr/local/bundle/bundler/gems/rails-d0e506f131fa/activerecord/lib/active_record/connection_adapters/abstract/database_statements.rb:709:in 'block in ActiveRecord::ConnectionAdapters::DatabaseStatements#execute_intent'
    /usr/local/bundle/bundler/gems/rails-d0e506f131fa/activesupport/lib/active_support/notifications/instrumenter.rb:86:in 'ActiveSupport::Notifications::Instrumenter#instrument'
    /usr/local/bundle/bundler/gems/rails-d0e506f131fa/activerecord/lib/active_record/connection_adapters/abstract_adapter.rb:1266:in 'ActiveRecord::ConnectionAdapters::AbstractAdapter#log'
    /usr/local/bundle/bundler/gems/rails-d0e506f131fa/activerecord/lib/active_record/connection_adapters/abstract/database_statements.rb:707:in 'ActiveRecord::ConnectionAdapters::DatabaseStatements#execute_intent'
    /usr/local/bundle/bundler/gems/rails-d0e506f131fa/activerecord/lib/active_record/connection_adapters/query_intent.rb:322:in 'ActiveRecord::ConnectionAdapters::QueryIntent#run_query!'
    /usr/local/bundle/bundler/gems/rails-d0e506f131fa/activerecord/lib/active_record/connection_adapters/query_intent.rb:172:in 'ActiveRecord::ConnectionAdapters::QueryIntent#execute!'
    /usr/local/bundle/bundler/gems/rails-d0e506f131fa/activerecord/lib/active_record/connection_adapters/sqlite3/database_statements.rb:86:in 'ActiveRecord::ConnectionAdapters::SQLite3::DatabaseStatements#execute_batch'
    /usr/local/bundle/bundler/gems/rails-d0e506f131fa/activerecord/lib/active_record/connection_adapters/abstract/database_statements.rb:653:in 'block (2 levels) in ActiveRecord::ConnectionAdapters::DatabaseStatements#insert_fixtures_set'
    /usr/local/bundle/bundler/gems/rails-d0e506f131fa/activerecord/lib/active_record/connection_adapters/sqlite3_adapter.rb:316:in 'ActiveRecord::ConnectionAdapters::SQLite3Adapter#disable_referential_integrity'
    /usr/local/bundle/bundler/gems/rails-d0e506f131fa/activerecord/lib/active_record/connection_adapters/abstract/database_statements.rb:652:in 'block in ActiveRecord::ConnectionAdapters::DatabaseStatements#insert_fixtures_set'
    /usr/local/bundle/bundler/gems/rails-d0e506f131fa/activerecord/lib/active_record/connection_adapters/abstract/transaction.rb:650:in 'block in ActiveRecord::ConnectionAdapters::TransactionManager#within_new_transaction'
    /usr/local/bundle/bundler/gems/rails-d0e506f131fa/activesupport/lib/active_support/concurrency/null_lock.rb:9:in 'ActiveSupport::Concurrency::NullLock#synchronize'
    /usr/local/bundle/bundler/gems/rails-d0e506f131fa/activerecord/lib/active_record/connection_adapters/abstract/transaction.rb:647:in 'ActiveRecord::ConnectionAdapters::TransactionManager#within_new_transaction'
    /usr/local/bundle/bundler/gems/rails-d0e506f131fa/activerecord/lib/active_record/connection_adapters/abstract/database_statements.rb:531:in 'ActiveRecord::ConnectionAdapters::DatabaseStatements#within_new_transaction'
    /usr/local/bundle/bundler/gems/rails-d0e506f131fa/activerecord/lib/active_record/connection_adapters/abstract/database_statements.rb:521:in 'ActiveRecord::ConnectionAdapters::DatabaseStatements#transaction'
    /usr/local/bundle/bundler/gems/rails-d0e506f131fa/activerecord/lib/active_record/connection_adapters/abstract/database_statements.rb:651:in 'ActiveRecord::ConnectionAdapters::DatabaseStatements#insert_fixtures_set'
    /usr/local/bundle/bundler/gems/rails-d0e506f131fa/activerecord/lib/active_record/fixtures.rb:695:in 'block (2 levels) in ActiveRecord::FixtureSet.insert'
    /usr/local/bundle/bundler/gems/rails-d0e506f131fa/activerecord/lib/active_record/connection_adapters/abstract/connection_pool.rb:464:in 'ActiveRecord::ConnectionAdapters::ConnectionPool#with_connection'
    /usr/local/bundle/bundler/gems/rails-d0e506f131fa/activerecord/lib/active_record/fixtures.rb:694:in 'block in ActiveRecord::FixtureSet.insert'
    /usr/local/bundle/bundler/gems/rails-d0e506f131fa/activerecord/lib/active_record/fixtures.rb:685:in 'Hash#each'
    /usr/local/bundle/bundler/gems/rails-d0e506f131fa/activerecord/lib/active_record/fixtures.rb:685:in 'ActiveRecord::FixtureSet.insert'
    /usr/local/bundle/bundler/gems/rails-d0e506f131fa/activerecord/lib/active_record/fixtures.rb:671:in 'ActiveRecord::FixtureSet.read_and_insert'
    /usr/local/bundle/bundler/gems/rails-d0e506f131fa/activerecord/lib/active_record/fixtures.rb:616:in 'ActiveRecord::FixtureSet.create_fixtures'
    /usr/local/bundle/bundler/gems/rails-d0e506f131fa/activerecord/lib/active_record/test_fixtures.rb:291:in 'ActiveRecord::TestFixtures#load_fixtures'
    /usr/local/bundle/bundler/gems/rails-d0e506f131fa/activerecord/lib/active_record/test_fixtures.rb:146:in 'ActiveRecord::TestFixtures#setup_fixtures'
    /usr/local/bundle/bundler/gems/rails-d0e506f131fa/activerecord/lib/active_record/test_fixtures.rb:10:in 'ActiveRecord::TestFixtures#before_setup'
    /usr/local/bundle/bundler/gems/rails-d0e506f131fa/activejob/lib/active_job/test_helper.rb:83:in 'ActiveJob::TestHelper#before_setup'
    /usr/local/bundle/bundler/gems/rails-d0e506f131fa/actioncable/lib/action_cable/test_helper.rb:15:in 'ActionCable::TestHelper#before_setup'
    /usr/local/bundle/bundler/gems/rails-d0e506f131fa/activesupport/lib/active_support/testing/setup_and_teardown.rb:82:in 'ActiveSupport::Testing::SetupAndTeardown#before_setup'

Error:
ColumnLimitsTest#test_account_name_rejects_strings_over_255_characters:
Mocha::NotInitializedError: Mocha::Mockery.teardown called before Mocha::Mockery.setup
    

bin/rails test test/models/column_limits_test.rb:9

E

Error:
ColumnLimitsTest#test_ActionText::RichText_name_rejects_strings_over_255_characters:
ActiveRecord::NotNullViolation: SQLite3::ConstraintException: NOT NULL constraint failed: accesses.account_id
    /usr/local/bundle/gems/sqlite3-2.9.5-x86_64-linux-gnu/lib/sqlite3/database.rb:337:in 'SQLite3::Database#exec_batch'
    /usr/local/bundle/gems/sqlite3-2.9.5-x86_64-linux-gnu/lib/sqlite3/database.rb:337:in 'SQLite3::Database#execute_batch2'
    /usr/local/bundle/bundler/gems/rails-d0e506f131fa/activerecord/lib/active_record/connection_adapters/sqlite3/database_statements.rb:109:in 'ActiveRecord::ConnectionAdapters::SQLite3::DatabaseStatements#perform_query'
    /usr/local/bundle/bundler/gems/rails-d0e506f131fa/activerecord/lib/active_record/connection_adapters/abstract/database_statements.rb:712:in 'block (2 levels) in ActiveRecord::ConnectionAdapters::DatabaseStatements#execute_intent'
    /usr/local/bundle/bundler/gems/rails-d0e506f131fa/activerecord/lib/active_record/connection_adapters/abstract_adapter.rb:1128:in 'block in ActiveRecord::ConnectionAdapters::AbstractAdapter#with_raw_connection'
    /usr/local/bundle/bundler/gems/rails-d0e506f131fa/activesupport/lib/active_support/concurrency/null_lock.rb:9:in 'ActiveSupport::Concurrency::NullLock#synchronize'
    /usr/local/bundle/bundler/gems/rails-d0e506f131fa/activerecord/lib/active_record/connection_adapters/abstract_adapter.rb:1093:in 'ActiveRecord::ConnectionAdapters::AbstractAdapter#with_raw_connection'
    /usr/local/bundle/bundler/gems/rails-d0e506f131fa/activerecord/lib/active_record/connection_adapters/abstract/database_statements.rb:709:in 'block in ActiveRecord::ConnectionAdapters::DatabaseStatements#execute_intent'
    /usr/local/bundle/bundler/gems/rails-d0e506f131fa/activesupport/lib/active_support/notifications/instrumenter.rb:86:in 'ActiveSupport::Notifications::Instrumenter#instrument'
    /usr/local/bundle/bundler/gems/rails-d0e506f131fa/activerecord/lib/active_record/connection_adapters/abstract_adapter.rb:1266:in 'ActiveRecord::ConnectionAdapters::AbstractAdapter#log'
    /usr/local/bundle/bundler/gems/rails-d0e506f131fa/activerecord/lib/active_record/connection_adapters/abstract/database_statements.rb:707:in 'ActiveRecord::ConnectionAdapters::DatabaseStatements#execute_intent'
    /usr/local/bundle/bundler/gems/rails-d0e506f131fa/activerecord/lib/active_record/connection_adapters/query_intent.rb:322:in 'ActiveRecord::ConnectionAdapters::QueryIntent#run_query!'
    /usr/local/bundle/bundler/gems/rails-d0e506f131fa/activerecord/lib/active_record/connection_adapters/query_intent.rb:172:in 'ActiveRecord::ConnectionAdapters::QueryIntent#execute!'
    /usr/local/bundle/bundler/gems/rails-d0e506f131fa/activerecord/lib/active_record/connection_adapters/sqlite3/database_statements.rb:86:in 'ActiveRecord::ConnectionAdapters::SQLite3::DatabaseStatements#execute_batch'
    /usr/local/bundle/bundler/gems/rails-d0e506f131fa/activerecord/lib/active_record/connection_adapters/abstract/database_statements.rb:653:in 'block (2 levels) in ActiveRecord::ConnectionAdapters::DatabaseStatements#insert_fixtures_set'
    /usr/local/bundle/bundler/gems/rails-d0e506f131fa/activerecord/lib/active_record/connection_adapters/sqlite3_adapter.rb:316:in 'ActiveRecord::ConnectionAdapters::SQLite3Adapter#disable_referential_integrity'
    /usr/local/bundle/bundler/gems/rails-d0e506f131fa/activerecord/lib/active_record/connection_adapters/abstract/database_statements.rb:652:in 'block in ActiveRecord::ConnectionAdapters::DatabaseStatements#insert_fixtures_set'
    /usr/local/bundle/bundler/gems/rails-d0e506f131fa/activerecord/lib/active_record/connection_adapters/abstract/transaction.rb:650:in 'block in ActiveRecord::ConnectionAdapters::TransactionManager#within_new_transaction'
    /usr/local/bundle/bundler/gems/rails-d0e506f131fa/activesupport/lib/active_support/concurrency/null_lock.rb:9:in 'ActiveSupport::Concurrency::NullLock#synchronize'
    /usr/local/bundle/bundler/gems/rails-d0e506f131fa/activerecord/lib/active_record/connection_adapters/abstract/transaction.rb:647:in 'ActiveRecord::ConnectionAdapters::TransactionManager#within_new_transaction'
    /usr/local/bundle/bundler/gems/rails-d0e506f131fa/activerecord/lib/active_record/connection_adapters/abstract/database_statements.rb:531:in 'ActiveRecord::ConnectionAdapters::DatabaseStatements#within_new_transaction'
    /usr/local/bundle/bundler/gems/rails-d0e506f131fa/activerecord/lib/active_record/connection_adapters/abstract/database_statements.rb:521:in 'ActiveRecord::ConnectionAdapters::DatabaseStatements#transaction'
    /usr/local/bundle/bundler/gems/rails-d0e506f131fa/activerecord/lib/active_record/connection_adapters/abstract/database_statements.rb:651:in 'ActiveRecord::ConnectionAdapters::DatabaseStatements#insert_fixtures_set'
    /usr/local/bundle/bundler/gems/rails-d0e506f131fa/activerecord/lib/active_record/fixtures.rb:695:in 'block (2 levels) in ActiveRecord::FixtureSet.insert'
    /usr/local/bundle/bundler/gems/rails-d0e506f131fa/activerecord/lib/active_record/connection_adapters/abstract/connection_pool.rb:464:in 'ActiveRecord::ConnectionAdapters::ConnectionPool#with_connection'
    /usr/local/bundle/bundler/gems/rails-d0e506f131fa/activerecord/lib/active_record/fixtures.rb:694:in 'block in ActiveRecord::FixtureSet.insert'
    /usr/local/bundle/bundler/gems/rails-d0e506f131fa/activerecord/lib/active_record/fixtures.rb:685:in 'Hash#each'
    /usr/local/bundle/bundler/gems/rails-d0e506f131fa/activerecord/lib/active_record/fixtures.rb:685:in 'ActiveRecord::FixtureSet.insert'
    /usr/local/bundle/bundler/gems/rails-d0e506f131fa/activerecord/lib/active_record/fixtures.rb:671:in 'ActiveRecord::FixtureSet.read_and_insert'
    /usr/local/bundle/bundler/gems/rails-d0e506f131fa/activerecord/lib/active_record/fixtures.rb:616:in 'ActiveRecord::FixtureSet.create_fixtures'
    /usr/local/bundle/bundler/gems/rails-d0e506f131fa/activerecord/lib/active_record/test_fixtures.rb:291:in 'ActiveRecord::TestFixtures#load_fixtures'
    /usr/local/bundle/bundler/gems/rails-d0e506f131fa/activerecord/lib/active_record/test_fixtures.rb:146:in 'ActiveRecord::TestFixtures#setup_fixtures'
    /usr/local/bundle/bundler/gems/rails-d0e506f131fa/activerecord/lib/active_record/test_fixtures.rb:10:in 'ActiveRecord::TestFixtures#before_setup'
    /usr/local/bundle/bundler/gems/rails-d0e506f131fa/activejob/lib/active_job/test_helper.rb:83:in 'ActiveJob::TestHelper#before_setup'
    /usr/local/bundle/bundler/gems/rails-d0e506f131fa/actioncable/lib/action_cable/test_helper.rb:15:in 'ActionCable::TestHelper#before_setup'
    /usr/local/bundle/bundler/gems/rails-d0e506f131fa/activesupport/lib/active_support/testing/setup_and_teardown.rb:82:in 'ActiveSupport::Testing::SetupAndTeardown#before_setup'

Error:
ColumnLimitsTest#test_ActionText::RichText_name_rejects_strings_over_255_characters:
Mocha::NotInitializedError: Mocha::Mockery.teardown called before Mocha::Mockery.setup
    

bin/rails test test/models/column_limits_test.rb:46

E

Error:
ColumnLimitsTest#test_account_name_rejects_256_emoji_characters:
ActiveRecord::NotNullViolation: SQLite3::ConstraintException: NOT NULL constraint failed: accesses.account_id
    /usr/local/bundle/gems/sqlite3-2.9.5-x86_64-linux-gnu/lib/sqlite3/database.rb:337:in 'SQLite3::Database#exec_batch'
    /usr/local/bundle/gems/sqlite3-2.9.5-x86_64-linux-gnu/lib/sqlite3/database.rb:337:in 'SQLite3::Database#execute_batch2'
    /usr/local/bundle/bundler/gems/rails-d0e506f131fa/activerecord/lib/active_record/connection_adapters/sqlite3/database_statements.rb:109:in 'ActiveRecord::ConnectionAdapters::SQLite3::DatabaseStatements#perform_query'
    /usr/local/bundle/bundler/gems/rails-d0e506f131fa/activerecord/lib/active_record/connection_adapters/abstract/database_statements.rb:712:in 'block (2 levels) in ActiveRecord::ConnectionAdapters::DatabaseStatements#execute_intent'
    /usr/local/bundle/bundler/gems/rails-d0e506f131fa/activerecord/lib/active_record/connection_adapters/abstract_adapter.rb:1128:in 'block in ActiveRecord::ConnectionAdapters::AbstractAdapter#with_raw_connection'
    /usr/local/bundle/bundler/gems/rails-d0e506f131fa/activesupport/lib/active_support/concurrency/null_lock.rb:9:in 'ActiveSupport::Concurrency::NullLock#synchronize'
    /usr/local/bundle/bundler/gems/rails-d0e506f131fa/activerecord/lib/active_record/connection_adapters/abstract_adapter.rb:1093:in 'ActiveRecord::ConnectionAdapters::AbstractAdapter#with_raw_connection'
    /usr/local/bundle/bundler/gems/rails-d0e506f131fa/activerecord/lib/active_record/connection_adapters/abstract/database_statements.rb:709:in 'block in ActiveRecord::ConnectionAdapters::DatabaseStatements#execute_intent'
    /usr/local/bundle/bundler/gems/rails-d0e506f131fa/activesupport/lib/active_support/notifications/instrumenter.rb:86:in 'ActiveSupport::Notifications::Instrumenter#instrument'
    /usr/local/bundle/bundler/gems/rails-d0e506f131fa/activerecord/lib/active_record/connection_adapters/abstract_adapter.rb:1266:in 'ActiveRecord::ConnectionAdapters::AbstractAdapter#log'
    /usr/local/bundle/bundler/gems/rails-d0e506f131fa/activerecord/lib/active_record/connection_adapters/abstract/database_statements.rb:707:in 'ActiveRecord::ConnectionAdapters::DatabaseStatements#execute_intent'
    /usr/local/bundle/bundler/gems/rails-d0e506f131fa/activerecord/lib/active_record/connection_adapters/query_intent.rb:322:in 'ActiveRecord::ConnectionAdapters::QueryIntent#run_query!'
    /usr/local/bundle/bundler/gems/rails-d0e506f131fa/activerecord/lib/active_record/connection_adapters/query_intent.rb:172:in 'ActiveRecord::ConnectionAdapters::QueryIntent#execute!'
    /usr/local/bundle/bundler/gems/rails-d0e506f131fa/activerecord/lib/active_record/connection_adapters/sqlite3/database_statements.rb:86:in 'ActiveRecord::ConnectionAdapters::SQLite3::DatabaseStatements#execute_batch'
    /usr/local/bundle/bundler/gems/rails-d0e506f131fa/activerecord/lib/active_record/connection_adapters/abstract/database_statements.rb:653:in 'block (2 levels) in ActiveRecord::ConnectionAdapters::DatabaseStatements#insert_fixtures_set'
    /usr/local/bundle/bundler/gems/rails-d0e506f131fa/activerecord/lib/active_record/connection_adapters/sqlite3_adapter.rb:316:in 'ActiveRecord::ConnectionAdapters::SQLite3Adapter#disable_referential_integrity'
    /usr/local/bundle/bundler/gems/rails-d0e506f131fa/activerecord/lib/active_record/connection_adapters/abstract/database_statements.rb:652:in 'block in ActiveRecord::ConnectionAdapters::DatabaseStatements#insert_fixtures_set'
    /usr/local/bundle/bundler/gems/rails-d0e506f131fa/activerecord/lib/active_record/connection_adapters/abstract/transaction.rb:650:in 'block in ActiveRecord::ConnectionAdapters::TransactionManager#within_new_transaction'
    /usr/local/bundle/bundler/gems/rails-d0e506f131fa/activesupport/lib/active_support/concurrency/null_lock.rb:9:in 'ActiveSupport::Concurrency::NullLock#synchronize'
    /usr/local/bundle/bundler/gems/rails-d0e506f131fa/activerecord/lib/active_record/connection_adapters/abstract/transaction.rb:647:in 'ActiveRecord::ConnectionAdapters::TransactionManager#within_new_transaction'
    /usr/local/bundle/bundler/gems/rails-d0e506f131fa/activerecord/lib/active_record/connection_adapters/abstract/database_statements.rb:531:in 'ActiveRecord::ConnectionAdapters::DatabaseStatements#within_new_transaction'
    /usr/local/bundle/bundler/gems/rails-d0e506f131fa/activerecord/lib/active_record/connection_adapters/abstract/database_statements.rb:521:in 'ActiveRecord::ConnectionAdapters::DatabaseStatements#transaction'
    /usr/local/bundle/bundler/gems/rails-d0e506f131fa/activerecord/lib/active_record/connection_adapters/abstract/database_statements.rb:651:in 'ActiveRecord::ConnectionAdapters::DatabaseStatements#insert_fixtures_set'
    /usr/local/bundle/bundler/gems/rails-d0e506f131fa/activerecord/lib/active_record/fixtures.rb:695:in 'block (2 levels) in ActiveRecord::FixtureSet.insert'
    /usr/local/bundle/bundler/gems/rails-d0e506f131fa/activerecord/lib/active_record/connection_adapters/abstract/connection_pool.rb:464:in 'ActiveRecord::ConnectionAdapters::ConnectionPool#with_connection'
    /usr/local/bundle/bundler/gems/rails-d0e506f131fa/activerecord/lib/active_record/fixtures.rb:694:in 'block in ActiveRecord::FixtureSet.insert'
    /usr/local/bundle/bundler/gems/rails-d0e506f131fa/activerecord/lib/active_record/fixtures.rb:685:in 'Hash#each'
    /usr/local/bundle/bundler/gems/rails-d0e506f131fa/activerecord/lib/active_record/fixtures.rb:685:in 'ActiveRecord::FixtureSet.insert'
    /usr/local/bundle/bundler/gems/rails-d0e506f131fa/activerecord/lib/active_record/fixtures.rb:671:in 'ActiveRecord::FixtureSet.read_and_insert'
    /usr/local/bundle/bundler/gems/rails-d0e506f131fa/activerecord/lib/active_record/fixtures.rb:616:in 'ActiveRecord::FixtureSet.create_fixtures'
    /usr/local/bundle/bundler/gems/rails-d0e506f131fa/activerecord/lib/active_record/test_fixtures.rb:291:in 'ActiveRecord::TestFixtures#load_fixtures'
    /usr/local/bundle/bundler/gems/rails-d0e506f131fa/activerecord/lib/active_record/test_fixtures.rb:146:in 'ActiveRecord::TestFixtures#setup_fixtures'
    /usr/local/bundle/bundler/gems/rails-d0e506f131fa/activerecord/lib/active_record/test_fixtures.rb:10:in 'ActiveRecord::TestFixtures#before_setup'
    /usr/local/bundle/bundler/gems/rails-d0e506f131fa/activejob/lib/active_job/test_helper.rb:83:in 'ActiveJob::TestHelper#before_setup'
    /usr/local/bundle/bundler/gems/rails-d0e506f131fa/actioncable/lib/action_cable/test_helper.rb:15:in 'ActionCable::TestHelper#before_setup'
    /usr/local/bundle/bundler/gems/rails-d0e506f131fa/activesupport/lib/active_support/testing/setup_and_teardown.rb:82:in 'ActiveSupport::Testing::SetupAndTeardown#before_setup'

Error:
ColumnLimitsTest#test_account_name_rejects_256_emoji_characters:
Mocha::NotInitializedError: Mocha::Mockery.teardown called before Mocha::Mockery.setup
    

bin/rails test test/models/column_limits_test.rb:24

E

Error:
ColumnLimitsTest#test_step_content_rejects_text_over_65535_bytes:
ActiveRecord::NotNullViolation: SQLite3::ConstraintException: NOT NULL constraint failed: accesses.account_id
    /usr/local/bundle/gems/sqlite3-2.9.5-x86_64-linux-gnu/lib/sqlite3/database.rb:337:in 'SQLite3::Database#exec_batch'
    /usr/local/bundle/gems/sqlite3-2.9.5-x86_64-linux-gnu/lib/sqlite3/database.rb:337:in 'SQLite3::Database#execute_batch2'
    /usr/local/bundle/bundler/gems/rails-d0e506f131fa/activerecord/lib/active_record/connection_adapters/sqlite3/database_statements.rb:109:in 'ActiveRecord::ConnectionAdapters::SQLite3::DatabaseStatements#perform_query'
    /usr/local/bundle/bundler/gems/rails-d0e506f131fa/activerecord/lib/active_record/connection_adapters/abstract/database_statements.rb:712:in 'block (2 levels) in ActiveRecord::ConnectionAdapters::DatabaseStatements#execute_intent'
    /usr/local/bundle/bundler/gems/rails-d0e506f131fa/activerecord/lib/active_record/connection_adapters/abstract_adapter.rb:1128:in 'block in ActiveRecord::ConnectionAdapters::AbstractAdapter#with_raw_connection'
    /usr/local/bundle/bundler/gems/rails-d0e506f131fa/activesupport/lib/active_support/concurrency/null_lock.rb:9:in 'ActiveSupport::Concurrency::NullLock#synchronize'
    /usr/local/bundle/bundler/gems/rails-d0e506f131fa/activerecord/lib/active_record/connection_adapters/abstract_adapter.rb:1093:in 'ActiveRecord::ConnectionAdapters::AbstractAdapter#with_raw_connection'
    /usr/local/bundle/bundler/gems/rails-d0e506f131fa/activerecord/lib/active_record/connection_adapters/abstract/database_statements.rb:709:in 'block in ActiveRecord::ConnectionAdapters::DatabaseStatements#execute_intent'
    /usr/local/bundle/bundler/gems/rails-d0e506f131fa/activesupport/lib/active_support/notifications/instrumenter.rb:86:in 'ActiveSupport::Notifications::Instrumenter#instrument'
    /usr/local/bundle/bundler/gems/rails-d0e506f131fa/activerecord/lib/active_record/connection_adapters/abstract_adapter.rb:1266:in 'ActiveRecord::ConnectionAdapters::AbstractAdapter#log'
    /usr/local/bundle/bundler/gems/rails-d0e506f131fa/activerecord/lib/active_record/connection_adapters/abstract/database_statements.rb:707:in 'ActiveRecord::ConnectionAdapters::DatabaseStatements#execute_intent'
    /usr/local/bundle/bundler/gems/rails-d0e506f131fa/activerecord/lib/active_record/connection_adapters/query_intent.rb:322:in 'ActiveRecord::ConnectionAdapters::QueryIntent#run_query!'
    /usr/local/bundle/bundler/gems/rails-d0e506f131fa/activerecord/lib/active_record/connection_adapters/query_intent.rb:172:in 'ActiveRecord::ConnectionAdapters::QueryIntent#execute!'
    /usr/local/bundle/bundler/gems/rails-d0e506f131fa/activerecord/lib/active_record/connection_adapters/sqlite3/database_statements.rb:86:in 'ActiveRecord::ConnectionAdapters::SQLite3::DatabaseStatements#execute_batch'
    /usr/local/bundle/bundler/gems/rails-d0e506f131fa/activerecord/lib/active_record/connection_adapters/abstract/database_statements.rb:653:in 'block (2 levels) in ActiveRecord::ConnectionAdapters::DatabaseStatements#insert_fixtures_set'
    /usr/local/bundle/bundler/gems/rails-d0e506f131fa/activerecord/lib/active_record/connection_adapters/sqlite3_adapter.rb:316:in 'ActiveRecord::ConnectionAdapters::SQLite3Adapter#disable_referential_integrity'
    /usr/local/bundle/bundler/gems/rails-d0e506f131fa/activerecord/lib/active_record/connection_adapters/abstract/database_statements.rb:652:in 'block in ActiveRecord::ConnectionAdapters::DatabaseStatements#insert_fixtures_set'
    /usr/local/bundle/bundler/gems/rails-d0e506f131fa/activerecord/lib/active_record/connection_adapters/abstract/transaction.rb:650:in 'block in ActiveRecord::ConnectionAdapters::TransactionManager#within_new_transaction'
    /usr/local/bundle/bundler/gems/rails-d0e506f131fa/activesupport/lib/active_support/concurrency/null_lock.rb:9:in 'ActiveSupport::Concurrency::NullLock#synchronize'
    /usr/local/bundle/bundler/gems/rails-d0e506f131fa/activerecord/lib/active_record/connection_adapters/abstract/transaction.rb:647:in 'ActiveRecord::ConnectionAdapters::TransactionManager#within_new_transaction'
    /usr/local/bundle/bundler/gems/rails-d0e506f131fa/activerecord/lib/active_record/connection_adapters/abstract/database_statements.rb:531:in 'ActiveRecord::ConnectionAdapters::DatabaseStatements#within_new_transaction'
    /usr/local/bundle/bundler/gems/rails-d0e506f131fa/activerecord/lib/active_record/connection_adapters/abstract/database_statements.rb:521:in 'ActiveRecord::ConnectionAdapters::DatabaseStatements#transaction'
    /usr/local/bundle/bundler/gems/rails-d0e506f131fa/activerecord/lib/active_record/connection_adapters/abstract/database_statements.rb:651:in 'ActiveRecord::ConnectionAdapters::DatabaseStatements#insert_fixtures_set'
    /usr/local/bundle/bundler/gems/rails-d0e506f131fa/activerecord/lib/active_record/fixtures.rb:695:in 'block (2 levels) in ActiveRecord::FixtureSet.insert'
    /usr/local/bundle/bundler/gems/rails-d0e506f131fa/activerecord/lib/active_record/connection_adapters/abstract/connection_pool.rb:464:in 'ActiveRecord::ConnectionAdapters::ConnectionPool#with_connection'
    /usr/local/bundle/bundler/gems/rails-d0e506f131fa/activerecord/lib/active_record/fixtures.rb:694:in 'block in ActiveRecord::FixtureSet.insert'
    /usr/local/bundle/bundler/gems/rails-d0e506f131fa/activerecord/lib/active_record/fixtures.rb:685:in 'Hash#each'
    /usr/local/bundle/bundler/gems/rails-d0e506f131fa/activerecord/lib/active_record/fixtures.rb:685:in 'ActiveRecord::FixtureSet.insert'
    /usr/local/bundle/bundler/gems/rails-d0e506f131fa/activerecord/lib/active_record/fixtures.rb:671:in 'ActiveRecord::FixtureSet.read_and_insert'
    /usr/local/bundle/bundler/gems/rails-d0e506f131fa/activerecord/lib/active_record/fixtures.rb:616:in 'ActiveRecord::FixtureSet.create_fixtures'
    /usr/local/bundle/bundler/gems/rails-d0e506f131fa/activerecord/lib/active_record/test_fixtures.rb:291:in 'ActiveRecord::TestFixtures#load_fixtures'
    /usr/local/bundle/bundler/gems/rails-d0e506f131fa/activerecord/lib/active_record/test_fixtures.rb:146:in 'ActiveRecord::TestFixtures#setup_fixtures'
    /usr/local/bundle/bundler/gems/rails-d0e506f131fa/activerecord/lib/active_record/test_fixtures.rb:10:in 'ActiveRecord::TestFixtures#before_setup'
    /usr/local/bundle/bundler/gems/rails-d0e506f131fa/activejob/lib/active_job/test_helper.rb:83:in 'ActiveJob::TestHelper#before_setup'
    /usr/local/bundle/bundler/gems/rails-d0e506f131fa/actioncable/lib/action_cable/test_helper.rb:15:in 'ActionCable::TestHelper#before_setup'
    /usr/local/bundle/bundler/gems/rails-d0e506f131fa/activesupport/lib/active_support/testing/setup_and_teardown.rb:82:in 'ActiveSupport::Testing::SetupAndTeardown#before_setup'

Error:
ColumnLimitsTest#test_step_content_rejects_text_over_65535_bytes:
Mocha::NotInitializedError: Mocha::Mockery.teardown called before Mocha::Mockery.setup
    

bin/rails test test/models/column_limits_test.rb:30

E

Error:
User::SettingsTest#test_changing_the_bundle_email_frequency_will_deliver_pending_bundles:
ActiveRecord::NotNullViolation: SQLite3::ConstraintException: NOT NULL constraint failed: accesses.account_id
    /usr/local/bundle/gems/sqlite3-2.9.5-x86_64-linux-gnu/lib/sqlite3/database.rb:337:in 'SQLite3::Database#exec_batch'
    /usr/local/bundle/gems/sqlite3-2.9.5-x86_64-linux-gnu/lib/sqlite3/database.rb:337:in 'SQLite3::Database#execute_batch2'
    /usr/local/bundle/bundler/gems/rails-d0e506f131fa/activerecord/lib/active_record/connection_adapters/sqlite3/database_statements.rb:109:in 'ActiveRecord::ConnectionAdapters::SQLite3::DatabaseStatements#perform_query'
    /usr/local/bundle/bundler/gems/rails-d0e506f131fa/activerecord/lib/active_record/connection_adapters/abstract/database_statements.rb:712:in 'block (2 levels) in ActiveRecord::ConnectionAdapters::DatabaseStatements#execute_intent'
    /usr/local/bundle/bundler/gems/rails-d0e506f131fa/activerecord/lib/active_record/connection_adapters/abstract_adapter.rb:1128:in 'block in ActiveRecord::ConnectionAdapters::AbstractAdapter#with_raw_connection'
    /usr/local/bundle/bundler/gems/rails-d0e506f131fa/activesupport/lib/active_support/concurrency/null_lock.rb:9:in 'ActiveSupport::Concurrency::NullLock#synchronize'
    /usr/local/bundle/bundler/gems/rails-d0e506f131fa/activerecord/lib/active_record/connection_adapters/abstract_adapter.rb:1093:in 'ActiveRecord::ConnectionAdapters::AbstractAdapter#with_raw_connection'
    /usr/local/bundle/bundler/gems/rails-d0e506f131fa/activerecord/lib/active_record/connection_adapters/abstract/database_statements.rb:709:in 'block in ActiveRecord::ConnectionAdapters::DatabaseStatements#execute_intent'
    /usr/local/bundle/bundler/gems/rails-d0e506f131fa/activesupport/lib/active_support/notifications/instrumenter.rb:86:in 'ActiveSupport::Notifications::Instrumenter#instrument'
    /usr/local/bundle/bundler/gems/rails-d0e506f131fa/activerecord/lib/active_record/connection_adapters/abstract_adapter.rb:1266:in 'ActiveRecord::ConnectionAdapters::AbstractAdapter#log'
    /usr/local/bundle/bundler/gems/rails-d0e506f131fa/activerecord/lib/active_record/connection_adapters/abstract/database_statements.rb:707:in 'ActiveRecord::ConnectionAdapters::DatabaseStatements#execute_intent'
    /usr/local/bundle/bundler/gems/rails-d0e506f131fa/activerecord/lib/active_record/connection_adapters/query_intent.rb:322:in 'ActiveRecord::ConnectionAdapters::QueryIntent#run_query!'
    /usr/local/bundle/bundler/gems/rails-d0e506f131fa/activerecord/lib/active_record/connection_adapters/query_intent.rb:172:in 'ActiveRecord::ConnectionAdapters::QueryIntent#execute!'
    /usr/local/bundle/bundler/gems/rails-d0e506f131fa/activerecord/lib/active_record/connection_adapters/sqlite3/database_statements.rb:86:in 'ActiveRecord::ConnectionAdapters::SQLite3::DatabaseStatements#execute_batch'
    /usr/local/bundle/bundler/gems/rails-d0e506f131fa/activerecord/lib/active_record/connection_adapters/abstract/database_statements.rb:653:in 'block (2 levels) in ActiveRecord::ConnectionAdapters::DatabaseStatements#insert_fixtures_set'
    /usr/local/bundle/bundler/gems/rails-d0e506f131fa/activerecord/lib/active_record/connection_adapters/sqlite3_adapter.rb:316:in 'ActiveRecord::ConnectionAdapters::SQLite3Adapter#disable_referential_integrity'
    /usr/local/bundle/bundler/gems/rails-d0e506f131fa/activerecord/lib/active_record/connection_adapters/abstract/database_statements.rb:652:in 'block in ActiveRecord::ConnectionAdapters::DatabaseStatements#insert_fixtures_set'
    /usr/local/bundle/bundler/gems/rails-d0e506f131fa/activerecord/lib/active_record/connection_adapters/abstract/transaction.rb:650:in 'block in ActiveRecord::ConnectionAdapters::TransactionManager#within_new_transaction'
    /usr/local/bundle/bundler/gems/rails-d0e506f131fa/activesupport/lib/active_support/concurrency/null_lock.rb:9:in 'ActiveSupport::Concurrency::NullLock#synchronize'
    /usr/local/bundle/bundler/gems/rails-d0e506f131fa/activerecord/lib/active_record/connection_adapters/abstract/transaction.rb:647:in 'ActiveRecord::ConnectionAdapters::TransactionManager#within_new_transaction'
    /usr/local/bundle/bundler/gems/rails-d0e506f131fa/activerecord/lib/active_record/connection_adapters/abstract/database_statements.rb:531:in 'ActiveRecord::ConnectionAdapters::DatabaseStatements#within_new_transaction'
    /usr/local/bundle/bundler/gems/rails-d0e506f131fa/activerecord/lib/active_record/connection_adapters/abstract/database_statements.rb:521:in 'ActiveRecord::ConnectionAdapters::DatabaseStatements#transaction'
    /usr/local/bundle/bundler/gems/rails-d0e506f131fa/activerecord/lib/active_record/connection_adapters/abstract/database_statements.rb:651:in 'ActiveRecord::ConnectionAdapters::DatabaseStatements#insert_fixtures_set'
    /usr/local/bundle/bundler/gems/rails-d0e506f131fa/activerecord/lib/active_record/fixtures.rb:695:in 'block (2 levels) in ActiveRecord::FixtureSet.insert'
    /usr/local/bundle/bundler/gems/rails-d0e506f131fa/activerecord/lib/active_record/connection_adapters/abstract/connection_pool.rb:464:in 'ActiveRecord::ConnectionAdapters::ConnectionPool#with_connection'
    /usr/local/bundle/bundler/gems/rails-d0e506f131fa/activerecord/lib/active_record/fixtures.rb:694:in 'block in ActiveRecord::FixtureSet.insert'
    /usr/local/bundle/bundler/gems/rails-d0e506f131fa/activerecord/lib/active_record/fixtures.rb:685:in 'Hash#each'
    /usr/local/bundle/bundler/gems/rails-d0e506f131fa/activerecord/lib/active_record/fixtures.rb:685:in 'ActiveRecord::FixtureSet.insert'
    /usr/local/bundle/bundler/gems/rails-d0e506f131fa/activerecord/lib/active_record/fixtures.rb:671:in 'ActiveRecord::FixtureSet.read_and_insert'
    /usr/local/bundle/bundler/gems/rails-d0e506f131fa/activerecord/lib/active_record/fixtures.rb:616:in 'ActiveRecord::FixtureSet.create_fixtures'
    /usr/local/bundle/bundler/gems/rails-d0e506f131fa/activerecord/lib/active_record/test_fixtures.rb:291:in 'ActiveRecord::TestFixtures#load_fixtures'
    /usr/local/bundle/bundler/gems/rails-d0e506f131fa/activerecord/lib/active_record/test_fixtures.rb:146:in 'ActiveRecord::TestFixtures#setup_fixtures'
    /usr/local/bundle/bundler/gems/rails-d0e506f131fa/activerecord/lib/active_record/test_fixtures.rb:10:in 'ActiveRecord::TestFixtures#before_setup'
    /usr/local/bundle/bundler/gems/rails-d0e506f131fa/activejob/lib/active_job/test_helper.rb:83:in 'ActiveJob::TestHelper#before_setup'
    /usr/local/bundle/bundler/gems/rails-d0e506f131fa/actioncable/lib/action_cable/test_helper.rb:15:in 'ActionCable::TestHelper#before_setup'
    /usr/local/bundle/bundler/gems/rails-d0e506f131fa/activesupport/lib/active_support/testing/setup_and_teardown.rb:82:in 'ActiveSupport::Testing::SetupAndTeardown#before_setup'

Error:
User::SettingsTest#test_changing_the_bundle_email_frequency_will_deliver_pending_bundles:
Mocha::NotInitializedError: Mocha::Mockery.teardown called before Mocha::Mockery.setup
    

bin/rails test test/models/user/settings_test.rb:16

E

Error:
User::SettingsTest#test_bundling_emails?:
ActiveRecord::NotNullViolation: SQLite3::ConstraintException: NOT NULL constraint failed: accesses.account_id
    /usr/local/bundle/gems/sqlite3-2.9.5-x86_64-linux-gnu/lib/sqlite3/database.rb:337:in 'SQLite3::Database#exec_batch'
    /usr/local/bundle/gems/sqlite3-2.9.5-x86_64-linux-gnu/lib/sqlite3/database.rb:337:in 'SQLite3::Database#execute_batch2'
    /usr/local/bundle/bundler/gems/rails-d0e506f131fa/activerecord/lib/active_record/connection_adapters/sqlite3/database_statements.rb:109:in 'ActiveRecord::ConnectionAdapters::SQLite3::DatabaseStatements#perform_query'
    /usr/local/bundle/bundler/gems/rails-d0e506f131fa/activerecord/lib/active_record/connection_adapters/abstract/database_statements.rb:712:in 'block (2 levels) in ActiveRecord::ConnectionAdapters::DatabaseStatements#execute_intent'
    /usr/local/bundle/bundler/gems/rails-d0e506f131fa/activerecord/lib/active_record/connection_adapters/abstract_adapter.rb:1128:in 'block in ActiveRecord::ConnectionAdapters::AbstractAdapter#with_raw_connection'
    /usr/local/bundle/bundler/gems/rails-d0e506f131fa/activesupport/lib/active_support/concurrency/null_lock.rb:9:in 'ActiveSupport::Concurrency::NullLock#synchronize'
    /usr/local/bundle/bundler/gems/rails-d0e506f131fa/activerecord/lib/active_record/connection_adapters/abstract_adapter.rb:1093:in 'ActiveRecord::ConnectionAdapters::AbstractAdapter#with_raw_connection'
    /usr/local/bundle/bundler/gems/rails-d0e506f131fa/activerecord/lib/active_record/connection_adapters/abstract/database_statements.rb:709:in 'block in ActiveRecord::ConnectionAdapters::DatabaseStatements#execute_intent'
    /usr/local/bundle/bundler/gems/rails-d0e506f131fa/activesupport/lib/active_support/notifications/instrumenter.rb:86:in 'ActiveSupport::Notifications::Instrumenter#instrument'
    /usr/local/bundle/bundler/gems/rails-d0e506f131fa/activerecord/lib/active_record/connection_adapters/abstract_adapter.rb:1266:in 'ActiveRecord::ConnectionAdapters::AbstractAdapter#log'
    /usr/local/bundle/bundler/gems/rails-d0e506f131fa/activerecord/lib/active_record/connection_adapters/abstract/database_statements.rb:707:in 'ActiveRecord::ConnectionAdapters::DatabaseStatements#execute_intent'
    /usr/local/bundle/bundler/gems/rails-d0e506f131fa/activerecord/lib/active_record/connection_adapters/query_intent.rb:322:in 'ActiveRecord::ConnectionAdapters::QueryIntent#run_query!'
    /usr/local/bundle/bundler/gems/rails-d0e506f131fa/activerecord/lib/active_record/connection_adapters/query_intent.rb:172:in 'ActiveRecord::ConnectionAdapters::QueryIntent#execute!'
    /usr/local/bundle/bundler/gems/rails-d0e506f131fa/activerecord/lib/active_record/connection_adapters/sqlite3/database_statements.rb:86:in 'ActiveRecord::ConnectionAdapters::SQLite3::DatabaseStatements#execute_batch'
    /usr/local/bundle/bundler/gems/rails-d0e506f131fa/activerecord/lib/active_record/connection_adapters/abstract/database_statements.rb:653:in 'block (2 levels) in ActiveRecord::ConnectionAdapters::DatabaseStatements#insert_fixtures_set'
    /usr/local/bundle/bundler/gems/rails-d0e506f131fa/activerecord/lib/active_record/connection_adapters/sqlite3_adapter.rb:316:in 'ActiveRecord::ConnectionAdapters::SQLite3Adapter#disable_referential_integrity'
    /usr/local/bundle/bundler/gems/rails-d0e506f131fa/activerecord/lib/active_record/connection_adapters/abstract/database_statements.rb:652:in 'block in ActiveRecord::ConnectionAdapters::DatabaseStatements#insert_fixtures_set'
    /usr/local/bundle/bundler/gems/rails-d0e506f131fa/activerecord/lib/active_record/connection_adapters/abstract/transaction.rb:650:in 'block in ActiveRecord::ConnectionAdapters::TransactionManager#within_new_transaction'
    /usr/local/bundle/bundler/gems/rails-d0e506f131fa/activesupport/lib/active_support/concurrency/null_lock.rb:9:in 'ActiveSupport::Concurrency::NullLock#synchronize'
    /usr/local/bundle/bundler/gems/rails-d0e506f131fa/activerecord/lib/active_record/connection_adapters/abstract/transaction.rb:647:in 'ActiveRecord::ConnectionAdapters::TransactionManager#within_new_transaction'
    /usr/local/bundle/bundler/gems/rails-d0e506f131fa/activerecord/lib/active_record/connection_adapters/abstract/database_statements.rb:531:in 'ActiveRecord::ConnectionAdapters::DatabaseStatements#within_new_transaction'
    /usr/local/bundle/bundler/gems/rails-d0e506f131fa/activerecord/lib/active_record/connection_adapters/abstract/database_statements.rb:521:in 'ActiveRecord::ConnectionAdapters::DatabaseStatements#transaction'
    /usr/local/bundle/bundler/gems/rails-d0e506f131fa/activerecord/lib/active_record/connection_adapters/abstract/database_statements.rb:651:in 'ActiveRecord::ConnectionAdapters::DatabaseStatements#insert_fixtures_set'
    /usr/local/bundle/bundler/gems/rails-d0e506f131fa/activerecord/lib/active_record/fixtures.rb:695:in 'block (2 levels) in ActiveRecord::FixtureSet.insert'
    /usr/local/bundle/bundler/gems/rails-d0e506f131fa/activerecord/lib/active_record/connection_adapters/abstract/connection_pool.rb:464:in 'ActiveRecord::ConnectionAdapters::ConnectionPool#with_connection'
    /usr/local/bundle/bundler/gems/rails-d0e506f131fa/activerecord/lib/active_record/fixtures.rb:694:in 'block in ActiveRecord::FixtureSet.insert'
    /usr/local/bundle/bundler/gems/rails-d0e506f131fa/activerecord/lib/active_record/fixtures.rb:685:in 'Hash#each'
    /usr/local/bundle/bundler/gems/rails-d0e506f131fa/activerecord/lib/active_record/fixtures.rb:685:in 'ActiveRecord::FixtureSet.insert'
    /usr/local/bundle/bundler/gems/rails-d0e506f131fa/activerecord/lib/active_record/fixtures.rb:671:in 'ActiveRecord::FixtureSet.read_and_insert'
    /usr/local/bundle/bundler/gems/rails-d0e506f131fa/activerecord/lib/active_record/fixtures.rb:616:in 'ActiveRecord::FixtureSet.create_fixtures'
    /usr/local/bundle/bundler/gems/rails-d0e506f131fa/activerecord/lib/active_record/test_fixtures.rb:291:in 'ActiveRecord::TestFixtures#load_fixtures'
    /usr/local/bundle/bundler/gems/rails-d0e506f131fa/activerecord/lib/active_record/test_fixtures.rb:146:in 'ActiveRecord::TestFixtures#setup_fixtures'
    /usr/local/bundle/bundler/gems/rails-d0e506f131fa/activerecord/lib/active_record/test_fixtures.rb:10:in 'ActiveRecord::TestFixtures#before_setup'
    /usr/local/bundle/bundler/gems/rails-d0e506f131fa/activejob/lib/active_job/test_helper.rb:83:in 'ActiveJob::TestHelper#before_setup'
    /usr/local/bundle/bundler/gems/rails-d0e506f131fa/actioncable/lib/action_cable/test_helper.rb:15:in 'ActionCable::TestHelper#before_setup'
    /usr/local/bundle/bundler/gems/rails-d0e506f131fa/activesupport/lib/active_support/testing/setup_and_teardown.rb:82:in 'ActiveSupport::Testing::SetupAndTeardown#before_setup'

Error:
User::SettingsTest#test_bundling_emails?:
Mocha::NotInitializedError: Mocha::Mockery.teardown called before Mocha::Mockery.setup
    

bin/rails test test/models/user/settings_test.rb:40

E

Error:
Notification::PushableTest#test_push_skips_targets_for_cancelled_accounts:
ActiveRecord::NotNullViolation: SQLite3::ConstraintException: NOT NULL constraint failed: accesses.account_id
    /usr/local/bundle/gems/sqlite3-2.9.5-x86_64-linux-gnu/lib/sqlite3/database.rb:337:in 'SQLite3::Database#exec_batch'
    /usr/local/bundle/gems/sqlite3-2.9.5-x86_64-linux-gnu/lib/sqlite3/database.rb:337:in 'SQLite3::Database#execute_batch2'
    /usr/local/bundle/bundler/gems/rails-d0e506f131fa/activerecord/lib/active_record/connection_adapters/sqlite3/database_statements.rb:109:in 'ActiveRecord::ConnectionAdapters::SQLite3::DatabaseStatements#perform_query'
    /usr/local/bundle/bundler/gems/rails-d0e506f131fa/activerecord/lib/active_record/connection_adapters/abstract/database_statements.rb:712:in 'block (2 levels) in ActiveRecord::ConnectionAdapters::DatabaseStatements#execute_intent'
    /usr/local/bundle/bundler/gems/rails-d0e506f131fa/activerecord/lib/active_record/connection_adapters/abstract_adapter.rb:1128:in 'block in ActiveRecord::ConnectionAdapters::AbstractAdapter#with_raw_connection'
    /usr/local/bundle/bundler/gems/rails-d0e506f131fa/activesupport/lib/active_support/concurrency/null_lock.rb:9:in 'ActiveSupport::Concurrency::NullLock#synchronize'
    /usr/local/bundle/bundler/gems/rails-d0e506f131fa/activerecord/lib/active_record/connection_adapters/abstract_adapter.rb:1093:in 'ActiveRecord::ConnectionAdapters::AbstractAdapter#with_raw_connection'
    /usr/local/bundle/bundler/gems/rails-d0e506f131fa/activerecord/lib/active_record/connection_adapters/abstract/database_statements.rb:709:in 'block in ActiveRecord::ConnectionAdapters::DatabaseStatements#execute_intent'
    /usr/local/bundle/bundler/gems/rails-d0e506f131fa/activesupport/lib/active_support/notifications/instrumenter.rb:86:in 'ActiveSupport::Notifications::Instrumenter#instrument'
    /usr/local/bundle/bundler/gems/rails-d0e506f131fa/activerecord/lib/active_record/connection_adapters/abstract_adapter.rb:1266:in 'ActiveRecord::ConnectionAdapters::AbstractAdapter#log'
    /usr/local/bundle/bundler/gems/rails-d0e506f131fa/activerecord/lib/active_record/connection_adapters/abstract/database_statements.rb:707:in 'ActiveRecord::ConnectionAdapters::DatabaseStatements#execute_intent'
    /usr/local/bundle/bundler/gems/rails-d0e506f131fa/activerecord/lib/active_record/connection_adapters/query_intent.rb:322:in 'ActiveRecord::ConnectionAdapters::QueryIntent#run_query!'
    /usr/local/bundle/bundler/gems/rails-d0e506f131fa/activerecord/lib/active_record/connection_adapters/query_intent.rb:172:in 'ActiveRecord::ConnectionAdapters::QueryIntent#execute!'
    /usr/local/bundle/bundler/gems/rails-d0e506f131fa/activerecord/lib/active_record/connection_adapters/sqlite3/database_statements.rb:86:in 'ActiveRecord::ConnectionAdapters::SQLite3::DatabaseStatements#execute_batch'
    /usr/local/bundle/bundler/gems/rails-d0e506f131fa/activerecord/lib/active_record/connection_adapters/abstract/database_statements.rb:653:in 'block (2 levels) in ActiveRecord::ConnectionAdapters::DatabaseStatements#insert_fixtures_set'
    /usr/local/bundle/bundler/gems/rails-d0e506f131fa/activerecord/lib/active_record/connection_adapters/sqlite3_adapter.rb:316:in 'ActiveRecord::ConnectionAdapters::SQLite3Adapter#disable_referential_integrity'
    /usr/local/bundle/bundler/gems/rails-d0e506f131fa/activerecord/lib/active_record/connection_adapters/abstract/database_statements.rb:652:in 'block in ActiveRecord::ConnectionAdapters::DatabaseStatements#insert_fixtures_set'
    /usr/local/bundle/bundler/gems/rails-d0e506f131fa/activerecord/lib/active_record/connection_adapters/abstract/transaction.rb:650:in 'block in ActiveRecord::ConnectionAdapters::TransactionManager#within_new_transaction'
    /usr/local/bundle/bundler/gems/rails-d0e506f131fa/activesupport/lib/active_support/concurrency/null_lock.rb:9:in 'ActiveSupport::Concurrency::NullLock#synchronize'
    /usr/local/bundle/bundler/gems/rails-d0e506f131fa/activerecord/lib/active_record/connection_adapters/abstract/transaction.rb:647:in 'ActiveRecord::ConnectionAdapters::TransactionManager#within_new_transaction'
    /usr/local/bundle/bundler/gems/rails-d0e506f131fa/activerecord/lib/active_record/connection_adapters/abstract/database_statements.rb:531:in 'ActiveRecord::ConnectionAdapters::DatabaseStatements#within_new_transaction'
    /usr/local/bundle/bundler/gems/rails-d0e506f131fa/activerecord/lib/active_record/connection_adapters/abstract/database_statements.rb:521:in 'ActiveRecord::ConnectionAdapters::DatabaseStatements#transaction'
    /usr/local/bundle/bundler/gems/rails-d0e506f131fa/activerecord/lib/active_record/connection_adapters/abstract/database_statements.rb:651:in 'ActiveRecord::ConnectionAdapters::DatabaseStatements#insert_fixtures_set'
    /usr/local/bundle/bundler/gems/rails-d0e506f131fa/activerecord/lib/active_record/fixtures.rb:695:in 'block (2 levels) in ActiveRecord::FixtureSet.insert'
    /usr/local/bundle/bundler/gems/rails-d0e506f131fa/activerecord/lib/active_record/connection_adapters/abstract/connection_pool.rb:464:in 'ActiveRecord::ConnectionAdapters::ConnectionPool#with_connection'
    /usr/local/bundle/bundler/gems/rails-d0e506f131fa/activerecord/lib/active_record/fixtures.rb:694:in 'block in ActiveRecord::FixtureSet.insert'
    /usr/local/bundle/bundler/gems/rails-d0e506f131fa/activerecord/lib/active_record/fixtures.rb:685:in 'Hash#each'
    /usr/local/bundle/bundler/gems/rails-d0e506f131fa/activerecord/lib/active_record/fixtures.rb:685:in 'ActiveRecord::FixtureSet.insert'
    /usr/local/bundle/bundler/gems/rails-d0e506f131fa/activerecord/lib/active_record/fixtures.rb:671:in 'ActiveRecord::FixtureSet.read_and_insert'
    /usr/local/bundle/bundler/gems/rails-d0e506f131fa/activerecord/lib/active_record/fixtures.rb:616:in 'ActiveRecord::FixtureSet.create_fixtures'
    /usr/local/bundle/bundler/gems/rails-d0e506f131fa/activerecord/lib/active_record/test_fixtures.rb:291:in 'ActiveRecord::TestFixtures#load_fixtures'
    /usr/local/bundle/bundler/gems/rails-d0e506f131fa/activerecord/lib/active_record/test_fixtures.rb:146:in 'ActiveRecord::TestFixtures#setup_fixtures'
    /usr/local/bundle/bundler/gems/rails-d0e506f131fa/activerecord/lib/active_record/test_fixtures.rb:10:in 'ActiveRecord::TestFixtures#before_setup'
    /usr/local/bundle/bundler/gems/rails-d0e506f131fa/activejob/lib/active_job/test_helper.rb:83:in 'ActiveJob::TestHelper#before_setup'
    /usr/local/bundle/bundler/gems/rails-d0e506f131fa/actioncable/lib/action_cable/test_helper.rb:15:in 'ActionCable::TestHelper#before_setup'
    /usr/local/bundle/bundler/gems/rails-d0e506f131fa/activesupport/lib/active_support/testing/setup_and_teardown.rb:82:in 'ActiveSupport::Testing::SetupAndTeardown#before_setup'

Error:
Notification::PushableTest#test_push_skips_targets_for_cancelled_accounts:
Mocha::NotInitializedError: Mocha::Mockery.teardown called before Mocha::Mockery.setup
    

bin/rails test test/models/notification/pushable_test.rb:84

E

Error:
Notification::PushableTest#test_push_later_is_called_when_notification_source_changes:
ActiveRecord::NotNullViolation: SQLite3::ConstraintException: NOT NULL constraint failed: accesses.account_id
    /usr/local/bundle/gems/sqlite3-2.9.5-x86_64-linux-gnu/lib/sqlite3/database.rb:337:in 'SQLite3::Database#exec_batch'
    /usr/local/bundle/gems/sqlite3-2.9.5-x86_64-linux-gnu/lib/sqlite3/database.rb:337:in 'SQLite3::Database#execute_batch2'
    /usr/local/bundle/bundler/gems/rails-d0e506f131fa/activerecord/lib/active_record/connection_adapters/sqlite3/database_statements.rb:109:in 'ActiveRecord::ConnectionAdapters::SQLite3::DatabaseStatements#perform_query'
    /usr/local/bundle/bundler/gems/rails-d0e506f131fa/activerecord/lib/active_record/connection_adapters/abstract/database_statements.rb:712:in 'block (2 levels) in ActiveRecord::ConnectionAdapters::DatabaseStatements#execute_intent'
    /usr/local/bundle/bundler/gems/rails-d0e506f131fa/activerecord/lib/active_record/connection_adapters/abstract_adapter.rb:1128:in 'block in ActiveRecord::ConnectionAdapters::AbstractAdapter#with_raw_connection'
    /usr/local/bundle/bundler/gems/rails-d0e506f131fa/activesupport/lib/active_support/concurrency/null_lock.rb:9:in 'ActiveSupport::Concurrency::NullLock#synchronize'
    /usr/local/bundle/bundler/gems/rails-d0e506f131fa/activerecord/lib/active_record/connection_adapters/abstract_adapter.rb:1093:in 'ActiveRecord::ConnectionAdapters::AbstractAdapter#with_raw_connection'
    /usr/local/bundle/bundler/gems/rails-d0e506f131fa/activerecord/lib/active_record/connection_adapters/abstract/database_statements.rb:709:in 'block in ActiveRecord::ConnectionAdapters::DatabaseStatements#execute_intent'
    /usr/local/bundle/bundler/gems/rails-d0e506f131fa/activesupport/lib/active_support/notifications/instrumenter.rb:86:in 'ActiveSupport::Notifications::Instrumenter#instrument'
    /usr/local/bundle/bundler/gems/rails-d0e506f131fa/activerecord/lib/active_record/connection_adapters/abstract_adapter.rb:1266:in 'ActiveRecord::ConnectionAdapters::AbstractAdapter#log'
    /usr/local/bundle/bundler/gems/rails-d0e506f131fa/activerecord/lib/active_record/connection_adapters/abstract/database_statements.rb:707:in 'ActiveRecord::ConnectionAdapters::DatabaseStatements#execute_intent'
    /usr/local/bundle/bundler/gems/rails-d0e506f131fa/activerecord/lib/active_record/connection_adapters/query_intent.rb:322:in 'ActiveRecord::ConnectionAdapters::QueryIntent#run_query!'
    /usr/local/bundle/bundler/gems/rails-d0e506f131fa/activerecord/lib/active_record/connection_adapters/query_intent.rb:172:in 'ActiveRecord::ConnectionAdapters::QueryIntent#execute!'
    /usr/local/bundle/bundler/gems/rails-d0e506f131fa/activerecord/lib/active_record/connection_adapters/sqlite3/database_statements.rb:86:in 'ActiveRecord::ConnectionAdapters::SQLite3::DatabaseStatements#execute_batch'
    /usr/local/bundle/bundler/gems/rails-d0e506f131fa/activerecord/lib/active_record/connection_adapters/abstract/database_statements.rb:653:in 'block (2 levels) in ActiveRecord::ConnectionAdapters::DatabaseStatements#insert_fixtures_set'
    /usr/local/bundle/bundler/gems/rails-d0e506f131fa/activerecord/lib/active_record/connection_adapters/sqlite3_adapter.rb:316:in 'ActiveRecord::ConnectionAdapters::SQLite3Adapter#disable_referential_integrity'
    /usr/local/bundle/bundler/gems/rails-d0e506f131fa/activerecord/lib/active_record/connection_adapters/abstract/database_statements.rb:652:in 'block in ActiveRecord::ConnectionAdapters::DatabaseStatements#insert_fixtures_set'
    /usr/local/bundle/bundler/gems/rails-d0e506f131fa/activerecord/lib/active_record/connection_adapters/abstract/transaction.rb:650:in 'block in ActiveRecord::ConnectionAdapters::TransactionManager#within_new_transaction'
    /usr/local/bundle/bundler/gems/rails-d0e506f131fa/activesupport/lib/active_support/concurrency/null_lock.rb:9:in 'ActiveSupport::Concurrency::NullLock#synchronize'
    /usr/local/bundle/bundler/gems/rails-d0e506f131fa/activerecord/lib/active_record/connection_adapters/abstract/transaction.rb:647:in 'ActiveRecord::ConnectionAdapters::TransactionManager#within_new_transaction'
    /usr/local/bundle/bundler/gems/rails-d0e506f131fa/activerecord/lib/active_record/connection_adapters/abstract/database_statements.rb:531:in 'ActiveRecord::ConnectionAdapters::DatabaseStatements#within_new_transaction'
    /usr/local/bundle/bundler/gems/rails-d0e506f131fa/activerecord/lib/active_record/connection_adapters/abstract/database_statements.rb:521:in 'ActiveRecord::ConnectionAdapters::DatabaseStatements#transaction'
    /usr/local/bundle/bundler/gems/rails-d0e506f131fa/activerecord/lib/active_record/connection_adapters/abstract/database_statements.rb:651:in 'ActiveRecord::ConnectionAdapters::DatabaseStatements#insert_fixtures_set'
    /usr/local/bundle/bundler/gems/rails-d0e506f131fa/activerecord/lib/active_record/fixtures.rb:695:in 'block (2 levels) in ActiveRecord::FixtureSet.insert'
    /usr/local/bundle/bundler/gems/rails-d0e506f131fa/activerecord/lib/active_record/connection_adapters/abstract/connection_pool.rb:464:in 'ActiveRecord::ConnectionAdapters::ConnectionPool#with_connection'
    /usr/local/bundle/bundler/gems/rails-d0e506f131fa/activerecord/lib/active_record/fixtures.rb:694:in 'block in ActiveRecord::FixtureSet.insert'
    /usr/local/bundle/bundler/gems/rails-d0e506f131fa/activerecord/lib/active_record/fixtures.rb:685:in 'Hash#each'
    /usr/local/bundle/bundler/gems/rails-d0e506f131fa/activerecord/lib/active_record/fixtures.rb:685:in 'ActiveRecord::FixtureSet.insert'
    /usr/local/bundle/bundler/gems/rails-d0e506f131fa/activerecord/lib/active_record/fixtures.rb:671:in 'ActiveRecord::FixtureSet.read_and_insert'
    /usr/local/bundle/bundler/gems/rails-d0e506f131fa/activerecord/lib/active_record/fixtures.rb:616:in 'ActiveRecord::FixtureSet.create_fixtures'
    /usr/local/bundle/bundler/gems/rails-d0e506f131fa/activerecord/lib/active_record/test_fixtures.rb:291:in 'ActiveRecord::TestFixtures#load_fixtures'
    /usr/local/bundle/bundler/gems/rails-d0e506f131fa/activerecord/lib/active_record/test_fixtures.rb:146:in 'ActiveRecord::TestFixtures#setup_fixtures'
    /usr/local/bundle/bundler/gems/rails-d0e506f131fa/activerecord/lib/active_record/test_fixtures.rb:10:in 'ActiveRecord::TestFixtures#before_setup'
    /usr/local/bundle/bundler/gems/rails-d0e506f131fa/activejob/lib/active_job/test_helper.rb:83:in 'ActiveJob::TestHelper#before_setup'
    /usr/local/bundle/bundler/gems/rails-d0e506f131fa/actioncable/lib/action_cable/test_helper.rb:15:in 'ActionCable::TestHelper#before_setup'
    /usr/local/bundle/bundler/gems/rails-d0e506f131fa/activesupport/lib/active_support/testing/setup_and_teardown.rb:82:in 'ActiveSupport::Testing::SetupAndTeardown#before_setup'

Error:
Notification::PushableTest#test_push_later_is_called_when_notification_source_changes:
Mocha::NotInitializedError: Mocha::Mockery.teardown called before Mocha::Mockery.setup
    

bin/rails test test/models/notification/pushable_test.rb:36

E

Error:
Notification::PushableTest#test_push_later_enqueues_Notification::PushJob:
ActiveRecord::NotNullViolation: SQLite3::ConstraintException: NOT NULL constraint failed: accesses.account_id
    /usr/local/bundle/gems/sqlite3-2.9.5-x86_64-linux-gnu/lib/sqlite3/database.rb:337:in 'SQLite3::Database#exec_batch'
    /usr/local/bundle/gems/sqlite3-2.9.5-x86_64-linux-gnu/lib/sqlite3/database.rb:337:in 'SQLite3::Database#execute_batch2'
    /usr/local/bundle/bundler/gems/rails-d0e506f131fa/activerecord/lib/active_record/connection_adapters/sqlite3/database_statements.rb:109:in 'ActiveRecord::ConnectionAdapters::SQLite3::DatabaseStatements#perform_query'
    /usr/local/bundle/bundler/gems/rails-d0e506f131fa/activerecord/lib/active_record/connection_adapters/abstract/database_statements.rb:712:in 'block (2 levels) in ActiveRecord::ConnectionAdapters::DatabaseStatements#execute_intent'
    /usr/local/bundle/bundler/gems/rails-d0e506f131fa/activerecord/lib/active_record/connection_adapters/abstract_adapter.rb:1128:in 'block in ActiveRecord::ConnectionAdapters::AbstractAdapter#with_raw_connection'
    /usr/local/bundle/bundler/gems/rails-d0e506f131fa/activesupport/lib/active_support/concurrency/null_lock.rb:9:in 'ActiveSupport::Concurrency::NullLock#synchronize'
    /usr/local/bundle/bundler/gems/rails-d0e506f131fa/activerecord/lib/active_record/connection_adapters/abstract_adapter.rb:1093:in 'ActiveRecord::ConnectionAdapters::AbstractAdapter#with_raw_connection'
    /usr/local/bundle/bundler/gems/rails-d0e506f131fa/activerecord/lib/active_record/connection_adapters/abstract/database_statements.rb:709:in 'block in ActiveRecord::ConnectionAdapters::DatabaseStatements#execute_intent'
    /usr/local/bundle/bundler/gems/rails-d0e506f131fa/activesupport/lib/active_support/notifications/instrumenter.rb:86:in 'ActiveSupport::Notifications::Instrumenter#instrument'
    /usr/local/bundle/bundler/gems/rails-d0e506f131fa/activerecord/lib/active_record/connection_adapters/abstract_adapter.rb:1266:in 'ActiveRecord::ConnectionAdapters::AbstractAdapter#log'
    /usr/local/bundle/bundler/gems/rails-d0e506f131fa/activerecord/lib/active_record/connection_adapters/abstract/database_statements.rb:707:in 'ActiveRecord::ConnectionAdapters::DatabaseStatements#execute_intent'
    /usr/local/bundle/bundler/gems/rails-d0e506f131fa/activerecord/lib/active_record/connection_adapters/query_intent.rb:322:in 'ActiveRecord::ConnectionAdapters::QueryIntent#run_query!'
    /usr/local/bundle/bundler/gems/rails-d0e506f131fa/activerecord/lib/active_record/connection_adapters/query_intent.rb:172:in 'ActiveRecord::ConnectionAdapters::QueryIntent#execute!'
    /usr/local/bundle/bundler/gems/rails-d0e506f131fa/activerecord/lib/active_record/connection_adapters/sqlite3/database_statements.rb:86:in 'ActiveRecord::ConnectionAdapters::SQLite3::DatabaseStatements#execute_batch'
    /usr/local/bundle/bundler/gems/rails-d0e506f131fa/activerecord/lib/active_record/connection_adapters/abstract/database_statements.rb:653:in 'block (2 levels) in ActiveRecord::ConnectionAdapters::DatabaseStatements#insert_fixtures_set'
    /usr/local/bundle/bundler/gems/rails-d0e506f131fa/activerecord/lib/active_record/connection_adapters/sqlite3_adapter.rb:316:in 'ActiveRecord::ConnectionAdapters::SQLite3Adapter#disable_referential_integrity'
    /usr/local/bundle/bundler/gems/rails-d0e506f131fa/activerecord/lib/active_record/connection_adapters/abstract/database_statements.rb:652:in 'block in ActiveRecord::ConnectionAdapters::DatabaseStatements#insert_fixtures_set'
    /usr/local/bundle/bundler/gems/rails-d0e506f131fa/activerecord/lib/active_record/connection_adapters/abstract/transaction.rb:650:in 'block in ActiveRecord::ConnectionAdapters::TransactionManager#within_new_transaction'
    /usr/local/bundle/bundler/gems/rails-d0e506f131fa/activesupport/lib/active_support/concurrency/null_lock.rb:9:in 'ActiveSupport::Concurrency::NullLock#synchronize'
    /usr/local/bundle/bundler/gems/rails-d0e506f131fa/activerecord/lib/active_record/connection_adapters/abstract/transaction.rb:647:in 'ActiveRecord::ConnectionAdapters::TransactionManager#within_new_transaction'
    /usr/local/bundle/bundler/gems/rails-d0e506f131fa/activerecord/lib/active_record/connection_adapters/abstract/database_statements.rb:531:in 'ActiveRecord::ConnectionAdapters::DatabaseStatements#within_new_transaction'
    /usr/local/bundle/bundler/gems/rails-d0e506f131fa/activerecord/lib/active_record/connection_adapters/abstract/database_statements.rb:521:in 'ActiveRecord::ConnectionAdapters::DatabaseStatements#transaction'
    /usr/local/bundle/bundler/gems/rails-d0e506f131fa/activerecord/lib/active_record/connection_adapters/abstract/database_statements.rb:651:in 'ActiveRecord::ConnectionAdapters::DatabaseStatements#insert_fixtures_set'
    /usr/local/bundle/bundler/gems/rails-d0e506f131fa/activerecord/lib/active_record/fixtures.rb:695:in 'block (2 levels) in ActiveRecord::FixtureSet.insert'
    /usr/local/bundle/bundler/gems/rails-d0e506f131fa/activerecord/lib/active_record/connection_adapters/abstract/connection_pool.rb:464:in 'ActiveRecord::ConnectionAdapters::ConnectionPool#with_connection'
    /usr/local/bundle/bundler/gems/rails-d0e506f131fa/activerecord/lib/active_record/fixtures.rb:694:in 'block in ActiveRecord::FixtureSet.insert'
    /usr/local/bundle/bundler/gems/rails-d0e506f131fa/activerecord/lib/active_record/fixtures.rb:685:in 'Hash#each'
    /usr/local/bundle/bundler/gems/rails-d0e506f131fa/activerecord/lib/active_record/fixtures.rb:685:in 'ActiveRecord::FixtureSet.insert'
    /usr/local/bundle/bundler/gems/rails-d0e506f131fa/activerecord/lib/active_record/fixtures.rb:671:in 'ActiveRecord::FixtureSet.read_and_insert'
    /usr/local/bundle/bundler/gems/rails-d0e506f131fa/activerecord/lib/active_record/fixtures.rb:616:in 'ActiveRecord::FixtureSet.create_fixtures'
    /usr/local/bundle/bundler/gems/rails-d0e506f131fa/activerecord/lib/active_record/test_fixtures.rb:291:in 'ActiveRecord::TestFixtures#load_fixtures'
    /usr/local/bundle/bundler/gems/rails-d0e506f131fa/activerecord/lib/active_record/test_fixtures.rb:146:in 'ActiveRecord::TestFixtures#setup_fixtures'
    /usr/local/bundle/bundler/gems/rails-d0e506f131fa/activerecord/lib/active_record/test_fixtures.rb:10:in 'ActiveRecord::TestFixtures#before_setup'
    /usr/local/bundle/bundler/gems/rails-d0e506f131fa/activejob/lib/active_job/test_helper.rb:83:in 'ActiveJob::TestHelper#before_setup'
    /usr/local/bundle/bundler/gems/rails-d0e506f131fa/actioncable/lib/action_cable/test_helper.rb:15:in 'ActionCable::TestHelper#before_setup'
    /usr/local/bundle/bundler/gems/rails-d0e506f131fa/activesupport/lib/active_support/testing/setup_and_teardown.rb:82:in 'ActiveSupport::Testing::SetupAndTeardown#before_setup'

Error:
Notification::PushableTest#test_push_later_enqueues_Notification::PushJob:
Mocha::NotInitializedError: Mocha::Mockery.teardown called before Mocha::Mockery.setup
    

bin/rails test test/models/notification/pushable_test.rb:9

E

Error:
Notification::PushableTest#test_push_later_is_called_after_notification_is_created:
ActiveRecord::NotNullViolation: SQLite3::ConstraintException: NOT NULL constraint failed: accesses.account_id
    /usr/local/bundle/gems/sqlite3-2.9.5-x86_64-linux-gnu/lib/sqlite3/database.rb:337:in 'SQLite3::Database#exec_batch'
    /usr/local/bundle/gems/sqlite3-2.9.5-x86_64-linux-gnu/lib/sqlite3/database.rb:337:in 'SQLite3::Database#execute_batch2'
    /usr/local/bundle/bundler/gems/rails-d0e506f131fa/activerecord/lib/active_record/connection_adapters/sqlite3/database_statements.rb:109:in 'ActiveRecord::ConnectionAdapters::SQLite3::DatabaseStatements#perform_query'
    /usr/local/bundle/bundler/gems/rails-d0e506f131fa/activerecord/lib/active_record/connection_adapters/abstract/database_statements.rb:712:in 'block (2 levels) in ActiveRecord::ConnectionAdapters::DatabaseStatements#execute_intent'
    /usr/local/bundle/bundler/gems/rails-d0e506f131fa/activerecord/lib/active_record/connection_adapters/abstract_adapter.rb:1128:in 'block in ActiveRecord::ConnectionAdapters::AbstractAdapter#with_raw_connection'
    /usr/local/bundle/bundler/gems/rails-d0e506f131fa/activesupport/lib/active_support/concurrency/null_lock.rb:9:in 'ActiveSupport::Concurrency::NullLock#synchronize'
    /usr/local/bundle/bundler/gems/rails-d0e506f131fa/activerecord/lib/active_record/connection_adapters/abstract_adapter.rb:1093:in 'ActiveRecord::ConnectionAdapters::AbstractAdapter#with_raw_connection'
    /usr/local/bundle/bundler/gems/rails-d0e506f131fa/activerecord/lib/active_record/connection_adapters/abstract/database_statements.rb:709:in 'block in ActiveRecord::ConnectionAdapters::DatabaseStatements#execute_intent'
    /usr/local/bundle/bundler/gems/rails-d0e506f131fa/activesupport/lib/active_support/notifications/instrumenter.rb:86:in 'ActiveSupport::Notifications::Instrumenter#instrument'
    /usr/local/bundle/bundler/gems/rails-d0e506f131fa/activerecord/lib/active_record/connection_adapters/abstract_adapter.rb:1266:in 'ActiveRecord::ConnectionAdapters::AbstractAdapter#log'
    /usr/local/bundle/bundler/gems/rails-d0e506f131fa/activerecord/lib/active_record/connection_adapters/abstract/database_statements.rb:707:in 'ActiveRecord::ConnectionAdapters::DatabaseStatements#execute_intent'
    /usr/local/bundle/bundler/gems/rails-d0e506f131fa/activerecord/lib/active_record/connection_adapters/query_intent.rb:322:in 'ActiveRecord::ConnectionAdapters::QueryIntent#run_query!'
    /usr/local/bundle/bundler/gems/rails-d0e506f131fa/activerecord/lib/active_record/connection_adapters/query_intent.rb:172:in 'ActiveRecord::ConnectionAdapters::QueryIntent#execute!'
    /usr/local/bundle/bundler/gems/rails-d0e506f131fa/activerecord/lib/active_record/connection_adapters/sqlite3/database_statements.rb:86:in 'ActiveRecord::ConnectionAdapters::SQLite3::DatabaseStatements#execute_batch'
    /usr/local/bundle/bundler/gems/rails-d0e506f131fa/activerecord/lib/active_record/connection_adapters/abstract/database_statements.rb:653:in 'block (2 levels) in ActiveRecord::ConnectionAdapters::DatabaseStatements#insert_fixtures_set'
    /usr/local/bundle/bundler/gems/rails-d0e506f131fa/activerecord/lib/active_record/connection_adapters/sqlite3_adapter.rb:316:in 'ActiveRecord::ConnectionAdapters::SQLite3Adapter#disable_referential_integrity'
    /usr/local/bundle/bundler/gems/rails-d0e506f131fa/activerecord/lib/active_record/connection_adapters/abstract/database_statements.rb:652:in 'block in ActiveRecord::ConnectionAdapters::DatabaseStatements#insert_fixtures_set'
    /usr/local/bundle/bundler/gems/rails-d0e506f131fa/activerecord/lib/active_record/connection_adapters/abstract/transaction.rb:650:in 'block in ActiveRecord::ConnectionAdapters::TransactionManager#within_new_transaction'
    /usr/local/bundle/bundler/gems/rails-d0e506f131fa/activesupport/lib/active_support/concurrency/null_lock.rb:9:in 'ActiveSupport::Concurrency::NullLock#synchronize'
    /usr/local/bundle/bundler/gems/rails-d0e506f131fa/activerecord/lib/active_record/connection_adapters/abstract/transaction.rb:647:in 'ActiveRecord::ConnectionAdapters::TransactionManager#within_new_transaction'
    /usr/local/bundle/bundler/gems/rails-d0e506f131fa/activerecord/lib/active_record/connection_adapters/abstract/database_statements.rb:531:in 'ActiveRecord::ConnectionAdapters::DatabaseStatements#within_new_transaction'
    /usr/local/bundle/bundler/gems/rails-d0e506f131fa/activerecord/lib/active_record/connection_adapters/abstract/database_statements.rb:521:in 'ActiveRecord::ConnectionAdapters::DatabaseStatements#transaction'
    /usr/local/bundle/bundler/gems/rails-d0e506f131fa/activerecord/lib/active_record/connection_adapters/abstract/database_statements.rb:651:in 'ActiveRecord::ConnectionAdapters::DatabaseStatements#insert_fixtures_set'
    /usr/local/bundle/bundler/gems/rails-d0e506f131fa/activerecord/lib/active_record/fixtures.rb:695:in 'block (2 levels) in ActiveRecord::FixtureSet.insert'
    /usr/local/bundle/bundler/gems/rails-d0e506f131fa/activerecord/lib/active_record/connection_adapters/abstract/connection_pool.rb:464:in 'ActiveRecord::ConnectionAdapters::ConnectionPool#with_connection'
    /usr/local/bundle/bundler/gems/rails-d0e506f131fa/activerecord/lib/active_record/fixtures.rb:694:in 'block in ActiveRecord::FixtureSet.insert'
    /usr/local/bundle/bundler/gems/rails-d0e506f131fa/activerecord/lib/active_record/fixtures.rb:685:in 'Hash#each'
    /usr/local/bundle/bundler/gems/rails-d0e506f131fa/activerecord/lib/active_record/fixtures.rb:685:in 'ActiveRecord::FixtureSet.insert'
    /usr/local/bundle/bundler/gems/rails-d0e506f131fa/activerecord/lib/active_record/fixtures.rb:671:in 'ActiveRecord::FixtureSet.read_and_insert'
    /usr/local/bundle/bundler/gems/rails-d0e506f131fa/activerecord/lib/active_record/fixtures.rb:616:in 'ActiveRecord::FixtureSet.create_fixtures'
    /usr/local/bundle/bundler/gems/rails-d0e506f131fa/activerecord/lib/active_record/test_fixtures.rb:291:in 'ActiveRecord::TestFixtures#load_fixtures'
    /usr/local/bundle/bundler/gems/rails-d0e506f131fa/activerecord/lib/active_record/test_fixtures.rb:146:in 'ActiveRecord::TestFixtures#setup_fixtures'
    /usr/local/bundle/bundler/gems/rails-d0e506f131fa/activerecord/lib/active_record/test_fixtures.rb:10:in 'ActiveRecord::TestFixtures#before_setup'
    /usr/local/bundle/bundler/gems/rails-d0e506f131fa/activejob/lib/active_job/test_helper.rb:83:in 'ActiveJob::TestHelper#before_setup'
    /usr/local/bundle/bundler/gems/rails-d0e506f131fa/actioncable/lib/action_cable/test_helper.rb:15:in 'ActionCable::TestHelper#before_setup'
    /usr/local/bundle/bundler/gems/rails-d0e506f131fa/activesupport/lib/active_support/testing/setup_and_teardown.rb:82:in 'ActiveSupport::Testing::SetupAndTeardown#before_setup'

Error:
Notification::PushableTest#test_push_later_is_called_after_notification_is_created:
Mocha::NotInitializedError: Mocha::Mockery.teardown called before Mocha::Mockery.setup
    

bin/rails test test/models/notification/pushable_test.rb:27

E

Error:
ActionPack::WebAuthn::PublicKeyCredential::RequestOptionsTest#test_as_json_includes_transports_when_present:
ActiveRecord::NotNullViolation: SQLite3::ConstraintException: NOT NULL constraint failed: accesses.account_id
    /usr/local/bundle/gems/sqlite3-2.9.5-x86_64-linux-gnu/lib/sqlite3/database.rb:337:in 'SQLite3::Database#exec_batch'
    /usr/local/bundle/gems/sqlite3-2.9.5-x86_64-linux-gnu/lib/sqlite3/database.rb:337:in 'SQLite3::Database#execute_batch2'
    /usr/local/bundle/bundler/gems/rails-d0e506f131fa/activerecord/lib/active_record/connection_adapters/sqlite3/database_statements.rb:109:in 'ActiveRecord::ConnectionAdapters::SQLite3::DatabaseStatements#perform_query'
    /usr/local/bundle/bundler/gems/rails-d0e506f131fa/activerecord/lib/active_record/connection_adapters/abstract/database_statements.rb:712:in 'block (2 levels) in ActiveRecord::ConnectionAdapters::DatabaseStatements#execute_intent'
    /usr/local/bundle/bundler/gems/rails-d0e506f131fa/activerecord/lib/active_record/connection_adapters/abstract_adapter.rb:1128:in 'block in ActiveRecord::ConnectionAdapters::AbstractAdapter#with_raw_connection'
    /usr/local/bundle/bundler/gems/rails-d0e506f131fa/activesupport/lib/active_support/concurrency/null_lock.rb:9:in 'ActiveSupport::Concurrency::NullLock#synchronize'
    /usr/local/bundle/bundler/gems/rails-d0e506f131fa/activerecord/lib/active_record/connection_adapters/abstract_adapter.rb:1093:in 'ActiveRecord::ConnectionAdapters::AbstractAdapter#with_raw_connection'
    /usr/local/bundle/bundler/gems/rails-d0e506f131fa/activerecord/lib/active_record/connection_adapters/abstract/database_statements.rb:709:in 'block in ActiveRecord::ConnectionAdapters::DatabaseStatements#execute_intent'
    /usr/local/bundle/bundler/gems/rails-d0e506f131fa/activesupport/lib/active_support/notifications/instrumenter.rb:86:in 'ActiveSupport::Notifications::Instrumenter#instrument'
    /usr/local/bundle/bundler/gems/rails-d0e506f131fa/activerecord/lib/active_record/connection_adapters/abstract_adapter.rb:1266:in 'ActiveRecord::ConnectionAdapters::AbstractAdapter#log'
    /usr/local/bundle/bundler/gems/rails-d0e506f131fa/activerecord/lib/active_record/connection_adapters/abstract/database_statements.rb:707:in 'ActiveRecord::ConnectionAdapters::DatabaseStatements#execute_intent'
    /usr/local/bundle/bundler/gems/rails-d0e506f131fa/activerecord/lib/active_record/connection_adapters/query_intent.rb:322:in 'ActiveRecord::ConnectionAdapters::QueryIntent#run_query!'
    /usr/local/bundle/bundler/gems/rails-d0e506f131fa/activerecord/lib/active_record/connection_adapters/query_intent.rb:172:in 'ActiveRecord::ConnectionAdapters::QueryIntent#execute!'
    /usr/local/bundle/bundler/gems/rails-d0e506f131fa/activerecord/lib/active_record/connection_adapters/sqlite3/database_statements.rb:86:in 'ActiveRecord::ConnectionAdapters::SQLite3::DatabaseStatements#execute_batch'
    /usr/local/bundle/bundler/gems/rails-d0e506f131fa/activerecord/lib/active_record/connection_adapters/abstract/database_statements.rb:653:in 'block (2 levels) in ActiveRecord::ConnectionAdapters::DatabaseStatements#insert_fixtures_set'
    /usr/local/bundle/bundler/gems/rails-d0e506f131fa/activerecord/lib/active_record/connection_adapters/sqlite3_adapter.rb:316:in 'ActiveRecord::ConnectionAdapters::SQLite3Adapter#disable_referential_integrity'
    /usr/local/bundle/bundler/gems/rails-d0e506f131fa/activerecord/lib/active_record/connection_adapters/abstract/database_statements.rb:652:in 'block in ActiveRecord::ConnectionAdapters::DatabaseStatements#insert_fixtures_set'
    /usr/local/bundle/bundler/gems/rails-d0e506f131fa/activerecord/lib/active_record/connection_adapters/abstract/transaction.rb:650:in 'block in ActiveRecord::ConnectionAdapters::TransactionManager#within_new_transaction'
    /usr/local/bundle/bundler/gems/rails-d0e506f131fa/activesupport/lib/active_support/concurrency/null_lock.rb:9:in 'ActiveSupport::Concurrency::NullLock#synchronize'
    /usr/local/bundle/bundler/gems/rails-d0e506f131fa/activerecord/lib/active_record/connection_adapters/abstract/transaction.rb:647:in 'ActiveRecord::ConnectionAdapters::TransactionManager#within_new_transaction'
    /usr/local/bundle/bundler/gems/rails-d0e506f131fa/activerecord/lib/active_record/connection_adapters/abstract/database_statements.rb:531:in 'ActiveRecord::ConnectionAdapters::DatabaseStatements#within_new_transaction'
    /usr/local/bundle/bundler/gems/rails-d0e506f131fa/activerecord/lib/active_record/connection_adapters/abstract/database_statements.rb:521:in 'ActiveRecord::ConnectionAdapters::DatabaseStatements#transaction'
    /usr/local/bundle/bundler/gems/rails-d0e506f131fa/activerecord/lib/active_record/connection_adapters/abstract/database_statements.rb:651:in 'ActiveRecord::ConnectionAdapters::DatabaseStatements#insert_fixtures_set'
    /usr/local/bundle/bundler/gems/rails-d0e506f131fa/activerecord/lib/active_record/fixtures.rb:695:in 'block (2 levels) in ActiveRecord::FixtureSet.insert'
    /usr/local/bundle/bundler/gems/rails-d0e506f131fa/activerecord/lib/active_record/connection_adapters/abstract/connection_pool.rb:464:in 'ActiveRecord::ConnectionAdapters::ConnectionPool#with_connection'
    /usr/local/bundle/bundler/gems/rails-d0e506f131fa/activerecord/lib/active_record/fixtures.rb:694:in 'block in ActiveRecord::FixtureSet.insert'
    /usr/local/bundle/bundler/gems/rails-d0e506f131fa/activerecord/lib/active_record/fixtures.rb:685:in 'Hash#each'
    /usr/local/bundle/bundler/gems/rails-d0e506f131fa/activerecord/lib/active_record/fixtures.rb:685:in 'ActiveRecord::FixtureSet.insert'
    /usr/local/bundle/bundler/gems/rails-d0e506f131fa/activerecord/lib/active_record/fixtures.rb:671:in 'ActiveRecord::FixtureSet.read_and_insert'
    /usr/local/bundle/bundler/gems/rails-d0e506f131fa/activerecord/lib/active_record/fixtures.rb:616:in 'ActiveRecord::FixtureSet.create_fixtures'
    /usr/local/bundle/bundler/gems/rails-d0e506f131fa/activerecord/lib/active_record/test_fixtures.rb:291:in 'ActiveRecord::TestFixtures#load_fixtures'
    /usr/local/bundle/bundler/gems/rails-d0e506f131fa/activerecord/lib/active_record/test_fixtures.rb:146:in 'ActiveRecord::TestFixtures#setup_fixtures'
    /usr/local/bundle/bundler/gems/rails-d0e506f131fa/activerecord/lib/active_record/test_fixtures.rb:10:in 'ActiveRecord::TestFixtures#before_setup'
    /usr/local/bundle/bundler/gems/rails-d0e506f131fa/activejob/lib/active_job/test_helper.rb:83:in 'ActiveJob::TestHelper#before_setup'
    /usr/local/bundle/bundler/gems/rails-d0e506f131fa/actioncable/lib/action_cable/test_helper.rb:15:in 'ActionCable::TestHelper#before_setup'
    /usr/local/bundle/bundler/gems/rails-d0e506f131fa/activesupport/lib/active_support/testing/setup_and_teardown.rb:82:in 'ActiveSupport::Testing::SetupAndTeardown#before_setup'

Error:
ActionPack::WebAuthn::PublicKeyCredential::RequestOptionsTest#test_as_json_includes_transports_when_present:
Mocha::NotInitializedError: Mocha::Mockery.teardown called before Mocha::Mockery.setup
    

bin/rails test test/lib/action_pack/web_authn/public_key_credential/request_options_test.rb:45

E

Error:
ActionPack::WebAuthn::PublicKeyCredential::RequestOptionsTest#test_as_json:
ActiveRecord::NotNullViolation: SQLite3::ConstraintException: NOT NULL constraint failed: accesses.account_id
    /usr/local/bundle/gems/sqlite3-2.9.5-x86_64-linux-gnu/lib/sqlite3/database.rb:337:in 'SQLite3::Database#exec_batch'
    /usr/local/bundle/gems/sqlite3-2.9.5-x86_64-linux-gnu/lib/sqlite3/database.rb:337:in 'SQLite3::Database#execute_batch2'
    /usr/local/bundle/bundler/gems/rails-d0e506f131fa/activerecord/lib/active_record/connection_adapters/sqlite3/database_statements.rb:109:in 'ActiveRecord::ConnectionAdapters::SQLite3::DatabaseStatements#perform_query'
    /usr/local/bundle/bundler/gems/rails-d0e506f131fa/activerecord/lib/active_record/connection_adapters/abstract/database_statements.rb:712:in 'block (2 levels) in ActiveRecord::ConnectionAdapters::DatabaseStatements#execute_intent'
    /usr/local/bundle/bundler/gems/rails-d0e506f131fa/activerecord/lib/active_record/connection_adapters/abstract_adapter.rb:1128:in 'block in ActiveRecord::ConnectionAdapters::AbstractAdapter#with_raw_connection'
    /usr/local/bundle/bundler/gems/rails-d0e506f131fa/activesupport/lib/active_support/concurrency/null_lock.rb:9:in 'ActiveSupport::Concurrency::NullLock#synchronize'
    /usr/local/bundle/bundler/gems/rails-d0e506f131fa/activerecord/lib/active_record/connection_adapters/abstract_adapter.rb:1093:in 'ActiveRecord::ConnectionAdapters::AbstractAdapter#with_raw_connection'
    /usr/local/bundle/bundler/gems/rails-d0e506f131fa/activerecord/lib/active_record/connection_adapters/abstract/database_statements.rb:709:in 'block in ActiveRecord::ConnectionAdapters::DatabaseStatements#execute_intent'
    /usr/local/bundle/bundler/gems/rails-d0e506f131fa/activesupport/lib/active_support/notifications/instrumenter.rb:86:in 'ActiveSupport::Notifications::Instrumenter#instrument'
    /usr/local/bundle/bundler/gems/rails-d0e506f131fa/activerecord/lib/active_record/connection_adapters/abstract_adapter.rb:1266:in 'ActiveRecord::ConnectionAdapters::AbstractAdapter#log'
    /usr/local/bundle/bundler/gems/rails-d0e506f131fa/activerecord/lib/active_record/connection_adapters/abstract/database_statements.rb:707:in 'ActiveRecord::ConnectionAdapters::DatabaseStatements#execute_intent'
    /usr/local/bundle/bundler/gems/rails-d0e506f131fa/activerecord/lib/active_record/connection_adapters/query_intent.rb:322:in 'ActiveRecord::ConnectionAdapters::QueryIntent#run_query!'
    /usr/local/bundle/bundler/gems/rails-d0e506f131fa/activerecord/lib/active_record/connection_adapters/query_intent.rb:172:in 'ActiveRecord::ConnectionAdapters::QueryIntent#execute!'
    /usr/local/bundle/bundler/gems/rails-d0e506f131fa/activerecord/lib/active_record/connection_adapters/sqlite3/database_statements.rb:86:in 'ActiveRecord::ConnectionAdapters::SQLite3::DatabaseStatements#execute_batch'
    /usr/local/bundle/bundler/gems/rails-d0e506f131fa/activerecord/lib/active_record/connection_adapters/abstract/database_statements.rb:653:in 'block (2 levels) in ActiveRecord::ConnectionAdapters::DatabaseStatements#insert_fixtures_set'
    /usr/local/bundle/bundler/gems/rails-d0e506f131fa/activerecord/lib/active_record/connection_adapters/sqlite3_adapter.rb:316:in 'ActiveRecord::ConnectionAdapters::SQLite3Adapter#disable_referential_integrity'
    /usr/local/bundle/bundler/gems/rails-d0e506f131fa/activerecord/lib/active_record/connection_adapters/abstract/database_statements.rb:652:in 'block in ActiveRecord::ConnectionAdapters::DatabaseStatements#insert_fixtures_set'
    /usr/local/bundle/bundler/gems/rails-d0e506f131fa/activerecord/lib/active_record/connection_adapters/abstract/transaction.rb:650:in 'block in ActiveRecord::ConnectionAdapters::TransactionManager#within_new_transaction'
    /usr/local/bundle/bundler/gems/rails-d0e506f131fa/activesupport/lib/active_support/concurrency/null_lock.rb:9:in 'ActiveSupport::Concurrency::NullLock#synchronize'
    /usr/local/bundle/bundler/gems/rails-d0e506f131fa/activerecord/lib/active_record/connection_adapters/abstract/transaction.rb:647:in 'ActiveRecord::ConnectionAdapters::TransactionManager#within_new_transaction'
    /usr/local/bundle/bundler/gems/rails-d0e506f131fa/activerecord/lib/active_record/connection_adapters/abstract/database_statements.rb:531:in 'ActiveRecord::ConnectionAdapters::DatabaseStatements#within_new_transaction'
    /usr/local/bundle/bundler/gems/rails-d0e506f131fa/activerecord/lib/active_record/connection_adapters/abstract/database_statements.rb:521:in 'ActiveRecord::ConnectionAdapters::DatabaseStatements#transaction'
    /usr/local/bundle/bundler/gems/rails-d0e506f131fa/activerecord/lib/active_record/connection_adapters/abstract/database_statements.rb:651:in 'ActiveRecord::ConnectionAdapters::DatabaseStatements#insert_fixtures_set'
    /usr/local/bundle/bundler/gems/rails-d0e506f131fa/activerecord/lib/active_record/fixtures.rb:695:in 'block (2 levels) in ActiveRecord::FixtureSet.insert'
    /usr/local/bundle/bundler/gems/rails-d0e506f131fa/activerecord/lib/active_record/connection_adapters/abstract/connection_pool.rb:464:in 'ActiveRecord::ConnectionAdapters::ConnectionPool#with_connection'
    /usr/local/bundle/bundler/gems/rails-d0e506f131fa/activerecord/lib/active_record/fixtures.rb:694:in 'block in ActiveRecord::FixtureSet.insert'
    /usr/local/bundle/bundler/gems/rails-d0e506f131fa/activerecord/lib/active_record/fixtures.rb:685:in 'Hash#each'
    /usr/local/bundle/bundler/gems/rails-d0e506f131fa/activerecord/lib/active_record/fixtures.rb:685:in 'ActiveRecord::FixtureSet.insert'
    /usr/local/bundle/bundler/gems/rails-d0e506f131fa/activerecord/lib/active_record/fixtures.rb:671:in 'ActiveRecord::FixtureSet.read_and_insert'
    /usr/local/bundle/bundler/gems/rails-d0e506f131fa/activerecord/lib/active_record/fixtures.rb:616:in 'ActiveRecord::FixtureSet.create_fixtures'
    /usr/local/bundle/bundler/gems/rails-d0e506f131fa/activerecord/lib/active_record/test_fixtures.rb:291:in 'ActiveRecord::TestFixtures#load_fixtures'
    /usr/local/bundle/bundler/gems/rails-d0e506f131fa/activerecord/lib/active_record/test_fixtures.rb:146:in 'ActiveRecord::TestFixtures#setup_fixtures'
    /usr/local/bundle/bundler/gems/rails-d0e506f131fa/activerecord/lib/active_record/test_fixtures.rb:10:in 'ActiveRecord::TestFixtures#before_setup'
    /usr/local/bundle/bundler/gems/rails-d0e506f131fa/activejob/lib/active_job/test_helper.rb:83:in 'ActiveJob::TestHelper#before_setup'
    /usr/local/bundle/bundler/gems/rails-d0e506f131fa/actioncable/lib/action_cable/test_helper.rb:15:in 'ActionCable::TestHelper#before_setup'
    /usr/local/bundle/bundler/gems/rails-d0e506f131fa/activesupport/lib/active_support/testing/setup_and_teardown.rb:82:in 'ActiveSupport::Testing::SetupAndTeardown#before_setup'

Error:
ActionPack::WebAuthn::PublicKeyCredential::RequestOptionsTest#test_as_json:
Mocha::NotInitializedError: Mocha::Mockery.teardown called before Mocha::Mockery.setup
    

bin/rails test test/lib/action_pack/web_authn/public_key_credential/request_options_test.rb:33

E

Error:
MagicLinkTest#test_cleanup:
ActiveRecord::NotNullViolation: SQLite3::ConstraintException: NOT NULL constraint failed: accesses.account_id
    /usr/local/bundle/gems/sqlite3-2.9.5-x86_64-linux-gnu/lib/sqlite3/database.rb:337:in 'SQLite3::Database#exec_batch'
    /usr/local/bundle/gems/sqlite3-2.9.5-x86_64-linux-gnu/lib/sqlite3/database.rb:337:in 'SQLite3::Database#execute_batch2'
    /usr/local/bundle/bundler/gems/rails-d0e506f131fa/activerecord/lib/active_record/connection_adapters/sqlite3/database_statements.rb:109:in 'ActiveRecord::ConnectionAdapters::SQLite3::DatabaseStatements#perform_query'
    /usr/local/bundle/bundler/gems/rails-d0e506f131fa/activerecord/lib/active_record/connection_adapters/abstract/database_statements.rb:712:in 'block (2 levels) in ActiveRecord::ConnectionAdapters::DatabaseStatements#execute_intent'
    /usr/local/bundle/bundler/gems/rails-d0e506f131fa/activerecord/lib/active_record/connection_adapters/abstract_adapter.rb:1128:in 'block in ActiveRecord::ConnectionAdapters::AbstractAdapter#with_raw_connection'
    /usr/local/bundle/bundler/gems/rails-d0e506f131fa/activesupport/lib/active_support/concurrency/null_lock.rb:9:in 'ActiveSupport::Concurrency::NullLock#synchronize'
    /usr/local/bundle/bundler/gems/rails-d0e506f131fa/activerecord/lib/active_record/connection_adapters/abstract_adapter.rb:1093:in 'ActiveRecord::ConnectionAdapters::AbstractAdapter#with_raw_connection'
    /usr/local/bundle/bundler/gems/rails-d0e506f131fa/activerecord/lib/active_record/connection_adapters/abstract/database_statements.rb:709:in 'block in ActiveRecord::ConnectionAdapters::DatabaseStatements#execute_intent'
    /usr/local/bundle/bundler/gems/rails-d0e506f131fa/activesupport/lib/active_support/notifications/instrumenter.rb:86:in 'ActiveSupport::Notifications::Instrumenter#instrument'
    /usr/local/bundle/bundler/gems/rails-d0e506f131fa/activerecord/lib/active_record/connection_adapters/abstract_adapter.rb:1266:in 'ActiveRecord::ConnectionAdapters::AbstractAdapter#log'
    /usr/local/bundle/bundler/gems/rails-d0e506f131fa/activerecord/lib/active_record/connection_adapters/abstract/database_statements.rb:707:in 'ActiveRecord::ConnectionAdapters::DatabaseStatements#execute_intent'
    /usr/local/bundle/bundler/gems/rails-d0e506f131fa/activerecord/lib/active_record/connection_adapters/query_intent.rb:322:in 'ActiveRecord::ConnectionAdapters::QueryIntent#run_query!'
    /usr/local/bundle/bundler/gems/rails-d0e506f131fa/activerecord/lib/active_record/connection_adapters/query_intent.rb:172:in 'ActiveRecord::ConnectionAdapters::QueryIntent#execute!'
    /usr/local/bundle/bundler/gems/rails-d0e506f131fa/activerecord/lib/active_record/connection_adapters/sqlite3/database_statements.rb:86:in 'ActiveRecord::ConnectionAdapters::SQLite3::DatabaseStatements#execute_batch'
    /usr/local/bundle/bundler/gems/rails-d0e506f131fa/activerecord/lib/active_record/connection_adapters/abstract/database_statements.rb:653:in 'block (2 levels) in ActiveRecord::ConnectionAdapters::DatabaseStatements#insert_fixtures_set'
    /usr/local/bundle/bundler/gems/rails-d0e506f131fa/activerecord/lib/active_record/connection_adapters/sqlite3_adapter.rb:316:in 'ActiveRecord::ConnectionAdapters::SQLite3Adapter#disable_referential_integrity'
    /usr/local/bundle/bundler/gems/rails-d0e506f131fa/activerecord/lib/active_record/connection_adapters/abstract/database_statements.rb:652:in 'block in ActiveRecord::ConnectionAdapters::DatabaseStatements#insert_fixtures_set'
    /usr/local/bundle/bundler/gems/rails-d0e506f131fa/activerecord/lib/active_record/connection_adapters/abstract/transaction.rb:650:in 'block in ActiveRecord::ConnectionAdapters::TransactionManager#within_new_transaction'
    /usr/local/bundle/bundler/gems/rails-d0e506f131fa/activesupport/lib/active_support/concurrency/null_lock.rb:9:in 'ActiveSupport::Concurrency::NullLock#synchronize'
    /usr/local/bundle/bundler/gems/rails-d0e506f131fa/activerecord/lib/active_record/connection_adapters/abstract/transaction.rb:647:in 'ActiveRecord::ConnectionAdapters::TransactionManager#within_new_transaction'
    /usr/local/bundle/bundler/gems/rails-d0e506f131fa/activerecord/lib/active_record/connection_adapters/abstract/database_statements.rb:531:in 'ActiveRecord::ConnectionAdapters::DatabaseStatements#within_new_transaction'
    /usr/local/bundle/bundler/gems/rails-d0e506f131fa/activerecord/lib/active_record/connection_adapters/abstract/database_statements.rb:521:in 'ActiveRecord::ConnectionAdapters::DatabaseStatements#transaction'
    /usr/local/bundle/bundler/gems/rails-d0e506f131fa/activerecord/lib/active_record/connection_adapters/abstract/database_statements.rb:651:in 'ActiveRecord::ConnectionAdapters::DatabaseStatements#insert_fixtures_set'
    /usr/local/bundle/bundler/gems/rails-d0e506f131fa/activerecord/lib/active_record/fixtures.rb:695:in 'block (2 levels) in ActiveRecord::FixtureSet.insert'
    /usr/local/bundle/bundler/gems/rails-d0e506f131fa/activerecord/lib/active_record/connection_adapters/abstract/connection_pool.rb:464:in 'ActiveRecord::ConnectionAdapters::ConnectionPool#with_connection'
    /usr/local/bundle/bundler/gems/rails-d0e506f131fa/activerecord/lib/active_record/fixtures.rb:694:in 'block in ActiveRecord::FixtureSet.insert'
    /usr/local/bundle/bundler/gems/rails-d0e506f131fa/activerecord/lib/active_record/fixtures.rb:685:in 'Hash#each'
    /usr/local/bundle/bundler/gems/rails-d0e506f131fa/activerecord/lib/active_record/fixtures.rb:685:in 'ActiveRecord::FixtureSet.insert'
    /usr/local/bundle/bundler/gems/rails-d0e506f131fa/activerecord/lib/active_record/fixtures.rb:671:in 'ActiveRecord::FixtureSet.read_and_insert'
    /usr/local/bundle/bundler/gems/rails-d0e506f131fa/activerecord/lib/active_record/fixtures.rb:616:in 'ActiveRecord::FixtureSet.create_fixtures'
    /usr/local/bundle/bundler/gems/rails-d0e506f131fa/activerecord/lib/active_record/test_fixtures.rb:291:in 'ActiveRecord::TestFixtures#load_fixtures'
    /usr/local/bundle/bundler/gems/rails-d0e506f131fa/activerecord/lib/active_record/test_fixtures.rb:146:in 'ActiveRecord::TestFixtures#setup_fixtures'
    /usr/local/bundle/bundler/gems/rails-d0e506f131fa/activerecord/lib/active_record/test_fixtures.rb:10:in 'ActiveRecord::TestFixtures#before_setup'
    /usr/local/bundle/bundler/gems/rails-d0e506f131fa/activejob/lib/active_job/test_helper.rb:83:in 'ActiveJob::TestHelper#before_setup'
    /usr/local/bundle/bundler/gems/rails-d0e506f131fa/actioncable/lib/action_cable/test_helper.rb:15:in 'ActionCable::TestHelper#before_setup'
    /usr/local/bundle/bundler/gems/rails-d0e506f131fa/activesupport/lib/active_support/testing/setup_and_teardown.rb:82:in 'ActiveSupport::Testing::SetupAndTeardown#before_setup'

Error:
MagicLinkTest#test_cleanup:
Mocha::NotInitializedError: Mocha::Mockery.teardown called before Mocha::Mockery.setup
    

bin/rails test test/models/magic_link_test.rb:48

E

Error:
ActionPack::WebAuthn::PublicKeyCredential::RequestOptionsTest#test_generates_base64url_encoded_challenge:
ActiveRecord::NotNullViolation: SQLite3::ConstraintException: NOT NULL constraint failed: accesses.account_id
    /usr/local/bundle/gems/sqlite3-2.9.5-x86_64-linux-gnu/lib/sqlite3/database.rb:337:in 'SQLite3::Database#exec_batch'
    /usr/local/bundle/gems/sqlite3-2.9.5-x86_64-linux-gnu/lib/sqlite3/database.rb:337:in 'SQLite3::Database#execute_batch2'
    /usr/local/bundle/bundler/gems/rails-d0e506f131fa/activerecord/lib/active_record/connection_adapters/sqlite3/database_statements.rb:109:in 'ActiveRecord::ConnectionAdapters::SQLite3::DatabaseStatements#perform_query'
    /usr/local/bundle/bundler/gems/rails-d0e506f131fa/activerecord/lib/active_record/connection_adapters/abstract/database_statements.rb:712:in 'block (2 levels) in ActiveRecord::ConnectionAdapters::DatabaseStatements#execute_intent'
    /usr/local/bundle/bundler/gems/rails-d0e506f131fa/activerecord/lib/active_record/connection_adapters/abstract_adapter.rb:1128:in 'block in ActiveRecord::ConnectionAdapters::AbstractAdapter#with_raw_connection'
    /usr/local/bundle/bundler/gems/rails-d0e506f131fa/activesupport/lib/active_support/concurrency/null_lock.rb:9:in 'ActiveSupport::Concurrency::NullLock#synchronize'
    /usr/local/bundle/bundler/gems/rails-d0e506f131fa/activerecord/lib/active_record/connection_adapters/abstract_adapter.rb:1093:in 'ActiveRecord::ConnectionAdapters::AbstractAdapter#with_raw_connection'
    /usr/local/bundle/bundler/gems/rails-d0e506f131fa/activerecord/lib/active_record/connection_adapters/abstract/database_statements.rb:709:in 'block in ActiveRecord::ConnectionAdapters::DatabaseStatements#execute_intent'
    /usr/local/bundle/bundler/gems/rails-d0e506f131fa/activesupport/lib/active_support/notifications/instrumenter.rb:86:in 'ActiveSupport::Notifications::Instrumenter#instrument'
    /usr/local/bundle/bundler/gems/rails-d0e506f131fa/activerecord/lib/active_record/connection_adapters/abstract_adapter.rb:1266:in 'ActiveRecord::ConnectionAdapters::AbstractAdapter#log'
    /usr/local/bundle/bundler/gems/rails-d0e506f131fa/activerecord/lib/active_record/connection_adapters/abstract/database_statements.rb:707:in 'ActiveRecord::ConnectionAdapters::DatabaseStatements#execute_intent'
    /usr/local/bundle/bundler/gems/rails-d0e506f131fa/activerecord/lib/active_record/connection_adapters/query_intent.rb:322:in 'ActiveRecord::ConnectionAdapters::QueryIntent#run_query!'
    /usr/local/bundle/bundler/gems/rails-d0e506f131fa/activerecord/lib/active_record/connection_adapters/query_intent.rb:172:in 'ActiveRecord::ConnectionAdapters::QueryIntent#execute!'
    /usr/local/bundle/bundler/gems/rails-d0e506f131fa/activerecord/lib/active_record/connection_adapters/sqlite3/database_statements.rb:86:in 'ActiveRecord::ConnectionAdapters::SQLite3::DatabaseStatements#execute_batch'
    /usr/local/bundle/bundler/gems/rails-d0e506f131fa/activerecord/lib/active_record/connection_adapters/abstract/database_statements.rb:653:in 'block (2 levels) in ActiveRecord::ConnectionAdapters::DatabaseStatements#insert_fixtures_set'
    /usr/local/bundle/bundler/gems/rails-d0e506f131fa/activerecord/lib/active_record/connection_adapters/sqlite3_adapter.rb:316:in 'ActiveRecord::ConnectionAdapters::SQLite3Adapter#disable_referential_integrity'
    /usr/local/bundle/bundler/gems/rails-d0e506f131fa/activerecord/lib/active_record/connection_adapters/abstract/database_statements.rb:652:in 'block in ActiveRecord::ConnectionAdapters::DatabaseStatements#insert_fixtures_set'
    /usr/local/bundle/bundler/gems/rails-d0e506f131fa/activerecord/lib/active_record/connection_adapters/abstract/transaction.rb:650:in 'block in ActiveRecord::ConnectionAdapters::TransactionManager#within_new_transaction'
    /usr/local/bundle/bundler/gems/rails-d0e506f131fa/activesupport/lib/active_support/concurrency/null_lock.rb:9:in 'ActiveSupport::Concurrency::NullLock#synchronize'
    /usr/local/bundle/bundler/gems/rails-d0e506f131fa/activerecord/lib/active_record/connection_adapters/abstract/transaction.rb:647:in 'ActiveRecord::ConnectionAdapters::TransactionManager#within_new_transaction'
    /usr/local/bundle/bundler/gems/rails-d0e506f131fa/activerecord/lib/active_record/connection_adapters/abstract/database_statements.rb:531:in 'ActiveRecord::ConnectionAdapters::DatabaseStatements#within_new_transaction'
    /usr/local/bundle/bundler/gems/rails-d0e506f131fa/activerecord/lib/active_record/connection_adapters/abstract/database_statements.rb:521:in 'ActiveRecord::ConnectionAdapters::DatabaseStatements#transaction'
    /usr/local/bundle/bundler/gems/rails-d0e506f131fa/activerecord/lib/active_record/connection_adapters/abstract/database_statements.rb:651:in 'ActiveRecord::ConnectionAdapters::DatabaseStatements#insert_fixtures_set'
    /usr/local/bundle/bundler/gems/rails-d0e506f131fa/activerecord/lib/active_record/fixtures.rb:695:in 'block (2 levels) in ActiveRecord::FixtureSet.insert'
    /usr/local/bundle/bundler/gems/rails-d0e506f131fa/activerecord/lib/active_record/connection_adapters/abstract/connection_pool.rb:464:in 'ActiveRecord::ConnectionAdapters::ConnectionPool#with_connection'
    /usr/local/bundle/bundler/gems/rails-d0e506f131fa/activerecord/lib/active_record/fixtures.rb:694:in 'block in ActiveRecord::FixtureSet.insert'
    /usr/local/bundle/bundler/gems/rails-d0e506f131fa/activerecord/lib/active_record/fixtures.rb:685:in 'Hash#each'
    /usr/local/bundle/bundler/gems/rails-d0e506f131fa/activerecord/lib/active_record/fixtures.rb:685:in 'ActiveRecord::FixtureSet.insert'
    /usr/local/bundle/bundler/gems/rails-d0e506f131fa/activerecord/lib/active_record/fixtures.rb:671:in 'ActiveRecord::FixtureSet.read_and_insert'
    /usr/local/bundle/bundler/gems/rails-d0e506f131fa/activerecord/lib/active_record/fixtures.rb:616:in 'ActiveRecord::FixtureSet.create_fixtures'
    /usr/local/bundle/bundler/gems/rails-d0e506f131fa/activerecord/lib/active_record/test_fixtures.rb:291:in 'ActiveRecord::TestFixtures#load_fixtures'
    /usr/local/bundle/bundler/gems/rails-d0e506f131fa/activerecord/lib/active_record/test_fixtures.rb:146:in 'ActiveRecord::TestFixtures#setup_fixtures'
    /usr/local/bundle/bundler/gems/rails-d0e506f131fa/activerecord/lib/active_record/test_fixtures.rb:10:in 'ActiveRecord::TestFixtures#before_setup'
    /usr/local/bundle/bundler/gems/rails-d0e506f131fa/activejob/lib/active_job/test_helper.rb:83:in 'ActiveJob::TestHelper#before_setup'
    /usr/local/bundle/bundler/gems/rails-d0e506f131fa/actioncable/lib/action_cable/test_helper.rb:15:in 'ActionCable::TestHelper#before_setup'
    /usr/local/bundle/bundler/gems/rails-d0e506f131fa/activesupport/lib/active_support/testing/setup_and_teardown.rb:82:in 'ActiveSupport::Testing::SetupAndTeardown#before_setup'

Error:
ActionPack::WebAuthn::PublicKeyCredential::RequestOptionsTest#test_generates_base64url_encoded_challenge:
Mocha::NotInitializedError: Mocha::Mockery.teardown called before Mocha::Mockery.setup
    

bin/rails test test/lib/action_pack/web_authn/public_key_credential/request_options_test.rb:21

E

Error:
MagicLinkTest#test_consume:
ActiveRecord::NotNullViolation: SQLite3::ConstraintException: NOT NULL constraint failed: accesses.account_id
    /usr/local/bundle/gems/sqlite3-2.9.5-x86_64-linux-gnu/lib/sqlite3/database.rb:337:in 'SQLite3::Database#exec_batch'
    /usr/local/bundle/gems/sqlite3-2.9.5-x86_64-linux-gnu/lib/sqlite3/database.rb:337:in 'SQLite3::Database#execute_batch2'
    /usr/local/bundle/bundler/gems/rails-d0e506f131fa/activerecord/lib/active_record/connection_adapters/sqlite3/database_statements.rb:109:in 'ActiveRecord::ConnectionAdapters::SQLite3::DatabaseStatements#perform_query'
    /usr/local/bundle/bundler/gems/rails-d0e506f131fa/activerecord/lib/active_record/connection_adapters/abstract/database_statements.rb:712:in 'block (2 levels) in ActiveRecord::ConnectionAdapters::DatabaseStatements#execute_intent'
    /usr/local/bundle/bundler/gems/rails-d0e506f131fa/activerecord/lib/active_record/connection_adapters/abstract_adapter.rb:1128:in 'block in ActiveRecord::ConnectionAdapters::AbstractAdapter#with_raw_connection'
    /usr/local/bundle/bundler/gems/rails-d0e506f131fa/activesupport/lib/active_support/concurrency/null_lock.rb:9:in 'ActiveSupport::Concurrency::NullLock#synchronize'
    /usr/local/bundle/bundler/gems/rails-d0e506f131fa/activerecord/lib/active_record/connection_adapters/abstract_adapter.rb:1093:in 'ActiveRecord::ConnectionAdapters::AbstractAdapter#with_raw_connection'
    /usr/local/bundle/bundler/gems/rails-d0e506f131fa/activerecord/lib/active_record/connection_adapters/abstract/database_statements.rb:709:in 'block in ActiveRecord::ConnectionAdapters::DatabaseStatements#execute_intent'
    /usr/local/bundle/bundler/gems/rails-d0e506f131fa/activesupport/lib/active_support/notifications/instrumenter.rb:86:in 'ActiveSupport::Notifications::Instrumenter#instrument'
    /usr/local/bundle/bundler/gems/rails-d0e506f131fa/activerecord/lib/active_record/connection_adapters/abstract_adapter.rb:1266:in 'ActiveRecord::ConnectionAdapters::AbstractAdapter#log'
    /usr/local/bundle/bundler/gems/rails-d0e506f131fa/activerecord/lib/active_record/connection_adapters/abstract/database_statements.rb:707:in 'ActiveRecord::ConnectionAdapters::DatabaseStatements#execute_intent'
    /usr/local/bundle/bundler/gems/rails-d0e506f131fa/activerecord/lib/active_record/connection_adapters/query_intent.rb:322:in 'ActiveRecord::ConnectionAdapters::QueryIntent#run_query!'
    /usr/local/bundle/bundler/gems/rails-d0e506f131fa/activerecord/lib/active_record/connection_adapters/query_intent.rb:172:in 'ActiveRecord::ConnectionAdapters::QueryIntent#execute!'
    /usr/local/bundle/bundler/gems/rails-d0e506f131fa/activerecord/lib/active_record/connection_adapters/sqlite3/database_statements.rb:86:in 'ActiveRecord::ConnectionAdapters::SQLite3::DatabaseStatements#execute_batch'
    /usr/local/bundle/bundler/gems/rails-d0e506f131fa/activerecord/lib/active_record/connection_adapters/abstract/database_statements.rb:653:in 'block (2 levels) in ActiveRecord::ConnectionAdapters::DatabaseStatements#insert_fixtures_set'
    /usr/local/bundle/bundler/gems/rails-d0e506f131fa/activerecord/lib/active_record/connection_adapters/sqlite3_adapter.rb:316:in 'ActiveRecord::ConnectionAdapters::SQLite3Adapter#disable_referential_integrity'
    /usr/local/bundle/bundler/gems/rails-d0e506f131fa/activerecord/lib/active_record/connection_adapters/abstract/database_statements.rb:652:in 'block in ActiveRecord::ConnectionAdapters::DatabaseStatements#insert_fixtures_set'
    /usr/local/bundle/bundler/gems/rails-d0e506f131fa/activerecord/lib/active_record/connection_adapters/abstract/transaction.rb:650:in 'block in ActiveRecord::ConnectionAdapters::TransactionManager#within_new_transaction'
    /usr/local/bundle/bundler/gems/rails-d0e506f131fa/activesupport/lib/active_support/concurrency/null_lock.rb:9:in 'ActiveSupport::Concurrency::NullLock#synchronize'
    /usr/local/bundle/bundler/gems/rails-d0e506f131fa/activerecord/lib/active_record/connection_adapters/abstract/transaction.rb:647:in 'ActiveRecord::ConnectionAdapters::TransactionManager#within_new_transaction'
    /usr/local/bundle/bundler/gems/rails-d0e506f131fa/activerecord/lib/active_record/connection_adapters/abstract/database_statements.rb:531:in 'ActiveRecord::ConnectionAdapters::DatabaseStatements#within_new_transaction'
    /usr/local/bundle/bundler/gems/rails-d0e506f131fa/activerecord/lib/active_record/connection_adapters/abstract/database_statements.rb:521:in 'ActiveRecord::ConnectionAdapters::DatabaseStatements#transaction'
    /usr/local/bundle/bundler/gems/rails-d0e506f131fa/activerecord/lib/active_record/connection_adapters/abstract/database_statements.rb:651:in 'ActiveRecord::ConnectionAdapters::DatabaseStatements#insert_fixtures_set'
    /usr/local/bundle/bundler/gems/rails-d0e506f131fa/activerecord/lib/active_record/fixtures.rb:695:in 'block (2 levels) in ActiveRecord::FixtureSet.insert'
    /usr/local/bundle/bundler/gems/rails-d0e506f131fa/activerecord/lib/active_record/connection_adapters/abstract/connection_pool.rb:464:in 'ActiveRecord::ConnectionAdapters::ConnectionPool#with_connection'
    /usr/local/bundle/bundler/gems/rails-d0e506f131fa/activerecord/lib/active_record/fixtures.rb:694:in 'block in ActiveRecord::FixtureSet.insert'
    /usr/local/bundle/bundler/gems/rails-d0e506f131fa/activerecord/lib/active_record/fixtures.rb:685:in 'Hash#each'
    /usr/local/bundle/bundler/gems/rails-d0e506f131fa/activerecord/lib/active_record/fixtures.rb:685:in 'ActiveRecord::FixtureSet.insert'
    /usr/local/bundle/bundler/gems/rails-d0e506f131fa/activerecord/lib/active_record/fixtures.rb:671:in 'ActiveRecord::FixtureSet.read_and_insert'
    /usr/local/bundle/bundler/gems/rails-d0e506f131fa/activerecord/lib/active_record/fixtures.rb:616:in 'ActiveRecord::FixtureSet.create_fixtures'
    /usr/local/bundle/bundler/gems/rails-d0e506f131fa/activerecord/lib/active_record/test_fixtures.rb:291:in 'ActiveRecord::TestFixtures#load_fixtures'
    /usr/local/bundle/bundler/gems/rails-d0e506f131fa/activerecord/lib/active_record/test_fixtures.rb:146:in 'ActiveRecord::TestFixtures#setup_fixtures'
    /usr/local/bundle/bundler/gems/rails-d0e506f131fa/activerecord/lib/active_record/test_fixtures.rb:10:in 'ActiveRecord::TestFixtures#before_setup'
    /usr/local/bundle/bundler/gems/rails-d0e506f131fa/activejob/lib/active_job/test_helper.rb:83:in 'ActiveJob::TestHelper#before_setup'
    /usr/local/bundle/bundler/gems/rails-d0e506f131fa/actioncable/lib/action_cable/test_helper.rb:15:in 'ActionCable::TestHelper#before_setup'
    /usr/local/bundle/bundler/gems/rails-d0e506f131fa/activesupport/lib/active_support/testing/setup_and_teardown.rb:82:in 'ActiveSupport::Testing::SetupAndTeardown#before_setup'

Error:
MagicLinkTest#test_consume:
Mocha::NotInitializedError: Mocha::Mockery.teardown called before Mocha::Mockery.setup
    

bin/rails test test/models/magic_link_test.rb:31

E

Error:
MagicLinkTest#test_stale:
ActiveRecord::NotNullViolation: SQLite3::ConstraintException: NOT NULL constraint failed: accesses.account_id
    /usr/local/bundle/gems/sqlite3-2.9.5-x86_64-linux-gnu/lib/sqlite3/database.rb:337:in 'SQLite3::Database#exec_batch'
    /usr/local/bundle/gems/sqlite3-2.9.5-x86_64-linux-gnu/lib/sqlite3/database.rb:337:in 'SQLite3::Database#execute_batch2'
    /usr/local/bundle/bundler/gems/rails-d0e506f131fa/activerecord/lib/active_record/connection_adapters/sqlite3/database_statements.rb:109:in 'ActiveRecord::ConnectionAdapters::SQLite3::DatabaseStatements#perform_query'
    /usr/local/bundle/bundler/gems/rails-d0e506f131fa/activerecord/lib/active_record/connection_adapters/abstract/database_statements.rb:712:in 'block (2 levels) in ActiveRecord::ConnectionAdapters::DatabaseStatements#execute_intent'
    /usr/local/bundle/bundler/gems/rails-d0e506f131fa/activerecord/lib/active_record/connection_adapters/abstract_adapter.rb:1128:in 'block in ActiveRecord::ConnectionAdapters::AbstractAdapter#with_raw_connection'
    /usr/local/bundle/bundler/gems/rails-d0e506f131fa/activesupport/lib/active_support/concurrency/null_lock.rb:9:in 'ActiveSupport::Concurrency::NullLock#synchronize'
    /usr/local/bundle/bundler/gems/rails-d0e506f131fa/activerecord/lib/active_record/connection_adapters/abstract_adapter.rb:1093:in 'ActiveRecord::ConnectionAdapters::AbstractAdapter#with_raw_connection'
    /usr/local/bundle/bundler/gems/rails-d0e506f131fa/activerecord/lib/active_record/connection_adapters/abstract/database_statements.rb:709:in 'block in ActiveRecord::ConnectionAdapters::DatabaseStatements#execute_intent'
    /usr/local/bundle/bundler/gems/rails-d0e506f131fa/activesupport/lib/active_support/notifications/instrumenter.rb:86:in 'ActiveSupport::Notifications::Instrumenter#instrument'
    /usr/local/bundle/bundler/gems/rails-d0e506f131fa/activerecord/lib/active_record/connection_adapters/abstract_adapter.rb:1266:in 'ActiveRecord::ConnectionAdapters::AbstractAdapter#log'
    /usr/local/bundle/bundler/gems/rails-d0e506f131fa/activerecord/lib/active_record/connection_adapters/abstract/database_statements.rb:707:in 'ActiveRecord::ConnectionAdapters::DatabaseStatements#execute_intent'
    /usr/local/bundle/bundler/gems/rails-d0e506f131fa/activerecord/lib/active_record/connection_adapters/query_intent.rb:322:in 'ActiveRecord::ConnectionAdapters::QueryIntent#run_query!'
    /usr/local/bundle/bundler/gems/rails-d0e506f131fa/activerecord/lib/active_record/connection_adapters/query_intent.rb:172:in 'ActiveRecord::ConnectionAdapters::QueryIntent#execute!'
    /usr/local/bundle/bundler/gems/rails-d0e506f131fa/activerecord/lib/active_record/connection_adapters/sqlite3/database_statements.rb:86:in 'ActiveRecord::ConnectionAdapters::SQLite3::DatabaseStatements#execute_batch'
    /usr/local/bundle/bundler/gems/rails-d0e506f131fa/activerecord/lib/active_record/connection_adapters/abstract/database_statements.rb:653:in 'block (2 levels) in ActiveRecord::ConnectionAdapters::DatabaseStatements#insert_fixtures_set'
    /usr/local/bundle/bundler/gems/rails-d0e506f131fa/activerecord/lib/active_record/connection_adapters/sqlite3_adapter.rb:316:in 'ActiveRecord::ConnectionAdapters::SQLite3Adapter#disable_referential_integrity'
    /usr/local/bundle/bundler/gems/rails-d0e506f131fa/activerecord/lib/active_record/connection_adapters/abstract/database_statements.rb:652:in 'block in ActiveRecord::ConnectionAdapters::DatabaseStatements#insert_fixtures_set'
    /usr/local/bundle/bundler/gems/rails-d0e506f131fa/activerecord/lib/active_record/connection_adapters/abstract/transaction.rb:650:in 'block in ActiveRecord::ConnectionAdapters::TransactionManager#within_new_transaction'
    /usr/local/bundle/bundler/gems/rails-d0e506f131fa/activesupport/lib/active_support/concurrency/null_lock.rb:9:in 'ActiveSupport::Concurrency::NullLock#synchronize'
    /usr/local/bundle/bundler/gems/rails-d0e506f131fa/activerecord/lib/active_record/connection_adapters/abstract/transaction.rb:647:in 'ActiveRecord::ConnectionAdapters::TransactionManager#within_new_transaction'
    /usr/local/bundle/bundler/gems/rails-d0e506f131fa/activerecord/lib/active_record/connection_adapters/abstract/database_statements.rb:531:in 'ActiveRecord::ConnectionAdapters::DatabaseStatements#within_new_transaction'
    /usr/local/bundle/bundler/gems/rails-d0e506f131fa/activerecord/lib/active_record/connection_adapters/abstract/database_statements.rb:521:in 'ActiveRecord::ConnectionAdapters::DatabaseStatements#transaction'
    /usr/local/bundle/bundler/gems/rails-d0e506f131fa/activerecord/lib/active_record/connection_adapters/abstract/database_statements.rb:651:in 'ActiveRecord::ConnectionAdapters::DatabaseStatements#insert_fixtures_set'
    /usr/local/bundle/bundler/gems/rails-d0e506f131fa/activerecord/lib/active_record/fixtures.rb:695:in 'block (2 levels) in ActiveRecord::FixtureSet.insert'
    /usr/local/bundle/bundler/gems/rails-d0e506f131fa/activerecord/lib/active_record/connection_adapters/abstract/connection_pool.rb:464:in 'ActiveRecord::ConnectionAdapters::ConnectionPool#with_connection'
    /usr/local/bundle/bundler/gems/rails-d0e506f131fa/activerecord/lib/active_record/fixtures.rb:694:in 'block in ActiveRecord::FixtureSet.insert'
    /usr/local/bundle/bundler/gems/rails-d0e506f131fa/activerecord/lib/active_record/fixtures.rb:685:in 'Hash#each'
    /usr/local/bundle/bundler/gems/rails-d0e506f131fa/activerecord/lib/active_record/fixtures.rb:685:in 'ActiveRecord::FixtureSet.insert'
    /usr/local/bundle/bundler/gems/rails-d0e506f131fa/activerecord/lib/active_record/fixtures.rb:671:in 'ActiveRecord::FixtureSet.read_and_insert'
    /usr/local/bundle/bundler/gems/rails-d0e506f131fa/activerecord/lib/active_record/fixtures.rb:616:in 'ActiveRecord::FixtureSet.create_fixtures'
    /usr/local/bundle/bundler/gems/rails-d0e506f131fa/activerecord/lib/active_record/test_fixtures.rb:291:in 'ActiveRecord::TestFixtures#load_fixtures'
    /usr/local/bundle/bundler/gems/rails-d0e506f131fa/activerecord/lib/active_record/test_fixtures.rb:146:in 'ActiveRecord::TestFixtures#setup_fixtures'
    /usr/local/bundle/bundler/gems/rails-d0e506f131fa/activerecord/lib/active_record/test_fixtures.rb:10:in 'ActiveRecord::TestFixtures#before_setup'
    /usr/local/bundle/bundler/gems/rails-d0e506f131fa/activejob/lib/active_job/test_helper.rb:83:in 'ActiveJob::TestHelper#before_setup'
    /usr/local/bundle/bundler/gems/rails-d0e506f131fa/actioncable/lib/action_cable/test_helper.rb:15:in 'ActionCable::TestHelper#before_setup'
    /usr/local/bundle/bundler/gems/rails-d0e506f131fa/activesupport/lib/active_support/testing/setup_and_teardown.rb:82:in 'ActiveSupport::Testing::SetupAndTeardown#before_setup'

Error:
MagicLinkTest#test_stale:
Mocha::NotInitializedError: Mocha::Mockery.teardown called before Mocha::Mockery.setup
    

bin/rails test test/models/magic_link_test.rb:22

E

Error:
Cards::GoldnessesControllerTest#test_destroy_as_JSON:
ActiveRecord::NotNullViolation: SQLite3::ConstraintException: NOT NULL constraint failed: accesses.account_id
    /usr/local/bundle/gems/sqlite3-2.9.5-x86_64-linux-gnu/lib/sqlite3/database.rb:337:in 'SQLite3::Database#exec_batch'
    /usr/local/bundle/gems/sqlite3-2.9.5-x86_64-linux-gnu/lib/sqlite3/database.rb:337:in 'SQLite3::Database#execute_batch2'
    /usr/local/bundle/bundler/gems/rails-d0e506f131fa/activerecord/lib/active_record/connection_adapters/sqlite3/database_statements.rb:109:in 'ActiveRecord::ConnectionAdapters::SQLite3::DatabaseStatements#perform_query'
    /usr/local/bundle/bundler/gems/rails-d0e506f131fa/activerecord/lib/active_record/connection_adapters/abstract/database_statements.rb:712:in 'block (2 levels) in ActiveRecord::ConnectionAdapters::DatabaseStatements#execute_intent'
    /usr/local/bundle/bundler/gems/rails-d0e506f131fa/activerecord/lib/active_record/connection_adapters/abstract_adapter.rb:1128:in 'block in ActiveRecord::ConnectionAdapters::AbstractAdapter#with_raw_connection'
    /usr/local/bundle/bundler/gems/rails-d0e506f131fa/activesupport/lib/active_support/concurrency/null_lock.rb:9:in 'ActiveSupport::Concurrency::NullLock#synchronize'
    /usr/local/bundle/bundler/gems/rails-d0e506f131fa/activerecord/lib/active_record/connection_adapters/abstract_adapter.rb:1093:in 'ActiveRecord::ConnectionAdapters::AbstractAdapter#with_raw_connection'
    /usr/local/bundle/bundler/gems/rails-d0e506f131fa/activerecord/lib/active_record/connection_adapters/abstract/database_statements.rb:709:in 'block in ActiveRecord::ConnectionAdapters::DatabaseStatements#execute_intent'
    /usr/local/bundle/bundler/gems/rails-d0e506f131fa/activesupport/lib/active_support/notifications/instrumenter.rb:86:in 'ActiveSupport::Notifications::Instrumenter#instrument'
    /usr/local/bundle/bundler/gems/rails-d0e506f131fa/activerecord/lib/active_record/connection_adapters/abstract_adapter.rb:1266:in 'ActiveRecord::ConnectionAdapters::AbstractAdapter#log'
    /usr/local/bundle/bundler/gems/rails-d0e506f131fa/activerecord/lib/active_record/connection_adapters/abstract/database_statements.rb:707:in 'ActiveRecord::ConnectionAdapters::DatabaseStatements#execute_intent'
    /usr/local/bundle/bundler/gems/rails-d0e506f131fa/activerecord/lib/active_record/connection_adapters/query_intent.rb:322:in 'ActiveRecord::ConnectionAdapters::QueryIntent#run_query!'
    /usr/local/bundle/bundler/gems/rails-d0e506f131fa/activerecord/lib/active_record/connection_adapters/query_intent.rb:172:in 'ActiveRecord::ConnectionAdapters::QueryIntent#execute!'
    /usr/local/bundle/bundler/gems/rails-d0e506f131fa/activerecord/lib/active_record/connection_adapters/sqlite3/database_statements.rb:86:in 'ActiveRecord::ConnectionAdapters::SQLite3::DatabaseStatements#execute_batch'
    /usr/local/bundle/bundler/gems/rails-d0e506f131fa/activerecord/lib/active_record/connection_adapters/abstract/database_statements.rb:653:in 'block (2 levels) in ActiveRecord::ConnectionAdapters::DatabaseStatements#insert_fixtures_set'
    /usr/local/bundle/bundler/gems/rails-d0e506f131fa/activerecord/lib/active_record/connection_adapters/sqlite3_adapter.rb:316:in 'ActiveRecord::ConnectionAdapters::SQLite3Adapter#disable_referential_integrity'
    /usr/local/bundle/bundler/gems/rails-d0e506f131fa/activerecord/lib/active_record/connection_adapters/abstract/database_statements.rb:652:in 'block in ActiveRecord::ConnectionAdapters::DatabaseStatements#insert_fixtures_set'
    /usr/local/bundle/bundler/gems/rails-d0e506f131fa/activerecord/lib/active_record/connection_adapters/abstract/transaction.rb:650:in 'block in ActiveRecord::ConnectionAdapters::TransactionManager#within_new_transaction'
    /usr/local/bundle/bundler/gems/rails-d0e506f131fa/activesupport/lib/active_support/concurrency/null_lock.rb:9:in 'ActiveSupport::Concurrency::NullLock#synchronize'
    /usr/local/bundle/bundler/gems/rails-d0e506f131fa/activerecord/lib/active_record/connection_adapters/abstract/transaction.rb:647:in 'ActiveRecord::ConnectionAdapters::TransactionManager#within_new_transaction'
    /usr/local/bundle/bundler/gems/rails-d0e506f131fa/activerecord/lib/active_record/connection_adapters/abstract/database_statements.rb:531:in 'ActiveRecord::ConnectionAdapters::DatabaseStatements#within_new_transaction'
    /usr/local/bundle/bundler/gems/rails-d0e506f131fa/activerecord/lib/active_record/connection_adapters/abstract/database_statements.rb:521:in 'ActiveRecord::ConnectionAdapters::DatabaseStatements#transaction'
    /usr/local/bundle/bundler/gems/rails-d0e506f131fa/activerecord/lib/active_record/connection_adapters/abstract/database_statements.rb:651:in 'ActiveRecord::ConnectionAdapters::DatabaseStatements#insert_fixtures_set'
    /usr/local/bundle/bundler/gems/rails-d0e506f131fa/activerecord/lib/active_record/fixtures.rb:695:in 'block (2 levels) in ActiveRecord::FixtureSet.insert'
    /usr/local/bundle/bundler/gems/rails-d0e506f131fa/activerecord/lib/active_record/connection_adapters/abstract/connection_pool.rb:464:in 'ActiveRecord::ConnectionAdapters::ConnectionPool#with_connection'
    /usr/local/bundle/bundler/gems/rails-d0e506f131fa/activerecord/lib/active_record/fixtures.rb:694:in 'block in ActiveRecord::FixtureSet.insert'
    /usr/local/bundle/bundler/gems/rails-d0e506f131fa/activerecord/lib/active_record/fixtures.rb:685:in 'Hash#each'
    /usr/local/bundle/bundler/gems/rails-d0e506f131fa/activerecord/lib/active_record/fixtures.rb:685:in 'ActiveRecord::FixtureSet.insert'
    /usr/local/bundle/bundler/gems/rails-d0e506f131fa/activerecord/lib/active_record/fixtures.rb:671:in 'ActiveRecord::FixtureSet.read_and_insert'
    /usr/local/bundle/bundler/gems/rails-d0e506f131fa/activerecord/lib/active_record/fixtures.rb:616:in 'ActiveRecord::FixtureSet.create_fixtures'
    /usr/local/bundle/bundler/gems/rails-d0e506f131fa/activerecord/lib/active_record/test_fixtures.rb:291:in 'ActiveRecord::TestFixtures#load_fixtures'
    /usr/local/bundle/bundler/gems/rails-d0e506f131fa/activerecord/lib/active_record/test_fixtures.rb:146:in 'ActiveRecord::TestFixtures#setup_fixtures'
    /usr/local/bundle/bundler/gems/rails-d0e506f131fa/activerecord/lib/active_record/test_fixtures.rb:10:in 'ActiveRecord::TestFixtures#before_setup'
    /usr/local/bundle/bundler/gems/rails-d0e506f131fa/activejob/lib/active_job/test_helper.rb:83:in 'ActiveJob::TestHelper#before_setup'
    /usr/local/bundle/bundler/gems/rails-d0e506f131fa/actioncable/lib/action_cable/test_helper.rb:15:in 'ActionCable::TestHelper#before_setup'
    /usr/local/bundle/bundler/gems/rails-d0e506f131fa/activesupport/lib/active_support/testing/setup_and_teardown.rb:82:in 'ActiveSupport::Testing::SetupAndTeardown#before_setup'
    /usr/local/bundle/bundler/gems/rails-d0e506f131fa/actionpack/lib/action_dispatch/testing/integration.rb:362:in 'ActionDispatch::Integration::Runner#before_setup'
    /usr/local/bundle/bundler/gems/rails-d0e506f131fa/railties/lib/rails/test_help.rb:45:in 'ActionDispatch::IntegrationTest#before_setup'

Error:
Cards::GoldnessesControllerTest#test_destroy_as_JSON:
Mocha::NotInitializedError: Mocha::Mockery.teardown called before Mocha::Mockery.setup
    

bin/rails test test/controllers/cards/goldnesses_controller_test.rb:33

E

Error:
My::PasskeysControllerTest#test_index:
ActiveRecord::NotNullViolation: SQLite3::ConstraintException: NOT NULL constraint failed: accesses.account_id
    /usr/local/bundle/gems/sqlite3-2.9.5-x86_64-linux-gnu/lib/sqlite3/database.rb:337:in 'SQLite3::Database#exec_batch'
    /usr/local/bundle/gems/sqlite3-2.9.5-x86_64-linux-gnu/lib/sqlite3/database.rb:337:in 'SQLite3::Database#execute_batch2'
    /usr/local/bundle/bundler/gems/rails-d0e506f131fa/activerecord/lib/active_record/connection_adapters/sqlite3/database_statements.rb:109:in 'ActiveRecord::ConnectionAdapters::SQLite3::DatabaseStatements#perform_query'
    /usr/local/bundle/bundler/gems/rails-d0e506f131fa/activerecord/lib/active_record/connection_adapters/abstract/database_statements.rb:712:in 'block (2 levels) in ActiveRecord::ConnectionAdapters::DatabaseStatements#execute_intent'
    /usr/local/bundle/bundler/gems/rails-d0e506f131fa/activerecord/lib/active_record/connection_adapters/abstract_adapter.rb:1128:in 'block in ActiveRecord::ConnectionAdapters::AbstractAdapter#with_raw_connection'
    /usr/local/bundle/bundler/gems/rails-d0e506f131fa/activesupport/lib/active_support/concurrency/null_lock.rb:9:in 'ActiveSupport::Concurrency::NullLock#synchronize'
    /usr/local/bundle/bundler/gems/rails-d0e506f131fa/activerecord/lib/active_record/connection_adapters/abstract_adapter.rb:1093:in 'ActiveRecord::ConnectionAdapters::AbstractAdapter#with_raw_connection'
    /usr/local/bundle/bundler/gems/rails-d0e506f131fa/activerecord/lib/active_record/connection_adapters/abstract/database_statements.rb:709:in 'block in ActiveRecord::ConnectionAdapters::DatabaseStatements#execute_intent'
    /usr/local/bundle/bundler/gems/rails-d0e506f131fa/activesupport/lib/active_support/notifications/instrumenter.rb:86:in 'ActiveSupport::Notifications::Instrumenter#instrument'
    /usr/local/bundle/bundler/gems/rails-d0e506f131fa/activerecord/lib/active_record/connection_adapters/abstract_adapter.rb:1266:in 'ActiveRecord::ConnectionAdapters::AbstractAdapter#log'
    /usr/local/bundle/bundler/gems/rails-d0e506f131fa/activerecord/lib/active_record/connection_adapters/abstract/database_statements.rb:707:in 'ActiveRecord::ConnectionAdapters::DatabaseStatements#execute_intent'
    /usr/local/bundle/bundler/gems/rails-d0e506f131fa/activerecord/lib/active_record/connection_adapters/query_intent.rb:322:in 'ActiveRecord::ConnectionAdapters::QueryIntent#run_query!'
    /usr/local/bundle/bundler/gems/rails-d0e506f131fa/activerecord/lib/active_record/connection_adapters/query_intent.rb:172:in 'ActiveRecord::ConnectionAdapters::QueryIntent#execute!'
    /usr/local/bundle/bundler/gems/rails-d0e506f131fa/activerecord/lib/active_record/connection_adapters/sqlite3/database_statements.rb:86:in 'ActiveRecord::ConnectionAdapters::SQLite3::DatabaseStatements#execute_batch'
    /usr/local/bundle/bundler/gems/rails-d0e506f131fa/activerecord/lib/active_record/connection_adapters/abstract/database_statements.rb:653:in 'block (2 levels) in ActiveRecord::ConnectionAdapters::DatabaseStatements#insert_fixtures_set'
    /usr/local/bundle/bundler/gems/rails-d0e506f131fa/activerecord/lib/active_record/connection_adapters/sqlite3_adapter.rb:316:in 'ActiveRecord::ConnectionAdapters::SQLite3Adapter#disable_referential_integrity'
    /usr/local/bundle/bundler/gems/rails-d0e506f131fa/activerecord/lib/active_record/connection_adapters/abstract/database_statements.rb:652:in 'block in ActiveRecord::ConnectionAdapters::DatabaseStatements#insert_fixtures_set'
    /usr/local/bundle/bundler/gems/rails-d0e506f131fa/activerecord/lib/active_record/connection_adapters/abstract/transaction.rb:650:in 'block in ActiveRecord::ConnectionAdapters::TransactionManager#within_new_transaction'
    /usr/local/bundle/bundler/gems/rails-d0e506f131fa/activesupport/lib/active_support/concurrency/null_lock.rb:9:in 'ActiveSupport::Concurrency::NullLock#synchronize'
    /usr/local/bundle/bundler/gems/rails-d0e506f131fa/activerecord/lib/active_record/connection_adapters/abstract/transaction.rb:647:in 'ActiveRecord::ConnectionAdapters::TransactionManager#within_new_transaction'
    /usr/local/bundle/bundler/gems/rails-d0e506f131fa/activerecord/lib/active_record/connection_adapters/abstract/database_statements.rb:531:in 'ActiveRecord::ConnectionAdapters::DatabaseStatements#within_new_transaction'
    /usr/local/bundle/bundler/gems/rails-d0e506f131fa/activerecord/lib/active_record/connection_adapters/abstract/database_statements.rb:521:in 'ActiveRecord::ConnectionAdapters::DatabaseStatements#transaction'
    /usr/local/bundle/bundler/gems/rails-d0e506f131fa/activerecord/lib/active_record/connection_adapters/abstract/database_statements.rb:651:in 'ActiveRecord::ConnectionAdapters::DatabaseStatements#insert_fixtures_set'
    /usr/local/bundle/bundler/gems/rails-d0e506f131fa/activerecord/lib/active_record/fixtures.rb:695:in 'block (2 levels) in ActiveRecord::FixtureSet.insert'
    /usr/local/bundle/bundler/gems/rails-d0e506f131fa/activerecord/lib/active_record/connection_adapters/abstract/connection_pool.rb:464:in 'ActiveRecord::ConnectionAdapters::ConnectionPool#with_connection'
    /usr/local/bundle/bundler/gems/rails-d0e506f131fa/activerecord/lib/active_record/fixtures.rb:694:in 'block in ActiveRecord::FixtureSet.insert'
    /usr/local/bundle/bundler/gems/rails-d0e506f131fa/activerecord/lib/active_record/fixtures.rb:685:in 'Hash#each'
    /usr/local/bundle/bundler/gems/rails-d0e506f131fa/activerecord/lib/active_record/fixtures.rb:685:in 'ActiveRecord::FixtureSet.insert'
    /usr/local/bundle/bundler/gems/rails-d0e506f131fa/activerecord/lib/active_record/fixtures.rb:671:in 'ActiveRecord::FixtureSet.read_and_insert'
    /usr/local/bundle/bundler/gems/rails-d0e506f131fa/activerecord/lib/active_record/fixtures.rb:616:in 'ActiveRecord::FixtureSet.create_fixtures'
    /usr/local/bundle/bundler/gems/rails-d0e506f131fa/activerecord/lib/active_record/test_fixtures.rb:291:in 'ActiveRecord::TestFixtures#load_fixtures'
    /usr/local/bundle/bundler/gems/rails-d0e506f131fa/activerecord/lib/active_record/test_fixtures.rb:146:in 'ActiveRecord::TestFixtures#setup_fixtures'
    /usr/local/bundle/bundler/gems/rails-d0e506f131fa/activerecord/lib/active_record/test_fixtures.rb:10:in 'ActiveRecord::TestFixtures#before_setup'
    /usr/local/bundle/bundler/gems/rails-d0e506f131fa/activejob/lib/active_job/test_helper.rb:83:in 'ActiveJob::TestHelper#before_setup'
    /usr/local/bundle/bundler/gems/rails-d0e506f131fa/actioncable/lib/action_cable/test_helper.rb:15:in 'ActionCable::TestHelper#before_setup'
    /usr/local/bundle/bundler/gems/rails-d0e506f131fa/activesupport/lib/active_support/testing/setup_and_teardown.rb:82:in 'ActiveSupport::Testing::SetupAndTeardown#before_setup'
    /usr/local/bundle/bundler/gems/rails-d0e506f131fa/actionpack/lib/action_dispatch/testing/integration.rb:362:in 'ActionDispatch::Integration::Runner#before_setup'
    /usr/local/bundle/bundler/gems/rails-d0e506f131fa/railties/lib/rails/test_help.rb:45:in 'ActionDispatch::IntegrationTest#before_setup'

Error:
My::PasskeysControllerTest#test_index:
Mocha::NotInitializedError: Mocha::Mockery.teardown called before Mocha::Mockery.setup
    

bin/rails test test/controllers/my/passkeys_controller_test.rb:10

E

Error:
Cards::GoldnessesControllerTest#test_create:
ActiveRecord::NotNullViolation: SQLite3::ConstraintException: NOT NULL constraint failed: accesses.account_id
    /usr/local/bundle/gems/sqlite3-2.9.5-x86_64-linux-gnu/lib/sqlite3/database.rb:337:in 'SQLite3::Database#exec_batch'
    /usr/local/bundle/gems/sqlite3-2.9.5-x86_64-linux-gnu/lib/sqlite3/database.rb:337:in 'SQLite3::Database#execute_batch2'
    /usr/local/bundle/bundler/gems/rails-d0e506f131fa/activerecord/lib/active_record/connection_adapters/sqlite3/database_statements.rb:109:in 'ActiveRecord::ConnectionAdapters::SQLite3::DatabaseStatements#perform_query'
    /usr/local/bundle/bundler/gems/rails-d0e506f131fa/activerecord/lib/active_record/connection_adapters/abstract/database_statements.rb:712:in 'block (2 levels) in ActiveRecord::ConnectionAdapters::DatabaseStatements#execute_intent'
    /usr/local/bundle/bundler/gems/rails-d0e506f131fa/activerecord/lib/active_record/connection_adapters/abstract_adapter.rb:1128:in 'block in ActiveRecord::ConnectionAdapters::AbstractAdapter#with_raw_connection'
    /usr/local/bundle/bundler/gems/rails-d0e506f131fa/activesupport/lib/active_support/concurrency/null_lock.rb:9:in 'ActiveSupport::Concurrency::NullLock#synchronize'
    /usr/local/bundle/bundler/gems/rails-d0e506f131fa/activerecord/lib/active_record/connection_adapters/abstract_adapter.rb:1093:in 'ActiveRecord::ConnectionAdapters::AbstractAdapter#with_raw_connection'
    /usr/local/bundle/bundler/gems/rails-d0e506f131fa/activerecord/lib/active_record/connection_adapters/abstract/database_statements.rb:709:in 'block in ActiveRecord::ConnectionAdapters::DatabaseStatements#execute_intent'
    /usr/local/bundle/bundler/gems/rails-d0e506f131fa/activesupport/lib/active_support/notifications/instrumenter.rb:86:in 'ActiveSupport::Notifications::Instrumenter#instrument'
    /usr/local/bundle/bundler/gems/rails-d0e506f131fa/activerecord/lib/active_record/connection_adapters/abstract_adapter.rb:1266:in 'ActiveRecord::ConnectionAdapters::AbstractAdapter#log'
    /usr/local/bundle/bundler/gems/rails-d0e506f131fa/activerecord/lib/active_record/connection_adapters/abstract/database_statements.rb:707:in 'ActiveRecord::ConnectionAdapters::DatabaseStatements#execute_intent'
    /usr/local/bundle/bundler/gems/rails-d0e506f131fa/activerecord/lib/active_record/connection_adapters/query_intent.rb:322:in 'ActiveRecord::ConnectionAdapters::QueryIntent#run_query!'
    /usr/local/bundle/bundler/gems/rails-d0e506f131fa/activerecord/lib/active_record/connection_adapters/query_intent.rb:172:in 'ActiveRecord::ConnectionAdapters::QueryIntent#execute!'
    /usr/local/bundle/bundler/gems/rails-d0e506f131fa/activerecord/lib/active_record/connection_adapters/sqlite3/database_statements.rb:86:in 'ActiveRecord::ConnectionAdapters::SQLite3::DatabaseStatements#execute_batch'
    /usr/local/bundle/bundler/gems/rails-d0e506f131fa/activerecord/lib/active_record/connection_adapters/abstract/database_statements.rb:653:in 'block (2 levels) in ActiveRecord::ConnectionAdapters::DatabaseStatements#insert_fixtures_set'
    /usr/local/bundle/bundler/gems/rails-d0e506f131fa/activerecord/lib/active_record/connection_adapters/sqlite3_adapter.rb:316:in 'ActiveRecord::ConnectionAdapters::SQLite3Adapter#disable_referential_integrity'
    /usr/local/bundle/bundler/gems/rails-d0e506f131fa/activerecord/lib/active_record/connection_adapters/abstract/database_statements.rb:652:in 'block in ActiveRecord::ConnectionAdapters::DatabaseStatements#insert_fixtures_set'
    /usr/local/bundle/bundler/gems/rails-d0e506f131fa/activerecord/lib/active_record/connection_adapters/abstract/transaction.rb:650:in 'block in ActiveRecord::ConnectionAdapters::TransactionManager#within_new_transaction'
    /usr/local/bundle/bundler/gems/rails-d0e506f131fa/activesupport/lib/active_support/concurrency/null_lock.rb:9:in 'ActiveSupport::Concurrency::NullLock#synchronize'
    /usr/local/bundle/bundler/gems/rails-d0e506f131fa/activerecord/lib/active_record/connection_adapters/abstract/transaction.rb:647:in 'ActiveRecord::ConnectionAdapters::TransactionManager#within_new_transaction'
    /usr/local/bundle/bundler/gems/rails-d0e506f131fa/activerecord/lib/active_record/connection_adapters/abstract/database_statements.rb:531:in 'ActiveRecord::ConnectionAdapters::DatabaseStatements#within_new_transaction'
    /usr/local/bundle/bundler/gems/rails-d0e506f131fa/activerecord/lib/active_record/connection_adapters/abstract/database_statements.rb:521:in 'ActiveRecord::ConnectionAdapters::DatabaseStatements#transaction'
    /usr/local/bundle/bundler/gems/rails-d0e506f131fa/activerecord/lib/active_record/connection_adapters/abstract/database_statements.rb:651:in 'ActiveRecord::ConnectionAdapters::DatabaseStatements#insert_fixtures_set'
    /usr/local/bundle/bundler/gems/rails-d0e506f131fa/activerecord/lib/active_record/fixtures.rb:695:in 'block (2 levels) in ActiveRecord::FixtureSet.insert'
    /usr/local/bundle/bundler/gems/rails-d0e506f131fa/activerecord/lib/active_record/connection_adapters/abstract/connection_pool.rb:464:in 'ActiveRecord::ConnectionAdapters::ConnectionPool#with_connection'
    /usr/local/bundle/bundler/gems/rails-d0e506f131fa/activerecord/lib/active_record/fixtures.rb:694:in 'block in ActiveRecord::FixtureSet.insert'
    /usr/local/bundle/bundler/gems/rails-d0e506f131fa/activerecord/lib/active_record/fixtures.rb:685:in 'Hash#each'
    /usr/local/bundle/bundler/gems/rails-d0e506f131fa/activerecord/lib/active_record/fixtures.rb:685:in 'ActiveRecord::FixtureSet.insert'
    /usr/local/bundle/bundler/gems/rails-d0e506f131fa/activerecord/lib/active_record/fixtures.rb:671:in 'ActiveRecord::FixtureSet.read_and_insert'
    /usr/local/bundle/bundler/gems/rails-d0e506f131fa/activerecord/lib/active_record/fixtures.rb:616:in 'ActiveRecord::FixtureSet.create_fixtures'
    /usr/local/bundle/bundler/gems/rails-d0e506f131fa/activerecord/lib/active_record/test_fixtures.rb:291:in 'ActiveRecord::TestFixtures#load_fixtures'
    /usr/local/bundle/bundler/gems/rails-d0e506f131fa/activerecord/lib/active_record/test_fixtures.rb:146:in 'ActiveRecord::TestFixtures#setup_fixtures'
    /usr/local/bundle/bundler/gems/rails-d0e506f131fa/activerecord/lib/active_record/test_fixtures.rb:10:in 'ActiveRecord::TestFixtures#before_setup'
    /usr/local/bundle/bundler/gems/rails-d0e506f131fa/activejob/lib/active_job/test_helper.rb:83:in 'ActiveJob::TestHelper#before_setup'
    /usr/local/bundle/bundler/gems/rails-d0e506f131fa/actioncable/lib/action_cable/test_helper.rb:15:in 'ActionCable::TestHelper#before_setup'
    /usr/local/bundle/bundler/gems/rails-d0e506f131fa/activesupport/lib/active_support/testing/setup_and_teardown.rb:82:in 'ActiveSupport::Testing::SetupAndTeardown#before_setup'
    /usr/local/bundle/bundler/gems/rails-d0e506f131fa/actionpack/lib/action_dispatch/testing/integration.rb:362:in 'ActionDispatch::Integration::Runner#before_setup'
    /usr/local/bundle/bundler/gems/rails-d0e506f131fa/railties/lib/rails/test_help.rb:45:in 'ActionDispatch::IntegrationTest#before_setup'

Error:
Cards::GoldnessesControllerTest#test_create:
Mocha::NotInitializedError: Mocha::Mockery.teardown called before Mocha::Mockery.setup
    

bin/rails test test/controllers/cards/goldnesses_controller_test.rb:8

E

Error:
Account::ExportTest#test_cleanup_deletes_exports_completed_more_than_24_hours_ago:
ActiveRecord::NotNullViolation: SQLite3::ConstraintException: NOT NULL constraint failed: accesses.account_id
    /usr/local/bundle/gems/sqlite3-2.9.5-x86_64-linux-gnu/lib/sqlite3/database.rb:337:in 'SQLite3::Database#exec_batch'
    /usr/local/bundle/gems/sqlite3-2.9.5-x86_64-linux-gnu/lib/sqlite3/database.rb:337:in 'SQLite3::Database#execute_batch2'
    /usr/local/bundle/bundler/gems/rails-d0e506f131fa/activerecord/lib/active_record/connection_adapters/sqlite3/database_statements.rb:109:in 'ActiveRecord::ConnectionAdapters::SQLite3::DatabaseStatements#perform_query'
    /usr/local/bundle/bundler/gems/rails-d0e506f131fa/activerecord/lib/active_record/connection_adapters/abstract/database_statements.rb:712:in 'block (2 levels) in ActiveRecord::ConnectionAdapters::DatabaseStatements#execute_intent'
    /usr/local/bundle/bundler/gems/rails-d0e506f131fa/activerecord/lib/active_record/connection_adapters/abstract_adapter.rb:1128:in 'block in ActiveRecord::ConnectionAdapters::AbstractAdapter#with_raw_connection'
    /usr/local/bundle/bundler/gems/rails-d0e506f131fa/activesupport/lib/active_support/concurrency/null_lock.rb:9:in 'ActiveSupport::Concurrency::NullLock#synchronize'
    /usr/local/bundle/bundler/gems/rails-d0e506f131fa/activerecord/lib/active_record/connection_adapters/abstract_adapter.rb:1093:in 'ActiveRecord::ConnectionAdapters::AbstractAdapter#with_raw_connection'
    /usr/local/bundle/bundler/gems/rails-d0e506f131fa/activerecord/lib/active_record/connection_adapters/abstract/database_statements.rb:709:in 'block in ActiveRecord::ConnectionAdapters::DatabaseStatements#execute_intent'
    /usr/local/bundle/bundler/gems/rails-d0e506f131fa/activesupport/lib/active_support/notifications/instrumenter.rb:86:in 'ActiveSupport::Notifications::Instrumenter#instrument'
    /usr/local/bundle/bundler/gems/rails-d0e506f131fa/activerecord/lib/active_record/connection_adapters/abstract_adapter.rb:1266:in 'ActiveRecord::ConnectionAdapters::AbstractAdapter#log'
    /usr/local/bundle/bundler/gems/rails-d0e506f131fa/activerecord/lib/active_record/connection_adapters/abstract/database_statements.rb:707:in 'ActiveRecord::ConnectionAdapters::DatabaseStatements#execute_intent'
    /usr/local/bundle/bundler/gems/rails-d0e506f131fa/activerecord/lib/active_record/connection_adapters/query_intent.rb:322:in 'ActiveRecord::ConnectionAdapters::QueryIntent#run_query!'
    /usr/local/bundle/bundler/gems/rails-d0e506f131fa/activerecord/lib/active_record/connection_adapters/query_intent.rb:172:in 'ActiveRecord::ConnectionAdapters::QueryIntent#execute!'
    /usr/local/bundle/bundler/gems/rails-d0e506f131fa/activerecord/lib/active_record/connection_adapters/sqlite3/database_statements.rb:86:in 'ActiveRecord::ConnectionAdapters::SQLite3::DatabaseStatements#execute_batch'
    /usr/local/bundle/bundler/gems/rails-d0e506f131fa/activerecord/lib/active_record/connection_adapters/abstract/database_statements.rb:653:in 'block (2 levels) in ActiveRecord::ConnectionAdapters::DatabaseStatements#insert_fixtures_set'
    /usr/local/bundle/bundler/gems/rails-d0e506f131fa/activerecord/lib/active_record/connection_adapters/sqlite3_adapter.rb:316:in 'ActiveRecord::ConnectionAdapters::SQLite3Adapter#disable_referential_integrity'
    /usr/local/bundle/bundler/gems/rails-d0e506f131fa/activerecord/lib/active_record/connection_adapters/abstract/database_statements.rb:652:in 'block in ActiveRecord::ConnectionAdapters::DatabaseStatements#insert_fixtures_set'
    /usr/local/bundle/bundler/gems/rails-d0e506f131fa/activerecord/lib/active_record/connection_adapters/abstract/transaction.rb:650:in 'block in ActiveRecord::ConnectionAdapters::TransactionManager#within_new_transaction'
    /usr/local/bundle/bundler/gems/rails-d0e506f131fa/activesupport/lib/active_support/concurrency/null_lock.rb:9:in 'ActiveSupport::Concurrency::NullLock#synchronize'
    /usr/local/bundle/bundler/gems/rails-d0e506f131fa/activerecord/lib/active_record/connection_adapters/abstract/transaction.rb:647:in 'ActiveRecord::ConnectionAdapters::TransactionManager#within_new_transaction'
    /usr/local/bundle/bundler/gems/rails-d0e506f131fa/activerecord/lib/active_record/connection_adapters/abstract/database_statements.rb:531:in 'ActiveRecord::ConnectionAdapters::DatabaseStatements#within_new_transaction'
    /usr/local/bundle/bundler/gems/rails-d0e506f131fa/activerecord/lib/active_record/connection_adapters/abstract/database_statements.rb:521:in 'ActiveRecord::ConnectionAdapters::DatabaseStatements#transaction'
    /usr/local/bundle/bundler/gems/rails-d0e506f131fa/activerecord/lib/active_record/connection_adapters/abstract/database_statements.rb:651:in 'ActiveRecord::ConnectionAdapters::DatabaseStatements#insert_fixtures_set'
    /usr/local/bundle/bundler/gems/rails-d0e506f131fa/activerecord/lib/active_record/fixtures.rb:695:in 'block (2 levels) in ActiveRecord::FixtureSet.insert'
    /usr/local/bundle/bundler/gems/rails-d0e506f131fa/activerecord/lib/active_record/connection_adapters/abstract/connection_pool.rb:464:in 'ActiveRecord::ConnectionAdapters::ConnectionPool#with_connection'
    /usr/local/bundle/bundler/gems/rails-d0e506f131fa/activerecord/lib/active_record/fixtures.rb:694:in 'block in ActiveRecord::FixtureSet.insert'
    /usr/local/bundle/bundler/gems/rails-d0e506f131fa/activerecord/lib/active_record/fixtures.rb:685:in 'Hash#each'
    /usr/local/bundle/bundler/gems/rails-d0e506f131fa/activerecord/lib/active_record/fixtures.rb:685:in 'ActiveRecord::FixtureSet.insert'
    /usr/local/bundle/bundler/gems/rails-d0e506f131fa/activerecord/lib/active_record/fixtures.rb:671:in 'ActiveRecord::FixtureSet.read_and_insert'
    /usr/local/bundle/bundler/gems/rails-d0e506f131fa/activerecord/lib/active_record/fixtures.rb:616:in 'ActiveRecord::FixtureSet.create_fixtures'
    /usr/local/bundle/bundler/gems/rails-d0e506f131fa/activerecord/lib/active_record/test_fixtures.rb:291:in 'ActiveRecord::TestFixtures#load_fixtures'
    /usr/local/bundle/bundler/gems/rails-d0e506f131fa/activerecord/lib/active_record/test_fixtures.rb:146:in 'ActiveRecord::TestFixtures#setup_fixtures'
    /usr/local/bundle/bundler/gems/rails-d0e506f131fa/activerecord/lib/active_record/test_fixtures.rb:10:in 'ActiveRecord::TestFixtures#before_setup'
    /usr/local/bundle/bundler/gems/rails-d0e506f131fa/activejob/lib/active_job/test_helper.rb:83:in 'ActiveJob::TestHelper#before_setup'
    /usr/local/bundle/bundler/gems/rails-d0e506f131fa/actioncable/lib/action_cable/test_helper.rb:15:in 'ActionCable::TestHelper#before_setup'
    /usr/local/bundle/bundler/gems/rails-d0e506f131fa/activesupport/lib/active_support/testing/setup_and_teardown.rb:82:in 'ActiveSupport::Testing::SetupAndTeardown#before_setup'

Error:
Account::ExportTest#test_cleanup_deletes_exports_completed_more_than_24_hours_ago:
Mocha::NotInitializedError: Mocha::Mockery.teardown called before Mocha::Mockery.setup
    

bin/rails test test/models/account/export_test.rb:23

E

Error:
Account::ExportTest#test_build_succeeds_when_rich_text_references_missing_blob:
ActiveRecord::NotNullViolation: SQLite3::ConstraintException: NOT NULL constraint failed: accesses.account_id
    /usr/local/bundle/gems/sqlite3-2.9.5-x86_64-linux-gnu/lib/sqlite3/database.rb:337:in 'SQLite3::Database#exec_batch'
    /usr/local/bundle/gems/sqlite3-2.9.5-x86_64-linux-gnu/lib/sqlite3/database.rb:337:in 'SQLite3::Database#execute_batch2'
    /usr/local/bundle/bundler/gems/rails-d0e506f131fa/activerecord/lib/active_record/connection_adapters/sqlite3/database_statements.rb:109:in 'ActiveRecord::ConnectionAdapters::SQLite3::DatabaseStatements#perform_query'
    /usr/local/bundle/bundler/gems/rails-d0e506f131fa/activerecord/lib/active_record/connection_adapters/abstract/database_statements.rb:712:in 'block (2 levels) in ActiveRecord::ConnectionAdapters::DatabaseStatements#execute_intent'
    /usr/local/bundle/bundler/gems/rails-d0e506f131fa/activerecord/lib/active_record/connection_adapters/abstract_adapter.rb:1128:in 'block in ActiveRecord::ConnectionAdapters::AbstractAdapter#with_raw_connection'
    /usr/local/bundle/bundler/gems/rails-d0e506f131fa/activesupport/lib/active_support/concurrency/null_lock.rb:9:in 'ActiveSupport::Concurrency::NullLock#synchronize'
    /usr/local/bundle/bundler/gems/rails-d0e506f131fa/activerecord/lib/active_record/connection_adapters/abstract_adapter.rb:1093:in 'ActiveRecord::ConnectionAdapters::AbstractAdapter#with_raw_connection'
    /usr/local/bundle/bundler/gems/rails-d0e506f131fa/activerecord/lib/active_record/connection_adapters/abstract/database_statements.rb:709:in 'block in ActiveRecord::ConnectionAdapters::DatabaseStatements#execute_intent'
    /usr/local/bundle/bundler/gems/rails-d0e506f131fa/activesupport/lib/active_support/notifications/instrumenter.rb:86:in 'ActiveSupport::Notifications::Instrumenter#instrument'
    /usr/local/bundle/bundler/gems/rails-d0e506f131fa/activerecord/lib/active_record/connection_adapters/abstract_adapter.rb:1266:in 'ActiveRecord::ConnectionAdapters::AbstractAdapter#log'
    /usr/local/bundle/bundler/gems/rails-d0e506f131fa/activerecord/lib/active_record/connection_adapters/abstract/database_statements.rb:707:in 'ActiveRecord::ConnectionAdapters::DatabaseStatements#execute_intent'
    /usr/local/bundle/bundler/gems/rails-d0e506f131fa/activerecord/lib/active_record/connection_adapters/query_intent.rb:322:in 'ActiveRecord::ConnectionAdapters::QueryIntent#run_query!'
    /usr/local/bundle/bundler/gems/rails-d0e506f131fa/activerecord/lib/active_record/connection_adapters/query_intent.rb:172:in 'ActiveRecord::ConnectionAdapters::QueryIntent#execute!'
    /usr/local/bundle/bundler/gems/rails-d0e506f131fa/activerecord/lib/active_record/connection_adapters/sqlite3/database_statements.rb:86:in 'ActiveRecord::ConnectionAdapters::SQLite3::DatabaseStatements#execute_batch'
    /usr/local/bundle/bundler/gems/rails-d0e506f131fa/activerecord/lib/active_record/connection_adapters/abstract/database_statements.rb:653:in 'block (2 levels) in ActiveRecord::ConnectionAdapters::DatabaseStatements#insert_fixtures_set'
    /usr/local/bundle/bundler/gems/rails-d0e506f131fa/activerecord/lib/active_record/connection_adapters/sqlite3_adapter.rb:316:in 'ActiveRecord::ConnectionAdapters::SQLite3Adapter#disable_referential_integrity'
    /usr/local/bundle/bundler/gems/rails-d0e506f131fa/activerecord/lib/active_record/connection_adapters/abstract/database_statements.rb:652:in 'block in ActiveRecord::ConnectionAdapters::DatabaseStatements#insert_fixtures_set'
    /usr/local/bundle/bundler/gems/rails-d0e506f131fa/activerecord/lib/active_record/connection_adapters/abstract/transaction.rb:650:in 'block in ActiveRecord::ConnectionAdapters::TransactionManager#within_new_transaction'
    /usr/local/bundle/bundler/gems/rails-d0e506f131fa/activesupport/lib/active_support/concurrency/null_lock.rb:9:in 'ActiveSupport::Concurrency::NullLock#synchronize'
    /usr/local/bundle/bundler/gems/rails-d0e506f131fa/activerecord/lib/active_record/connection_adapters/abstract/transaction.rb:647:in 'ActiveRecord::ConnectionAdapters::TransactionManager#within_new_transaction'
    /usr/local/bundle/bundler/gems/rails-d0e506f131fa/activerecord/lib/active_record/connection_adapters/abstract/database_statements.rb:531:in 'ActiveRecord::ConnectionAdapters::DatabaseStatements#within_new_transaction'
    /usr/local/bundle/bundler/gems/rails-d0e506f131fa/activerecord/lib/active_record/connection_adapters/abstract/database_statements.rb:521:in 'ActiveRecord::ConnectionAdapters::DatabaseStatements#transaction'
    /usr/local/bundle/bundler/gems/rails-d0e506f131fa/activerecord/lib/active_record/connection_adapters/abstract/database_statements.rb:651:in 'ActiveRecord::ConnectionAdapters::DatabaseStatements#insert_fixtures_set'
    /usr/local/bundle/bundler/gems/rails-d0e506f131fa/activerecord/lib/active_record/fixtures.rb:695:in 'block (2 levels) in ActiveRecord::FixtureSet.insert'
    /usr/local/bundle/bundler/gems/rails-d0e506f131fa/activerecord/lib/active_record/connection_adapters/abstract/connection_pool.rb:464:in 'ActiveRecord::ConnectionAdapters::ConnectionPool#with_connection'
    /usr/local/bundle/bundler/gems/rails-d0e506f131fa/activerecord/lib/active_record/fixtures.rb:694:in 'block in ActiveRecord::FixtureSet.insert'
    /usr/local/bundle/bundler/gems/rails-d0e506f131fa/activerecord/lib/active_record/fixtures.rb:685:in 'Hash#each'
    /usr/local/bundle/bundler/gems/rails-d0e506f131fa/activerecord/lib/active_record/fixtures.rb:685:in 'ActiveRecord::FixtureSet.insert'
    /usr/local/bundle/bundler/gems/rails-d0e506f131fa/activerecord/lib/active_record/fixtures.rb:671:in 'ActiveRecord::FixtureSet.read_and_insert'
    /usr/local/bundle/bundler/gems/rails-d0e506f131fa/activerecord/lib/active_record/fixtures.rb:616:in 'ActiveRecord::FixtureSet.create_fixtures'
    /usr/local/bundle/bundler/gems/rails-d0e506f131fa/activerecord/lib/active_record/test_fixtures.rb:291:in 'ActiveRecord::TestFixtures#load_fixtures'
    /usr/local/bundle/bundler/gems/rails-d0e506f131fa/activerecord/lib/active_record/test_fixtures.rb:146:in 'ActiveRecord::TestFixtures#setup_fixtures'
    /usr/local/bundle/bundler/gems/rails-d0e506f131fa/activerecord/lib/active_record/test_fixtures.rb:10:in 'ActiveRecord::TestFixtures#before_setup'
    /usr/local/bundle/bundler/gems/rails-d0e506f131fa/activejob/lib/active_job/test_helper.rb:83:in 'ActiveJob::TestHelper#before_setup'
    /usr/local/bundle/bundler/gems/rails-d0e506f131fa/actioncable/lib/action_cable/test_helper.rb:15:in 'ActionCable::TestHelper#before_setup'
    /usr/local/bundle/bundler/gems/rails-d0e506f131fa/activesupport/lib/active_support/testing/setup_and_teardown.rb:82:in 'ActiveSupport::Testing::SetupAndTeardown#before_setup'

Error:
Account::ExportTest#test_build_succeeds_when_rich_text_references_missing_blob:
Mocha::NotInitializedError: Mocha::Mockery.teardown called before Mocha::Mockery.setup
    

bin/rails test test/models/account/export_test.rb:134

E

Error:
Account::ExportTest#test_build_includes_variant_records_and_their_attachments_in_zip:
ActiveRecord::NotNullViolation: SQLite3::ConstraintException: NOT NULL constraint failed: accesses.account_id
    /usr/local/bundle/gems/sqlite3-2.9.5-x86_64-linux-gnu/lib/sqlite3/database.rb:337:in 'SQLite3::Database#exec_batch'
    /usr/local/bundle/gems/sqlite3-2.9.5-x86_64-linux-gnu/lib/sqlite3/database.rb:337:in 'SQLite3::Database#execute_batch2'
    /usr/local/bundle/bundler/gems/rails-d0e506f131fa/activerecord/lib/active_record/connection_adapters/sqlite3/database_statements.rb:109:in 'ActiveRecord::ConnectionAdapters::SQLite3::DatabaseStatements#perform_query'
    /usr/local/bundle/bundler/gems/rails-d0e506f131fa/activerecord/lib/active_record/connection_adapters/abstract/database_statements.rb:712:in 'block (2 levels) in ActiveRecord::ConnectionAdapters::DatabaseStatements#execute_intent'
    /usr/local/bundle/bundler/gems/rails-d0e506f131fa/activerecord/lib/active_record/connection_adapters/abstract_adapter.rb:1128:in 'block in ActiveRecord::ConnectionAdapters::AbstractAdapter#with_raw_connection'
    /usr/local/bundle/bundler/gems/rails-d0e506f131fa/activesupport/lib/active_support/concurrency/null_lock.rb:9:in 'ActiveSupport::Concurrency::NullLock#synchronize'
    /usr/local/bundle/bundler/gems/rails-d0e506f131fa/activerecord/lib/active_record/connection_adapters/abstract_adapter.rb:1093:in 'ActiveRecord::ConnectionAdapters::AbstractAdapter#with_raw_connection'
    /usr/local/bundle/bundler/gems/rails-d0e506f131fa/activerecord/lib/active_record/connection_adapters/abstract/database_statements.rb:709:in 'block in ActiveRecord::ConnectionAdapters::DatabaseStatements#execute_intent'
    /usr/local/bundle/bundler/gems/rails-d0e506f131fa/activesupport/lib/active_support/notifications/instrumenter.rb:86:in 'ActiveSupport::Notifications::Instrumenter#instrument'
    /usr/local/bundle/bundler/gems/rails-d0e506f131fa/activerecord/lib/active_record/connection_adapters/abstract_adapter.rb:1266:in 'ActiveRecord::ConnectionAdapters::AbstractAdapter#log'
    /usr/local/bundle/bundler/gems/rails-d0e506f131fa/activerecord/lib/active_record/connection_adapters/abstract/database_statements.rb:707:in 'ActiveRecord::ConnectionAdapters::DatabaseStatements#execute_intent'
    /usr/local/bundle/bundler/gems/rails-d0e506f131fa/activerecord/lib/active_record/connection_adapters/query_intent.rb:322:in 'ActiveRecord::ConnectionAdapters::QueryIntent#run_query!'
    /usr/local/bundle/bundler/gems/rails-d0e506f131fa/activerecord/lib/active_record/connection_adapters/query_intent.rb:172:in 'ActiveRecord::ConnectionAdapters::QueryIntent#execute!'
    /usr/local/bundle/bundler/gems/rails-d0e506f131fa/activerecord/lib/active_record/connection_adapters/sqlite3/database_statements.rb:86:in 'ActiveRecord::ConnectionAdapters::SQLite3::DatabaseStatements#execute_batch'
    /usr/local/bundle/bundler/gems/rails-d0e506f131fa/activerecord/lib/active_record/connection_adapters/abstract/database_statements.rb:653:in 'block (2 levels) in ActiveRecord::ConnectionAdapters::DatabaseStatements#insert_fixtures_set'
    /usr/local/bundle/bundler/gems/rails-d0e506f131fa/activerecord/lib/active_record/connection_adapters/sqlite3_adapter.rb:316:in 'ActiveRecord::ConnectionAdapters::SQLite3Adapter#disable_referential_integrity'
    /usr/local/bundle/bundler/gems/rails-d0e506f131fa/activerecord/lib/active_record/connection_adapters/abstract/database_statements.rb:652:in 'block in ActiveRecord::ConnectionAdapters::DatabaseStatements#insert_fixtures_set'
    /usr/local/bundle/bundler/gems/rails-d0e506f131fa/activerecord/lib/active_record/connection_adapters/abstract/transaction.rb:650:in 'block in ActiveRecord::ConnectionAdapters::TransactionManager#within_new_transaction'
    /usr/local/bundle/bundler/gems/rails-d0e506f131fa/activesupport/lib/active_support/concurrency/null_lock.rb:9:in 'ActiveSupport::Concurrency::NullLock#synchronize'
    /usr/local/bundle/bundler/gems/rails-d0e506f131fa/activerecord/lib/active_record/connection_adapters/abstract/transaction.rb:647:in 'ActiveRecord::ConnectionAdapters::TransactionManager#within_new_transaction'
    /usr/local/bundle/bundler/gems/rails-d0e506f131fa/activerecord/lib/active_record/connection_adapters/abstract/database_statements.rb:531:in 'ActiveRecord::ConnectionAdapters::DatabaseStatements#within_new_transaction'
    /usr/local/bundle/bundler/gems/rails-d0e506f131fa/activerecord/lib/active_record/connection_adapters/abstract/database_statements.rb:521:in 'ActiveRecord::ConnectionAdapters::DatabaseStatements#transaction'
    /usr/local/bundle/bundler/gems/rails-d0e506f131fa/activerecord/lib/active_record/connection_adapters/abstract/database_statements.rb:651:in 'ActiveRecord::ConnectionAdapters::DatabaseStatements#insert_fixtures_set'
    /usr/local/bundle/bundler/gems/rails-d0e506f131fa/activerecord/lib/active_record/fixtures.rb:695:in 'block (2 levels) in ActiveRecord::FixtureSet.insert'
    /usr/local/bundle/bundler/gems/rails-d0e506f131fa/activerecord/lib/active_record/connection_adapters/abstract/connection_pool.rb:464:in 'ActiveRecord::ConnectionAdapters::ConnectionPool#with_connection'
    /usr/local/bundle/bundler/gems/rails-d0e506f131fa/activerecord/lib/active_record/fixtures.rb:694:in 'block in ActiveRecord::FixtureSet.insert'
    /usr/local/bundle/bundler/gems/rails-d0e506f131fa/activerecord/lib/active_record/fixtures.rb:685:in 'Hash#each'
    /usr/local/bundle/bundler/gems/rails-d0e506f131fa/activerecord/lib/active_record/fixtures.rb:685:in 'ActiveRecord::FixtureSet.insert'
    /usr/local/bundle/bundler/gems/rails-d0e506f131fa/activerecord/lib/active_record/fixtures.rb:671:in 'ActiveRecord::FixtureSet.read_and_insert'
    /usr/local/bundle/bundler/gems/rails-d0e506f131fa/activerecord/lib/active_record/fixtures.rb:616:in 'ActiveRecord::FixtureSet.create_fixtures'
    /usr/local/bundle/bundler/gems/rails-d0e506f131fa/activerecord/lib/active_record/test_fixtures.rb:291:in 'ActiveRecord::TestFixtures#load_fixtures'
    /usr/local/bundle/bundler/gems/rails-d0e506f131fa/activerecord/lib/active_record/test_fixtures.rb:146:in 'ActiveRecord::TestFixtures#setup_fixtures'
    /usr/local/bundle/bundler/gems/rails-d0e506f131fa/activerecord/lib/active_record/test_fixtures.rb:10:in 'ActiveRecord::TestFixtures#before_setup'
    /usr/local/bundle/bundler/gems/rails-d0e506f131fa/activejob/lib/active_job/test_helper.rb:83:in 'ActiveJob::TestHelper#before_setup'
    /usr/local/bundle/bundler/gems/rails-d0e506f131fa/actioncable/lib/action_cable/test_helper.rb:15:in 'ActionCable::TestHelper#before_setup'
    /usr/local/bundle/bundler/gems/rails-d0e506f131fa/activesupport/lib/active_support/testing/setup_and_teardown.rb:82:in 'ActiveSupport::Testing::SetupAndTeardown#before_setup'

Error:
Account::ExportTest#test_build_includes_variant_records_and_their_attachments_in_zip:
Mocha::NotInitializedError: Mocha::Mockery.teardown called before Mocha::Mockery.setup
    

bin/rails test test/models/account/export_test.rb:94

E

Error:
Boards::Columns::NotNowsControllerTest#test_show:
ActiveRecord::NotNullViolation: SQLite3::ConstraintException: NOT NULL constraint failed: accesses.account_id
    /usr/local/bundle/gems/sqlite3-2.9.5-x86_64-linux-gnu/lib/sqlite3/database.rb:337:in 'SQLite3::Database#exec_batch'
    /usr/local/bundle/gems/sqlite3-2.9.5-x86_64-linux-gnu/lib/sqlite3/database.rb:337:in 'SQLite3::Database#execute_batch2'
    /usr/local/bundle/bundler/gems/rails-d0e506f131fa/activerecord/lib/active_record/connection_adapters/sqlite3/database_statements.rb:109:in 'ActiveRecord::ConnectionAdapters::SQLite3::DatabaseStatements#perform_query'
    /usr/local/bundle/bundler/gems/rails-d0e506f131fa/activerecord/lib/active_record/connection_adapters/abstract/database_statements.rb:712:in 'block (2 levels) in ActiveRecord::ConnectionAdapters::DatabaseStatements#execute_intent'
    /usr/local/bundle/bundler/gems/rails-d0e506f131fa/activerecord/lib/active_record/connection_adapters/abstract_adapter.rb:1128:in 'block in ActiveRecord::ConnectionAdapters::AbstractAdapter#with_raw_connection'
    /usr/local/bundle/bundler/gems/rails-d0e506f131fa/activesupport/lib/active_support/concurrency/null_lock.rb:9:in 'ActiveSupport::Concurrency::NullLock#synchronize'
    /usr/local/bundle/bundler/gems/rails-d0e506f131fa/activerecord/lib/active_record/connection_adapters/abstract_adapter.rb:1093:in 'ActiveRecord::ConnectionAdapters::AbstractAdapter#with_raw_connection'
    /usr/local/bundle/bundler/gems/rails-d0e506f131fa/activerecord/lib/active_record/connection_adapters/abstract/database_statements.rb:709:in 'block in ActiveRecord::ConnectionAdapters::DatabaseStatements#execute_intent'
    /usr/local/bundle/bundler/gems/rails-d0e506f131fa/activesupport/lib/active_support/notifications/instrumenter.rb:86:in 'ActiveSupport::Notifications::Instrumenter#instrument'
    /usr/local/bundle/bundler/gems/rails-d0e506f131fa/activerecord/lib/active_record/connection_adapters/abstract_adapter.rb:1266:in 'ActiveRecord::ConnectionAdapters::AbstractAdapter#log'
    /usr/local/bundle/bundler/gems/rails-d0e506f131fa/activerecord/lib/active_record/connection_adapters/abstract/database_statements.rb:707:in 'ActiveRecord::ConnectionAdapters::DatabaseStatements#execute_intent'
    /usr/local/bundle/bundler/gems/rails-d0e506f131fa/activerecord/lib/active_record/connection_adapters/query_intent.rb:322:in 'ActiveRecord::ConnectionAdapters::QueryIntent#run_query!'
    /usr/local/bundle/bundler/gems/rails-d0e506f131fa/activerecord/lib/active_record/connection_adapters/query_intent.rb:172:in 'ActiveRecord::ConnectionAdapters::QueryIntent#execute!'
    /usr/local/bundle/bundler/gems/rails-d0e506f131fa/activerecord/lib/active_record/connection_adapters/sqlite3/database_statements.rb:86:in 'ActiveRecord::ConnectionAdapters::SQLite3::DatabaseStatements#execute_batch'
    /usr/local/bundle/bundler/gems/rails-d0e506f131fa/activerecord/lib/active_record/connection_adapters/abstract/database_statements.rb:653:in 'block (2 levels) in ActiveRecord::ConnectionAdapters::DatabaseStatements#insert_fixtures_set'
    /usr/local/bundle/bundler/gems/rails-d0e506f131fa/activerecord/lib/active_record/connection_adapters/sqlite3_adapter.rb:316:in 'ActiveRecord::ConnectionAdapters::SQLite3Adapter#disable_referential_integrity'
    /usr/local/bundle/bundler/gems/rails-d0e506f131fa/activerecord/lib/active_record/connection_adapters/abstract/database_statements.rb:652:in 'block in ActiveRecord::ConnectionAdapters::DatabaseStatements#insert_fixtures_set'
    /usr/local/bundle/bundler/gems/rails-d0e506f131fa/activerecord/lib/active_record/connection_adapters/abstract/transaction.rb:650:in 'block in ActiveRecord::ConnectionAdapters::TransactionManager#within_new_transaction'
    /usr/local/bundle/bundler/gems/rails-d0e506f131fa/activesupport/lib/active_support/concurrency/null_lock.rb:9:in 'ActiveSupport::Concurrency::NullLock#synchronize'
    /usr/local/bundle/bundler/gems/rails-d0e506f131fa/activerecord/lib/active_record/connection_adapters/abstract/transaction.rb:647:in 'ActiveRecord::ConnectionAdapters::TransactionManager#within_new_transaction'
    /usr/local/bundle/bundler/gems/rails-d0e506f131fa/activerecord/lib/active_record/connection_adapters/abstract/database_statements.rb:531:in 'ActiveRecord::ConnectionAdapters::DatabaseStatements#within_new_transaction'
    /usr/local/bundle/bundler/gems/rails-d0e506f131fa/activerecord/lib/active_record/connection_adapters/abstract/database_statements.rb:521:in 'ActiveRecord::ConnectionAdapters::DatabaseStatements#transaction'
    /usr/local/bundle/bundler/gems/rails-d0e506f131fa/activerecord/lib/active_record/connection_adapters/abstract/database_statements.rb:651:in 'ActiveRecord::ConnectionAdapters::DatabaseStatements#insert_fixtures_set'
    /usr/local/bundle/bundler/gems/rails-d0e506f131fa/activerecord/lib/active_record/fixtures.rb:695:in 'block (2 levels) in ActiveRecord::FixtureSet.insert'
    /usr/local/bundle/bundler/gems/rails-d0e506f131fa/activerecord/lib/active_record/connection_adapters/abstract/connection_pool.rb:464:in 'ActiveRecord::ConnectionAdapters::ConnectionPool#with_connection'
    /usr/local/bundle/bundler/gems/rails-d0e506f131fa/activerecord/lib/active_record/fixtures.rb:694:in 'block in ActiveRecord::FixtureSet.insert'
    /usr/local/bundle/bundler/gems/rails-d0e506f131fa/activerecord/lib/active_record/fixtures.rb:685:in 'Hash#each'
    /usr/local/bundle/bundler/gems/rails-d0e506f131fa/activerecord/lib/active_record/fixtures.rb:685:in 'ActiveRecord::FixtureSet.insert'
    /usr/local/bundle/bundler/gems/rails-d0e506f131fa/activerecord/lib/active_record/fixtures.rb:671:in 'ActiveRecord::FixtureSet.read_and_insert'
    /usr/local/bundle/bundler/gems/rails-d0e506f131fa/activerecord/lib/active_record/fixtures.rb:616:in 'ActiveRecord::FixtureSet.create_fixtures'
    /usr/local/bundle/bundler/gems/rails-d0e506f131fa/activerecord/lib/active_record/test_fixtures.rb:291:in 'ActiveRecord::TestFixtures#load_fixtures'
    /usr/local/bundle/bundler/gems/rails-d0e506f131fa/activerecord/lib/active_record/test_fixtures.rb:146:in 'ActiveRecord::TestFixtures#setup_fixtures'
    /usr/local/bundle/bundler/gems/rails-d0e506f131fa/activerecord/lib/active_record/test_fixtures.rb:10:in 'ActiveRecord::TestFixtures#before_setup'
    /usr/local/bundle/bundler/gems/rails-d0e506f131fa/activejob/lib/active_job/test_helper.rb:83:in 'ActiveJob::TestHelper#before_setup'
    /usr/local/bundle/bundler/gems/rails-d0e506f131fa/actioncable/lib/action_cable/test_helper.rb:15:in 'ActionCable::TestHelper#before_setup'
    /usr/local/bundle/bundler/gems/rails-d0e506f131fa/activesupport/lib/active_support/testing/setup_and_teardown.rb:82:in 'ActiveSupport::Testing::SetupAndTeardown#before_setup'
    /usr/local/bundle/bundler/gems/rails-d0e506f131fa/actionpack/lib/action_dispatch/testing/integration.rb:362:in 'ActionDispatch::Integration::Runner#before_setup'
    /usr/local/bundle/bundler/gems/rails-d0e506f131fa/railties/lib/rails/test_help.rb:45:in 'ActionDispatch::IntegrationTest#before_setup'

Error:
Boards::Columns::NotNowsControllerTest#test_show:
Mocha::NotInitializedError: Mocha::Mockery.teardown called before Mocha::Mockery.setup
    

bin/rails test test/controllers/boards/columns/not_nows_controller_test.rb:8

E

Error:
Account::ExportTest#test_build_sets_status_to_failed_on_error:
ActiveRecord::NotNullViolation: SQLite3::ConstraintException: NOT NULL constraint failed: accesses.account_id
    /usr/local/bundle/gems/sqlite3-2.9.5-x86_64-linux-gnu/lib/sqlite3/database.rb:337:in 'SQLite3::Database#exec_batch'
    /usr/local/bundle/gems/sqlite3-2.9.5-x86_64-linux-gnu/lib/sqlite3/database.rb:337:in 'SQLite3::Database#execute_batch2'
    /usr/local/bundle/bundler/gems/rails-d0e506f131fa/activerecord/lib/active_record/connection_adapters/sqlite3/database_statements.rb:109:in 'ActiveRecord::ConnectionAdapters::SQLite3::DatabaseStatements#perform_query'
    /usr/local/bundle/bundler/gems/rails-d0e506f131fa/activerecord/lib/active_record/connection_adapters/abstract/database_statements.rb:712:in 'block (2 levels) in ActiveRecord::ConnectionAdapters::DatabaseStatements#execute_intent'
    /usr/local/bundle/bundler/gems/rails-d0e506f131fa/activerecord/lib/active_record/connection_adapters/abstract_adapter.rb:1128:in 'block in ActiveRecord::ConnectionAdapters::AbstractAdapter#with_raw_connection'
    /usr/local/bundle/bundler/gems/rails-d0e506f131fa/activesupport/lib/active_support/concurrency/null_lock.rb:9:in 'ActiveSupport::Concurrency::NullLock#synchronize'
    /usr/local/bundle/bundler/gems/rails-d0e506f131fa/activerecord/lib/active_record/connection_adapters/abstract_adapter.rb:1093:in 'ActiveRecord::ConnectionAdapters::AbstractAdapter#with_raw_connection'
    /usr/local/bundle/bundler/gems/rails-d0e506f131fa/activerecord/lib/active_record/connection_adapters/abstract/database_statements.rb:709:in 'block in ActiveRecord::ConnectionAdapters::DatabaseStatements#execute_intent'
    /usr/local/bundle/bundler/gems/rails-d0e506f131fa/activesupport/lib/active_support/notifications/instrumenter.rb:86:in 'ActiveSupport::Notifications::Instrumenter#instrument'
    /usr/local/bundle/bundler/gems/rails-d0e506f131fa/activerecord/lib/active_record/connection_adapters/abstract_adapter.rb:1266:in 'ActiveRecord::ConnectionAdapters::AbstractAdapter#log'
    /usr/local/bundle/bundler/gems/rails-d0e506f131fa/activerecord/lib/active_record/connection_adapters/abstract/database_statements.rb:707:in 'ActiveRecord::ConnectionAdapters::DatabaseStatements#execute_intent'
    /usr/local/bundle/bundler/gems/rails-d0e506f131fa/activerecord/lib/active_record/connection_adapters/query_intent.rb:322:in 'ActiveRecord::ConnectionAdapters::QueryIntent#run_query!'
    /usr/local/bundle/bundler/gems/rails-d0e506f131fa/activerecord/lib/active_record/connection_adapters/query_intent.rb:172:in 'ActiveRecord::ConnectionAdapters::QueryIntent#execute!'
    /usr/local/bundle/bundler/gems/rails-d0e506f131fa/activerecord/lib/active_record/connection_adapters/sqlite3/database_statements.rb:86:in 'ActiveRecord::ConnectionAdapters::SQLite3::DatabaseStatements#execute_batch'
    /usr/local/bundle/bundler/gems/rails-d0e506f131fa/activerecord/lib/active_record/connection_adapters/abstract/database_statements.rb:653:in 'block (2 levels) in ActiveRecord::ConnectionAdapters::DatabaseStatements#insert_fixtures_set'
    /usr/local/bundle/bundler/gems/rails-d0e506f131fa/activerecord/lib/active_record/connection_adapters/sqlite3_adapter.rb:316:in 'ActiveRecord::ConnectionAdapters::SQLite3Adapter#disable_referential_integrity'
    /usr/local/bundle/bundler/gems/rails-d0e506f131fa/activerecord/lib/active_record/connection_adapters/abstract/database_statements.rb:652:in 'block in ActiveRecord::ConnectionAdapters::DatabaseStatements#insert_fixtures_set'
    /usr/local/bundle/bundler/gems/rails-d0e506f131fa/activerecord/lib/active_record/connection_adapters/abstract/transaction.rb:650:in 'block in ActiveRecord::ConnectionAdapters::TransactionManager#within_new_transaction'
    /usr/local/bundle/bundler/gems/rails-d0e506f131fa/activesupport/lib/active_support/concurrency/null_lock.rb:9:in 'ActiveSupport::Concurrency::NullLock#synchronize'
    /usr/local/bundle/bundler/gems/rails-d0e506f131fa/activerecord/lib/active_record/connection_adapters/abstract/transaction.rb:647:in 'ActiveRecord::ConnectionAdapters::TransactionManager#within_new_transaction'
    /usr/local/bundle/bundler/gems/rails-d0e506f131fa/activerecord/lib/active_record/connection_adapters/abstract/database_statements.rb:531:in 'ActiveRecord::ConnectionAdapters::DatabaseStatements#within_new_transaction'
    /usr/local/bundle/bundler/gems/rails-d0e506f131fa/activerecord/lib/active_record/connection_adapters/abstract/database_statements.rb:521:in 'ActiveRecord::ConnectionAdapters::DatabaseStatements#transaction'
    /usr/local/bundle/bundler/gems/rails-d0e506f131fa/activerecord/lib/active_record/connection_adapters/abstract/database_statements.rb:651:in 'ActiveRecord::ConnectionAdapters::DatabaseStatements#insert_fixtures_set'
    /usr/local/bundle/bundler/gems/rails-d0e506f131fa/activerecord/lib/active_record/fixtures.rb:695:in 'block (2 levels) in ActiveRecord::FixtureSet.insert'
    /usr/local/bundle/bundler/gems/rails-d0e506f131fa/activerecord/lib/active_record/connection_adapters/abstract/connection_pool.rb:464:in 'ActiveRecord::ConnectionAdapters::ConnectionPool#with_connection'
    /usr/local/bundle/bundler/gems/rails-d0e506f131fa/activerecord/lib/active_record/fixtures.rb:694:in 'block in ActiveRecord::FixtureSet.insert'
    /usr/local/bundle/bundler/gems/rails-d0e506f131fa/activerecord/lib/active_record/fixtures.rb:685:in 'Hash#each'
    /usr/local/bundle/bundler/gems/rails-d0e506f131fa/activerecord/lib/active_record/fixtures.rb:685:in 'ActiveRecord::FixtureSet.insert'
    /usr/local/bundle/bundler/gems/rails-d0e506f131fa/activerecord/lib/active_record/fixtures.rb:671:in 'ActiveRecord::FixtureSet.read_and_insert'
    /usr/local/bundle/bundler/gems/rails-d0e506f131fa/activerecord/lib/active_record/fixtures.rb:616:in 'ActiveRecord::FixtureSet.create_fixtures'
    /usr/local/bundle/bundler/gems/rails-d0e506f131fa/activerecord/lib/active_record/test_fixtures.rb:291:in 'ActiveRecord::TestFixtures#load_fixtures'
    /usr/local/bundle/bundler/gems/rails-d0e506f131fa/activerecord/lib/active_record/test_fixtures.rb:146:in 'ActiveRecord::TestFixtures#setup_fixtures'
    /usr/local/bundle/bundler/gems/rails-d0e506f131fa/activerecord/lib/active_record/test_fixtures.rb:10:in 'ActiveRecord::TestFixtures#before_setup'
    /usr/local/bundle/bundler/gems/rails-d0e506f131fa/activejob/lib/active_job/test_helper.rb:83:in 'ActiveJob::TestHelper#before_setup'
    /usr/local/bundle/bundler/gems/rails-d0e506f131fa/actioncable/lib/action_cable/test_helper.rb:15:in 'ActionCable::TestHelper#before_setup'
    /usr/local/bundle/bundler/gems/rails-d0e506f131fa/activesupport/lib/active_support/testing/setup_and_teardown.rb:82:in 'ActiveSupport::Testing::SetupAndTeardown#before_setup'

Error:
Account::ExportTest#test_build_sets_status_to_failed_on_error:
Mocha::NotInitializedError: Mocha::Mockery.teardown called before Mocha::Mockery.setup
    

bin/rails test test/models/account/export_test.rb:12

E

Error:
Notifications::TraysControllerTest#test_show_as_JSON:
ActiveRecord::NotNullViolation: SQLite3::ConstraintException: NOT NULL constraint failed: accesses.account_id
    /usr/local/bundle/gems/sqlite3-2.9.5-x86_64-linux-gnu/lib/sqlite3/database.rb:337:in 'SQLite3::Database#exec_batch'
    /usr/local/bundle/gems/sqlite3-2.9.5-x86_64-linux-gnu/lib/sqlite3/database.rb:337:in 'SQLite3::Database#execute_batch2'
    /usr/local/bundle/bundler/gems/rails-d0e506f131fa/activerecord/lib/active_record/connection_adapters/sqlite3/database_statements.rb:109:in 'ActiveRecord::ConnectionAdapters::SQLite3::DatabaseStatements#perform_query'
    /usr/local/bundle/bundler/gems/rails-d0e506f131fa/activerecord/lib/active_record/connection_adapters/abstract/database_statements.rb:712:in 'block (2 levels) in ActiveRecord::ConnectionAdapters::DatabaseStatements#execute_intent'
    /usr/local/bundle/bundler/gems/rails-d0e506f131fa/activerecord/lib/active_record/connection_adapters/abstract_adapter.rb:1128:in 'block in ActiveRecord::ConnectionAdapters::AbstractAdapter#with_raw_connection'
    /usr/local/bundle/bundler/gems/rails-d0e506f131fa/activesupport/lib/active_support/concurrency/null_lock.rb:9:in 'ActiveSupport::Concurrency::NullLock#synchronize'
    /usr/local/bundle/bundler/gems/rails-d0e506f131fa/activerecord/lib/active_record/connection_adapters/abstract_adapter.rb:1093:in 'ActiveRecord::ConnectionAdapters::AbstractAdapter#with_raw_connection'
    /usr/local/bundle/bundler/gems/rails-d0e506f131fa/activerecord/lib/active_record/connection_adapters/abstract/database_statements.rb:709:in 'block in ActiveRecord::ConnectionAdapters::DatabaseStatements#execute_intent'
    /usr/local/bundle/bundler/gems/rails-d0e506f131fa/activesupport/lib/active_support/notifications/instrumenter.rb:86:in 'ActiveSupport::Notifications::Instrumenter#instrument'
    /usr/local/bundle/bundler/gems/rails-d0e506f131fa/activerecord/lib/active_record/connection_adapters/abstract_adapter.rb:1266:in 'ActiveRecord::ConnectionAdapters::AbstractAdapter#log'
    /usr/local/bundle/bundler/gems/rails-d0e506f131fa/activerecord/lib/active_record/connection_adapters/abstract/database_statements.rb:707:in 'ActiveRecord::ConnectionAdapters::DatabaseStatements#execute_intent'
    /usr/local/bundle/bundler/gems/rails-d0e506f131fa/activerecord/lib/active_record/connection_adapters/query_intent.rb:322:in 'ActiveRecord::ConnectionAdapters::QueryIntent#run_query!'
    /usr/local/bundle/bundler/gems/rails-d0e506f131fa/activerecord/lib/active_record/connection_adapters/query_intent.rb:172:in 'ActiveRecord::ConnectionAdapters::QueryIntent#execute!'
    /usr/local/bundle/bundler/gems/rails-d0e506f131fa/activerecord/lib/active_record/connection_adapters/sqlite3/database_statements.rb:86:in 'ActiveRecord::ConnectionAdapters::SQLite3::DatabaseStatements#execute_batch'
    /usr/local/bundle/bundler/gems/rails-d0e506f131fa/activerecord/lib/active_record/connection_adapters/abstract/database_statements.rb:653:in 'block (2 levels) in ActiveRecord::ConnectionAdapters::DatabaseStatements#insert_fixtures_set'
    /usr/local/bundle/bundler/gems/rails-d0e506f131fa/activerecord/lib/active_record/connection_adapters/sqlite3_adapter.rb:316:in 'ActiveRecord::ConnectionAdapters::SQLite3Adapter#disable_referential_integrity'
    /usr/local/bundle/bundler/gems/rails-d0e506f131fa/activerecord/lib/active_record/connection_adapters/abstract/database_statements.rb:652:in 'block in ActiveRecord::ConnectionAdapters::DatabaseStatements#insert_fixtures_set'
    /usr/local/bundle/bundler/gems/rails-d0e506f131fa/activerecord/lib/active_record/connection_adapters/abstract/transaction.rb:650:in 'block in ActiveRecord::ConnectionAdapters::TransactionManager#within_new_transaction'
    /usr/local/bundle/bundler/gems/rails-d0e506f131fa/activesupport/lib/active_support/concurrency/null_lock.rb:9:in 'ActiveSupport::Concurrency::NullLock#synchronize'
    /usr/local/bundle/bundler/gems/rails-d0e506f131fa/activerecord/lib/active_record/connection_adapters/abstract/transaction.rb:647:in 'ActiveRecord::ConnectionAdapters::TransactionManager#within_new_transaction'
    /usr/local/bundle/bundler/gems/rails-d0e506f131fa/activerecord/lib/active_record/connection_adapters/abstract/database_statements.rb:531:in 'ActiveRecord::ConnectionAdapters::DatabaseStatements#within_new_transaction'
    /usr/local/bundle/bundler/gems/rails-d0e506f131fa/activerecord/lib/active_record/connection_adapters/abstract/database_statements.rb:521:in 'ActiveRecord::ConnectionAdapters::DatabaseStatements#transaction'
    /usr/local/bundle/bundler/gems/rails-d0e506f131fa/activerecord/lib/active_record/connection_adapters/abstract/database_statements.rb:651:in 'ActiveRecord::ConnectionAdapters::DatabaseStatements#insert_fixtures_set'
    /usr/local/bundle/bundler/gems/rails-d0e506f131fa/activerecord/lib/active_record/fixtures.rb:695:in 'block (2 levels) in ActiveRecord::FixtureSet.insert'
    /usr/local/bundle/bundler/gems/rails-d0e506f131fa/activerecord/lib/active_record/connection_adapters/abstract/connection_pool.rb:464:in 'ActiveRecord::ConnectionAdapters::ConnectionPool#with_connection'
    /usr/local/bundle/bundler/gems/rails-d0e506f131fa/activerecord/lib/active_record/fixtures.rb:694:in 'block in ActiveRecord::FixtureSet.insert'
    /usr/local/bundle/bundler/gems/rails-d0e506f131fa/activerecord/lib/active_record/fixtures.rb:685:in 'Hash#each'
    /usr/local/bundle/bundler/gems/rails-d0e506f131fa/activerecord/lib/active_record/fixtures.rb:685:in 'ActiveRecord::FixtureSet.insert'
    /usr/local/bundle/bundler/gems/rails-d0e506f131fa/activerecord/lib/active_record/fixtures.rb:671:in 'ActiveRecord::FixtureSet.read_and_insert'
    /usr/local/bundle/bundler/gems/rails-d0e506f131fa/activerecord/lib/active_record/fixtures.rb:616:in 'ActiveRecord::FixtureSet.create_fixtures'
    /usr/local/bundle/bundler/gems/rails-d0e506f131fa/activerecord/lib/active_record/test_fixtures.rb:291:in 'ActiveRecord::TestFixtures#load_fixtures'
    /usr/local/bundle/bundler/gems/rails-d0e506f131fa/activerecord/lib/active_record/test_fixtures.rb:146:in 'ActiveRecord::TestFixtures#setup_fixtures'
    /usr/local/bundle/bundler/gems/rails-d0e506f131fa/activerecord/lib/active_record/test_fixtures.rb:10:in 'ActiveRecord::TestFixtures#before_setup'
    /usr/local/bundle/bundler/gems/rails-d0e506f131fa/activejob/lib/active_job/test_helper.rb:83:in 'ActiveJob::TestHelper#before_setup'
    /usr/local/bundle/bundler/gems/rails-d0e506f131fa/actioncable/lib/action_cable/test_helper.rb:15:in 'ActionCable::TestHelper#before_setup'
    /usr/local/bundle/bundler/gems/rails-d0e506f131fa/activesupport/lib/active_support/testing/setup_and_teardown.rb:82:in 'ActiveSupport::Testing::SetupAndTeardown#before_setup'
    /usr/local/bundle/bundler/gems/rails-d0e506f131fa/actionpack/lib/action_dispatch/testing/integration.rb:362:in 'ActionDispatch::Integration::Runner#before_setup'
    /usr/local/bundle/bundler/gems/rails-d0e506f131fa/railties/lib/rails/test_help.rb:45:in 'ActionDispatch::IntegrationTest#before_setup'

Error:
Notifications::TraysControllerTest#test_show_as_JSON:
Mocha::NotInitializedError: Mocha::Mockery.teardown called before Mocha::Mockery.setup
    

bin/rails test test/controllers/notifications/trays_controller_test.rb:15



Finished in 15.116399s, 102.0084 runs/s, 0.0000 assertions/s.
1542 runs, 0 assertions, 0 failures, 1542 errors, 0 skips
