Running 1542 tests in parallel using 2 processes
Run options: --seed 3529

# Running:

.........................................................................................................................S........S...................................................................................................................................................................................................................................................................................................................................................................................................................................................................................................................................................................................................................................................................................................................................................................................................................................................................................................................................................................................................................................................................................................................................................................................................................................................................................................................................................................................................................................................................

Finished in 30.361822s, 50.7875 runs/s, 191.9845 assertions/s.
1542 runs, 5829 assertions, 0 failures, 0 errors, 2 skips

You have skipped tests. Run with --verbose for details.
Running 7 tests in a single process (parallelization threshold is 50)
Run options: --seed 58345

# Running:

..Dropped database 'tmp/legacy.sqlite3'
== 20260710120000 AddAccountIdToAccountOwnedTables: migrating =================
-- add_column(:accesses, :account_id, :uuid)
   -> 0.0011s
-- add_column(:action_text_rich_texts, :account_id, :uuid)
   -> 0.0006s
-- add_column(:active_storage_attachments, :account_id, :uuid)
   -> 0.0006s
-- add_column(:active_storage_blobs, :account_id, :uuid)
   -> 0.0006s
-- add_column(:active_storage_variant_records, :account_id, :uuid)
   -> 0.0006s
-- add_column(:assignments, :account_id, :uuid)
   -> 0.0006s
-- add_column(:board_publications, :account_id, :uuid)
   -> 0.0006s
-- add_column(:card_activity_spikes, :account_id, :uuid)
   -> 0.0010s
-- add_column(:card_goldnesses, :account_id, :uuid)
   -> 0.0006s
-- add_column(:card_not_nows, :account_id, :uuid)
   -> 0.0006s
-- add_column(:closures, :account_id, :uuid)
   -> 0.0006s
-- add_column(:entropies, :account_id, :uuid)
   -> 0.0006s
-- add_column(:mentions, :account_id, :uuid)
   -> 0.0006s
-- add_column(:pins, :account_id, :uuid)
   -> 0.0006s
-- add_column(:reactions, :account_id, :uuid)
   -> 0.0006s
-- add_column(:search_queries, :account_id, :uuid)
   -> 0.0006s
-- add_column(:storage_totals, :account_id, :uuid)
   -> 0.0006s
-- add_column(:taggings, :account_id, :uuid)
   -> 0.0006s
-- add_column(:user_settings, :account_id, :uuid)
   -> 0.0006s
-- add_column(:watches, :account_id, :uuid)
   -> 0.0006s
-- add_column(:webhook_delinquency_trackers, :account_id, :uuid)
   -> 0.0006s
-- add_column(:webhook_deliveries, :account_id, :uuid)
   -> 0.0011s
-- quote_table_name(:account_imports)
   -> 0.0000s
-- quote_table_name(:accounts)
   -> 0.0000s
-- quote_column_name(:account_id)
   -> 0.0000s
-- quote_column_name(:id)
   -> 0.0000s
-- execute("DELETE FROM \"account_imports\"\nWHERE \"account_id\" IS NULL\n  OR NOT EXISTS (\n    SELECT 1\n    FROM \"accounts\"\n    WHERE \"accounts\".\"id\" = \"account_imports\".\"account_id\"\n  )\n")
   -> 0.0001s
-- quote_table_name(:account_join_codes)
   -> 0.0000s
-- quote_table_name(:accounts)
   -> 0.0000s
-- quote_column_name(:account_id)
   -> 0.0000s
-- quote_column_name(:id)
   -> 0.0000s
-- execute("DELETE FROM \"account_join_codes\"\nWHERE \"account_id\" IS NULL\n  OR NOT EXISTS (\n    SELECT 1\n    FROM \"accounts\"\n    WHERE \"accounts\".\"id\" = \"account_join_codes\".\"account_id\"\n  )\n")
   -> 0.0001s
-- quote_table_name(:tags)
   -> 0.0000s
-- quote_table_name(:accounts)
   -> 0.0000s
-- quote_column_name(:account_id)
   -> 0.0000s
-- quote_column_name(:id)
   -> 0.0000s
-- execute("DELETE FROM \"tags\"\nWHERE \"account_id\" IS NULL\n  OR NOT EXISTS (\n    SELECT 1\n    FROM \"accounts\"\n    WHERE \"accounts\".\"id\" = \"tags\".\"account_id\"\n  )\n")
   -> 0.0001s
-- quote_table_name(:users)
   -> 0.0000s
-- quote_table_name(:accounts)
   -> 0.0000s
-- quote_column_name(:account_id)
   -> 0.0000s
-- quote_column_name(:id)
   -> 0.0000s
-- execute("DELETE FROM \"users\"\nWHERE \"account_id\" IS NULL\n  OR NOT EXISTS (\n    SELECT 1\n    FROM \"accounts\"\n    WHERE \"accounts\".\"id\" = \"users\".\"account_id\"\n  )\n")
   -> 0.0001s
-- quote_table_name(:boards)
   -> 0.0000s
-- quote_table_name(:users)
   -> 0.0000s
-- quote_column_name(:account_id)
   -> 0.0000s
-- quote_column_name(:account_id)
   -> 0.0000s
-- quote_column_name(:id)
   -> 0.0000s
-- quote_column_name(:creator_id)
   -> 0.0000s
-- execute("UPDATE \"boards\"\nSET \"account_id\" = (\n  SELECT \"users\".\"account_id\"\n  FROM \"users\"\n  WHERE \"users\".\"id\" = \"boards\".\"creator_id\"\n  LIMIT 1\n)\n")
   -> 0.0001s
-- quote_table_name(:boards)
   -> 0.0000s
-- quote_table_name(:accounts)
   -> 0.0000s
-- quote_column_name(:account_id)
   -> 0.0000s
-- quote_column_name(:id)
   -> 0.0000s
-- execute("DELETE FROM \"boards\"\nWHERE \"account_id\" IS NULL\n  OR NOT EXISTS (\n    SELECT 1\n    FROM \"accounts\"\n    WHERE \"accounts\".\"id\" = \"boards\".\"account_id\"\n  )\n")
   -> 0.0001s
-- quote_table_name(:cards)
   -> 0.0000s
-- quote_table_name(:boards)
   -> 0.0000s
-- quote_column_name(:account_id)
   -> 0.0000s
-- quote_column_name(:account_id)
   -> 0.0000s
-- quote_column_name(:id)
   -> 0.0000s
-- quote_column_name(:board_id)
   -> 0.0000s
-- execute("UPDATE \"cards\"\nSET \"account_id\" = (\n  SELECT \"boards\".\"account_id\"\n  FROM \"boards\"\n  WHERE \"boards\".\"id\" = \"cards\".\"board_id\"\n  LIMIT 1\n)\n")
   -> 0.0001s
-- quote_table_name(:cards)
   -> 0.0000s
-- quote_table_name(:accounts)
   -> 0.0000s
-- quote_column_name(:account_id)
   -> 0.0000s
-- quote_column_name(:id)
   -> 0.0000s
-- execute("DELETE FROM \"cards\"\nWHERE \"account_id\" IS NULL\n  OR NOT EXISTS (\n    SELECT 1\n    FROM \"accounts\"\n    WHERE \"accounts\".\"id\" = \"cards\".\"account_id\"\n  )\n")
   -> 0.0001s
-- quote_table_name(:columns)
   -> 0.0000s
-- quote_table_name(:boards)
   -> 0.0000s
-- quote_column_name(:account_id)
   -> 0.0000s
-- quote_column_name(:account_id)
   -> 0.0000s
-- quote_column_name(:id)
   -> 0.0000s
-- quote_column_name(:board_id)
   -> 0.0000s
-- execute("UPDATE \"columns\"\nSET \"account_id\" = (\n  SELECT \"boards\".\"account_id\"\n  FROM \"boards\"\n  WHERE \"boards\".\"id\" = \"columns\".\"board_id\"\n  LIMIT 1\n)\n")
   -> 0.0001s
-- quote_table_name(:columns)
   -> 0.0000s
-- quote_table_name(:accounts)
   -> 0.0000s
-- quote_column_name(:account_id)
   -> 0.0000s
-- quote_column_name(:id)
   -> 0.0000s
-- execute("DELETE FROM \"columns\"\nWHERE \"account_id\" IS NULL\n  OR NOT EXISTS (\n    SELECT 1\n    FROM \"accounts\"\n    WHERE \"accounts\".\"id\" = \"columns\".\"account_id\"\n  )\n")
   -> 0.0001s
-- quote_table_name(:comments)
   -> 0.0000s
-- quote_table_name(:cards)
   -> 0.0000s
-- quote_column_name(:account_id)
   -> 0.0000s
-- quote_column_name(:account_id)
   -> 0.0000s
-- quote_column_name(:id)
   -> 0.0000s
-- quote_column_name(:card_id)
   -> 0.0000s
-- execute("UPDATE \"comments\"\nSET \"account_id\" = (\n  SELECT \"cards\".\"account_id\"\n  FROM \"cards\"\n  WHERE \"cards\".\"id\" = \"comments\".\"card_id\"\n  LIMIT 1\n)\n")
   -> 0.0001s
-- quote_table_name(:comments)
   -> 0.0000s
-- quote_table_name(:accounts)
   -> 0.0000s
-- quote_column_name(:account_id)
   -> 0.0000s
-- quote_column_name(:id)
   -> 0.0000s
-- execute("DELETE FROM \"comments\"\nWHERE \"account_id\" IS NULL\n  OR NOT EXISTS (\n    SELECT 1\n    FROM \"accounts\"\n    WHERE \"accounts\".\"id\" = \"comments\".\"account_id\"\n  )\n")
   -> 0.0001s
-- quote_table_name(:events)
   -> 0.0000s
-- quote_table_name(:boards)
   -> 0.0000s
-- quote_column_name(:account_id)
   -> 0.0000s
-- quote_column_name(:account_id)
   -> 0.0000s
-- quote_column_name(:id)
   -> 0.0000s
-- quote_column_name(:board_id)
   -> 0.0000s
-- execute("UPDATE \"events\"\nSET \"account_id\" = (\n  SELECT \"boards\".\"account_id\"\n  FROM \"boards\"\n  WHERE \"boards\".\"id\" = \"events\".\"board_id\"\n  LIMIT 1\n)\n")
   -> 0.0001s
-- quote_table_name(:events)
   -> 0.0000s
-- quote_table_name(:accounts)
   -> 0.0000s
-- quote_column_name(:account_id)
   -> 0.0000s
-- quote_column_name(:id)
   -> 0.0000s
-- execute("DELETE FROM \"events\"\nWHERE \"account_id\" IS NULL\n  OR NOT EXISTS (\n    SELECT 1\n    FROM \"accounts\"\n    WHERE \"accounts\".\"id\" = \"events\".\"account_id\"\n  )\n")
   -> 0.0001s
-- quote_table_name(:filters)
   -> 0.0000s
-- quote_table_name(:users)
   -> 0.0000s
-- quote_column_name(:account_id)
   -> 0.0000s
-- quote_column_name(:account_id)
   -> 0.0000s
-- quote_column_name(:id)
   -> 0.0000s
-- quote_column_name(:creator_id)
   -> 0.0000s
-- execute("UPDATE \"filters\"\nSET \"account_id\" = (\n  SELECT \"users\".\"account_id\"\n  FROM \"users\"\n  WHERE \"users\".\"id\" = \"filters\".\"creator_id\"\n  LIMIT 1\n)\n")
   -> 0.0001s
-- quote_table_name(:filters)
   -> 0.0000s
-- quote_table_name(:accounts)
   -> 0.0000s
-- quote_column_name(:account_id)
   -> 0.0000s
-- quote_column_name(:id)
   -> 0.0000s
-- execute("DELETE FROM \"filters\"\nWHERE \"account_id\" IS NULL\n  OR NOT EXISTS (\n    SELECT 1\n    FROM \"accounts\"\n    WHERE \"accounts\".\"id\" = \"filters\".\"account_id\"\n  )\n")
   -> 0.0001s
-- quote_table_name(:notification_bundles)
   -> 0.0000s
-- quote_table_name(:users)
   -> 0.0000s
-- quote_column_name(:account_id)
   -> 0.0000s
-- quote_column_name(:account_id)
   -> 0.0000s
-- quote_column_name(:id)
   -> 0.0000s
-- quote_column_name(:user_id)
   -> 0.0000s
-- execute("UPDATE \"notification_bundles\"\nSET \"account_id\" = (\n  SELECT \"users\".\"account_id\"\n  FROM \"users\"\n  WHERE \"users\".\"id\" = \"notification_bundles\".\"user_id\"\n  LIMIT 1\n)\n")
   -> 0.0001s
-- quote_table_name(:notification_bundles)
   -> 0.0000s
-- quote_table_name(:accounts)
   -> 0.0000s
-- quote_column_name(:account_id)
   -> 0.0000s
-- quote_column_name(:id)
   -> 0.0000s
-- execute("DELETE FROM \"notification_bundles\"\nWHERE \"account_id\" IS NULL\n  OR NOT EXISTS (\n    SELECT 1\n    FROM \"accounts\"\n    WHERE \"accounts\".\"id\" = \"notification_bundles\".\"account_id\"\n  )\n")
   -> 0.0001s
-- quote_table_name(:notifications)
   -> 0.0000s
-- quote_table_name(:users)
   -> 0.0000s
-- quote_column_name(:account_id)
   -> 0.0000s
-- quote_column_name(:account_id)
   -> 0.0000s
-- quote_column_name(:id)
   -> 0.0000s
-- quote_column_name(:user_id)
   -> 0.0000s
-- execute("UPDATE \"notifications\"\nSET \"account_id\" = (\n  SELECT \"users\".\"account_id\"\n  FROM \"users\"\n  WHERE \"users\".\"id\" = \"notifications\".\"user_id\"\n  LIMIT 1\n)\n")
   -> 0.0001s
-- quote_table_name(:notifications)
   -> 0.0000s
-- quote_table_name(:accounts)
   -> 0.0000s
-- quote_column_name(:account_id)
   -> 0.0000s
-- quote_column_name(:id)
   -> 0.0000s
-- execute("DELETE FROM \"notifications\"\nWHERE \"account_id\" IS NULL\n  OR NOT EXISTS (\n    SELECT 1\n    FROM \"accounts\"\n    WHERE \"accounts\".\"id\" = \"notifications\".\"account_id\"\n  )\n")
   -> 0.0001s
-- quote_table_name(:push_subscriptions)
   -> 0.0000s
-- quote_table_name(:users)
   -> 0.0000s
-- quote_column_name(:account_id)
   -> 0.0000s
-- quote_column_name(:account_id)
   -> 0.0000s
-- quote_column_name(:id)
   -> 0.0000s
-- quote_column_name(:user_id)
   -> 0.0000s
-- execute("UPDATE \"push_subscriptions\"\nSET \"account_id\" = (\n  SELECT \"users\".\"account_id\"\n  FROM \"users\"\n  WHERE \"users\".\"id\" = \"push_subscriptions\".\"user_id\"\n  LIMIT 1\n)\n")
   -> 0.0001s
-- quote_table_name(:push_subscriptions)
   -> 0.0000s
-- quote_table_name(:accounts)
   -> 0.0000s
-- quote_column_name(:account_id)
   -> 0.0000s
-- quote_column_name(:id)
   -> 0.0000s
-- execute("DELETE FROM \"push_subscriptions\"\nWHERE \"account_id\" IS NULL\n  OR NOT EXISTS (\n    SELECT 1\n    FROM \"accounts\"\n    WHERE \"accounts\".\"id\" = \"push_subscriptions\".\"account_id\"\n  )\n")
   -> 0.0001s
-- quote_table_name(:steps)
   -> 0.0000s
-- quote_table_name(:cards)
   -> 0.0000s
-- quote_column_name(:account_id)
   -> 0.0000s
-- quote_column_name(:account_id)
   -> 0.0000s
-- quote_column_name(:id)
   -> 0.0000s
-- quote_column_name(:card_id)
   -> 0.0000s
-- execute("UPDATE \"steps\"\nSET \"account_id\" = (\n  SELECT \"cards\".\"account_id\"\n  FROM \"cards\"\n  WHERE \"cards\".\"id\" = \"steps\".\"card_id\"\n  LIMIT 1\n)\n")
   -> 0.0001s
-- quote_table_name(:steps)
   -> 0.0000s
-- quote_table_name(:accounts)
   -> 0.0000s
-- quote_column_name(:account_id)
   -> 0.0000s
-- quote_column_name(:id)
   -> 0.0000s
-- execute("DELETE FROM \"steps\"\nWHERE \"account_id\" IS NULL\n  OR NOT EXISTS (\n    SELECT 1\n    FROM \"accounts\"\n    WHERE \"accounts\".\"id\" = \"steps\".\"account_id\"\n  )\n")
   -> 0.0001s
-- quote_table_name(:webhooks)
   -> 0.0000s
-- quote_table_name(:boards)
   -> 0.0000s
-- quote_column_name(:account_id)
   -> 0.0000s
-- quote_column_name(:account_id)
   -> 0.0000s
-- quote_column_name(:id)
   -> 0.0000s
-- quote_column_name(:board_id)
   -> 0.0000s
-- execute("UPDATE \"webhooks\"\nSET \"account_id\" = (\n  SELECT \"boards\".\"account_id\"\n  FROM \"boards\"\n  WHERE \"boards\".\"id\" = \"webhooks\".\"board_id\"\n  LIMIT 1\n)\n")
   -> 0.0001s
-- quote_table_name(:webhooks)
   -> 0.0000s
-- quote_table_name(:accounts)
   -> 0.0000s
-- quote_column_name(:account_id)
   -> 0.0000s
-- quote_column_name(:id)
   -> 0.0000s
-- execute("DELETE FROM \"webhooks\"\nWHERE \"account_id\" IS NULL\n  OR NOT EXISTS (\n    SELECT 1\n    FROM \"accounts\"\n    WHERE \"accounts\".\"id\" = \"webhooks\".\"account_id\"\n  )\n")
   -> 0.0001s
-- quote_table_name(:accesses)
   -> 0.0000s
-- quote_table_name(:boards)
   -> 0.0000s
-- quote_column_name(:account_id)
   -> 0.0000s
-- quote_column_name(:account_id)
   -> 0.0000s
-- quote_column_name(:id)
   -> 0.0000s
-- quote_column_name(:board_id)
   -> 0.0000s
-- execute("UPDATE \"accesses\"\nSET \"account_id\" = (\n  SELECT \"boards\".\"account_id\"\n  FROM \"boards\"\n  WHERE \"boards\".\"id\" = \"accesses\".\"board_id\"\n  LIMIT 1\n)\n")
   -> 0.0001s
-- quote_table_name(:accesses)
   -> 0.0000s
-- quote_table_name(:accounts)
   -> 0.0000s
-- quote_column_name(:account_id)
   -> 0.0000s
-- quote_column_name(:id)
   -> 0.0000s
-- execute("DELETE FROM \"accesses\"\nWHERE \"account_id\" IS NULL\n  OR NOT EXISTS (\n    SELECT 1\n    FROM \"accounts\"\n    WHERE \"accounts\".\"id\" = \"accesses\".\"account_id\"\n  )\n")
   -> 0.0001s
-- quote_table_name(:assignments)
   -> 0.0000s
-- quote_table_name(:cards)
   -> 0.0000s
-- quote_column_name(:account_id)
   -> 0.0000s
-- quote_column_name(:account_id)
   -> 0.0000s
-- quote_column_name(:id)
   -> 0.0000s
-- quote_column_name(:card_id)
   -> 0.0000s
-- execute("UPDATE \"assignments\"\nSET \"account_id\" = (\n  SELECT \"cards\".\"account_id\"\n  FROM \"cards\"\n  WHERE \"cards\".\"id\" = \"assignments\".\"card_id\"\n  LIMIT 1\n)\n")
   -> 0.0001s
-- quote_table_name(:assignments)
   -> 0.0000s
-- quote_table_name(:accounts)
   -> 0.0000s
-- quote_column_name(:account_id)
   -> 0.0000s
-- quote_column_name(:id)
   -> 0.0000s
-- execute("DELETE FROM \"assignments\"\nWHERE \"account_id\" IS NULL\n  OR NOT EXISTS (\n    SELECT 1\n    FROM \"accounts\"\n    WHERE \"accounts\".\"id\" = \"assignments\".\"account_id\"\n  )\n")
   -> 0.0001s
-- quote_table_name(:board_publications)
   -> 0.0000s
-- quote_table_name(:boards)
   -> 0.0000s
-- quote_column_name(:account_id)
   -> 0.0000s
-- quote_column_name(:account_id)
   -> 0.0000s
-- quote_column_name(:id)
   -> 0.0000s
-- quote_column_name(:board_id)
   -> 0.0000s
-- execute("UPDATE \"board_publications\"\nSET \"account_id\" = (\n  SELECT \"boards\".\"account_id\"\n  FROM \"boards\"\n  WHERE \"boards\".\"id\" = \"board_publications\".\"board_id\"\n  LIMIT 1\n)\n")
   -> 0.0001s
-- quote_table_name(:board_publications)
   -> 0.0000s
-- quote_table_name(:accounts)
   -> 0.0000s
-- quote_column_name(:account_id)
   -> 0.0000s
-- quote_column_name(:id)
   -> 0.0000s
-- execute("DELETE FROM \"board_publications\"\nWHERE \"account_id\" IS NULL\n  OR NOT EXISTS (\n    SELECT 1\n    FROM \"accounts\"\n    WHERE \"accounts\".\"id\" = \"board_publications\".\"account_id\"\n  )\n")
   -> 0.0001s
-- quote_table_name(:card_activity_spikes)
   -> 0.0000s
-- quote_table_name(:cards)
   -> 0.0000s
-- quote_column_name(:account_id)
   -> 0.0000s
-- quote_column_name(:account_id)
   -> 0.0000s
-- quote_column_name(:id)
   -> 0.0000s
-- quote_column_name(:card_id)
   -> 0.0000s
-- execute("UPDATE \"card_activity_spikes\"\nSET \"account_id\" = (\n  SELECT \"cards\".\"account_id\"\n  FROM \"cards\"\n  WHERE \"cards\".\"id\" = \"card_activity_spikes\".\"card_id\"\n  LIMIT 1\n)\n")
   -> 0.0001s
-- quote_table_name(:card_activity_spikes)
   -> 0.0000s
-- quote_table_name(:accounts)
   -> 0.0000s
-- quote_column_name(:account_id)
   -> 0.0000s
-- quote_column_name(:id)
   -> 0.0000s
-- execute("DELETE FROM \"card_activity_spikes\"\nWHERE \"account_id\" IS NULL\n  OR NOT EXISTS (\n    SELECT 1\n    FROM \"accounts\"\n    WHERE \"accounts\".\"id\" = \"card_activity_spikes\".\"account_id\"\n  )\n")
   -> 0.0001s
-- quote_table_name(:card_goldnesses)
   -> 0.0000s
-- quote_table_name(:cards)
   -> 0.0000s
-- quote_column_name(:account_id)
   -> 0.0000s
-- quote_column_name(:account_id)
   -> 0.0000s
-- quote_column_name(:id)
   -> 0.0000s
-- quote_column_name(:card_id)
   -> 0.0000s
-- execute("UPDATE \"card_goldnesses\"\nSET \"account_id\" = (\n  SELECT \"cards\".\"account_id\"\n  FROM \"cards\"\n  WHERE \"cards\".\"id\" = \"card_goldnesses\".\"card_id\"\n  LIMIT 1\n)\n")
   -> 0.0001s
-- quote_table_name(:card_goldnesses)
   -> 0.0000s
-- quote_table_name(:accounts)
   -> 0.0000s
-- quote_column_name(:account_id)
   -> 0.0000s
-- quote_column_name(:id)
   -> 0.0000s
-- execute("DELETE FROM \"card_goldnesses\"\nWHERE \"account_id\" IS NULL\n  OR NOT EXISTS (\n    SELECT 1\n    FROM \"accounts\"\n    WHERE \"accounts\".\"id\" = \"card_goldnesses\".\"account_id\"\n  )\n")
   -> 0.0001s
-- quote_table_name(:card_not_nows)
   -> 0.0000s
-- quote_table_name(:cards)
   -> 0.0000s
-- quote_column_name(:account_id)
   -> 0.0000s
-- quote_column_name(:account_id)
   -> 0.0000s
-- quote_column_name(:id)
   -> 0.0000s
-- quote_column_name(:card_id)
   -> 0.0000s
-- execute("UPDATE \"card_not_nows\"\nSET \"account_id\" = (\n  SELECT \"cards\".\"account_id\"\n  FROM \"cards\"\n  WHERE \"cards\".\"id\" = \"card_not_nows\".\"card_id\"\n  LIMIT 1\n)\n")
   -> 0.0001s
-- quote_table_name(:card_not_nows)
   -> 0.0000s
-- quote_table_name(:accounts)
   -> 0.0000s
-- quote_column_name(:account_id)
   -> 0.0000s
-- quote_column_name(:id)
   -> 0.0000s
-- execute("DELETE FROM \"card_not_nows\"\nWHERE \"account_id\" IS NULL\n  OR NOT EXISTS (\n    SELECT 1\n    FROM \"accounts\"\n    WHERE \"accounts\".\"id\" = \"card_not_nows\".\"account_id\"\n  )\n")
   -> 0.0001s
-- quote_table_name(:closures)
   -> 0.0000s
-- quote_table_name(:cards)
   -> 0.0000s
-- quote_column_name(:account_id)
   -> 0.0000s
-- quote_column_name(:account_id)
   -> 0.0000s
-- quote_column_name(:id)
   -> 0.0000s
-- quote_column_name(:card_id)
   -> 0.0000s
-- execute("UPDATE \"closures\"\nSET \"account_id\" = (\n  SELECT \"cards\".\"account_id\"\n  FROM \"cards\"\n  WHERE \"cards\".\"id\" = \"closures\".\"card_id\"\n  LIMIT 1\n)\n")
   -> 0.0001s
-- quote_table_name(:closures)
   -> 0.0000s
-- quote_table_name(:accounts)
   -> 0.0000s
-- quote_column_name(:account_id)
   -> 0.0000s
-- quote_column_name(:id)
   -> 0.0000s
-- execute("DELETE FROM \"closures\"\nWHERE \"account_id\" IS NULL\n  OR NOT EXISTS (\n    SELECT 1\n    FROM \"accounts\"\n    WHERE \"accounts\".\"id\" = \"closures\".\"account_id\"\n  )\n")
   -> 0.0001s
-- quote_table_name(:pins)
   -> 0.0000s
-- quote_table_name(:cards)
   -> 0.0000s
-- quote_column_name(:account_id)
   -> 0.0000s
-- quote_column_name(:account_id)
   -> 0.0000s
-- quote_column_name(:id)
   -> 0.0000s
-- quote_column_name(:card_id)
   -> 0.0000s
-- execute("UPDATE \"pins\"\nSET \"account_id\" = (\n  SELECT \"cards\".\"account_id\"\n  FROM \"cards\"\n  WHERE \"cards\".\"id\" = \"pins\".\"card_id\"\n  LIMIT 1\n)\n")
   -> 0.0003s
-- quote_table_name(:pins)
   -> 0.0000s
-- quote_table_name(:accounts)
   -> 0.0000s
-- quote_column_name(:account_id)
   -> 0.0000s
-- quote_column_name(:id)
   -> 0.0000s
-- execute("DELETE FROM \"pins\"\nWHERE \"account_id\" IS NULL\n  OR NOT EXISTS (\n    SELECT 1\n    FROM \"accounts\"\n    WHERE \"accounts\".\"id\" = \"pins\".\"account_id\"\n  )\n")
   -> 0.0001s
-- quote_table_name(:search_queries)
   -> 0.0000s
-- quote_table_name(:users)
   -> 0.0000s
-- quote_column_name(:account_id)
   -> 0.0000s
-- quote_column_name(:account_id)
   -> 0.0000s
-- quote_column_name(:id)
   -> 0.0000s
-- quote_column_name(:user_id)
   -> 0.0000s
-- execute("UPDATE \"search_queries\"\nSET \"account_id\" = (\n  SELECT \"users\".\"account_id\"\n  FROM \"users\"\n  WHERE \"users\".\"id\" = \"search_queries\".\"user_id\"\n  LIMIT 1\n)\n")
   -> 0.0001s
-- quote_table_name(:search_queries)
   -> 0.0000s
-- quote_table_name(:accounts)
   -> 0.0000s
-- quote_column_name(:account_id)
   -> 0.0000s
-- quote_column_name(:id)
   -> 0.0000s
-- execute("DELETE FROM \"search_queries\"\nWHERE \"account_id\" IS NULL\n  OR NOT EXISTS (\n    SELECT 1\n    FROM \"accounts\"\n    WHERE \"accounts\".\"id\" = \"search_queries\".\"account_id\"\n  )\n")
   -> 0.0001s
-- quote_table_name(:taggings)
   -> 0.0000s
-- quote_table_name(:cards)
   -> 0.0000s
-- quote_column_name(:account_id)
   -> 0.0000s
-- quote_column_name(:account_id)
   -> 0.0000s
-- quote_column_name(:id)
   -> 0.0000s
-- quote_column_name(:card_id)
   -> 0.0000s
-- execute("UPDATE \"taggings\"\nSET \"account_id\" = (\n  SELECT \"cards\".\"account_id\"\n  FROM \"cards\"\n  WHERE \"cards\".\"id\" = \"taggings\".\"card_id\"\n  LIMIT 1\n)\n")
   -> 0.0001s
-- quote_table_name(:taggings)
   -> 0.0000s
-- quote_table_name(:accounts)
   -> 0.0000s
-- quote_column_name(:account_id)
   -> 0.0000s
-- quote_column_name(:id)
   -> 0.0000s
-- execute("DELETE FROM \"taggings\"\nWHERE \"account_id\" IS NULL\n  OR NOT EXISTS (\n    SELECT 1\n    FROM \"accounts\"\n    WHERE \"accounts\".\"id\" = \"taggings\".\"account_id\"\n  )\n")
   -> 0.0001s
-- quote_table_name(:user_settings)
   -> 0.0000s
-- quote_table_name(:users)
   -> 0.0000s
-- quote_column_name(:account_id)
   -> 0.0000s
-- quote_column_name(:account_id)
   -> 0.0000s
-- quote_column_name(:id)
   -> 0.0000s
-- quote_column_name(:user_id)
   -> 0.0000s
-- execute("UPDATE \"user_settings\"\nSET \"account_id\" = (\n  SELECT \"users\".\"account_id\"\n  FROM \"users\"\n  WHERE \"users\".\"id\" = \"user_settings\".\"user_id\"\n  LIMIT 1\n)\n")
   -> 0.0001s
-- quote_table_name(:user_settings)
   -> 0.0000s
-- quote_table_name(:accounts)
   -> 0.0000s
-- quote_column_name(:account_id)
   -> 0.0000s
-- quote_column_name(:id)
   -> 0.0000s
-- execute("DELETE FROM \"user_settings\"\nWHERE \"account_id\" IS NULL\n  OR NOT EXISTS (\n    SELECT 1\n    FROM \"accounts\"\n    WHERE \"accounts\".\"id\" = \"user_settings\".\"account_id\"\n  )\n")
   -> 0.0001s
-- quote_table_name(:watches)
   -> 0.0000s
-- quote_table_name(:cards)
   -> 0.0000s
-- quote_column_name(:account_id)
   -> 0.0000s
-- quote_column_name(:account_id)
   -> 0.0000s
-- quote_column_name(:id)
   -> 0.0000s
-- quote_column_name(:card_id)
   -> 0.0000s
-- execute("UPDATE \"watches\"\nSET \"account_id\" = (\n  SELECT \"cards\".\"account_id\"\n  FROM \"cards\"\n  WHERE \"cards\".\"id\" = \"watches\".\"card_id\"\n  LIMIT 1\n)\n")
   -> 0.0001s
-- quote_table_name(:watches)
   -> 0.0000s
-- quote_table_name(:accounts)
   -> 0.0000s
-- quote_column_name(:account_id)
   -> 0.0000s
-- quote_column_name(:id)
   -> 0.0000s
-- execute("DELETE FROM \"watches\"\nWHERE \"account_id\" IS NULL\n  OR NOT EXISTS (\n    SELECT 1\n    FROM \"accounts\"\n    WHERE \"accounts\".\"id\" = \"watches\".\"account_id\"\n  )\n")
   -> 0.0001s
-- quote_table_name(:webhook_delinquency_trackers)
   -> 0.0000s
-- quote_table_name(:webhooks)
   -> 0.0000s
-- quote_column_name(:account_id)
   -> 0.0000s
-- quote_column_name(:account_id)
   -> 0.0000s
-- quote_column_name(:id)
   -> 0.0000s
-- quote_column_name(:webhook_id)
   -> 0.0000s
-- execute("UPDATE \"webhook_delinquency_trackers\"\nSET \"account_id\" = (\n  SELECT \"webhooks\".\"account_id\"\n  FROM \"webhooks\"\n  WHERE \"webhooks\".\"id\" = \"webhook_delinquency_trackers\".\"webhook_id\"\n  LIMIT 1\n)\n")
   -> 0.0001s
-- quote_table_name(:webhook_delinquency_trackers)
   -> 0.0000s
-- quote_table_name(:accounts)
   -> 0.0000s
-- quote_column_name(:account_id)
   -> 0.0000s
-- quote_column_name(:id)
   -> 0.0000s
-- execute("DELETE FROM \"webhook_delinquency_trackers\"\nWHERE \"account_id\" IS NULL\n  OR NOT EXISTS (\n    SELECT 1\n    FROM \"accounts\"\n    WHERE \"accounts\".\"id\" = \"webhook_delinquency_trackers\".\"account_id\"\n  )\n")
   -> 0.0001s
-- quote_table_name(:webhook_deliveries)
   -> 0.0000s
-- quote_table_name(:webhooks)
   -> 0.0000s
-- quote_column_name(:account_id)
   -> 0.0000s
-- quote_column_name(:account_id)
   -> 0.0000s
-- quote_column_name(:id)
   -> 0.0000s
-- quote_column_name(:webhook_id)
   -> 0.0000s
-- execute("UPDATE \"webhook_deliveries\"\nSET \"account_id\" = (\n  SELECT \"webhooks\".\"account_id\"\n  FROM \"webhooks\"\n  WHERE \"webhooks\".\"id\" = \"webhook_deliveries\".\"webhook_id\"\n  LIMIT 1\n)\n")
   -> 0.0001s
-- quote_table_name(:webhook_deliveries)
   -> 0.0000s
-- quote_table_name(:accounts)
   -> 0.0000s
-- quote_column_name(:account_id)
   -> 0.0000s
-- quote_column_name(:id)
   -> 0.0000s
-- execute("DELETE FROM \"webhook_deliveries\"\nWHERE \"account_id\" IS NULL\n  OR NOT EXISTS (\n    SELECT 1\n    FROM \"accounts\"\n    WHERE \"accounts\".\"id\" = \"webhook_deliveries\".\"account_id\"\n  )\n")
   -> 0.0001s
-- quote_table_name(:storage_totals)
   -> 0.0000s
-- quote_column_name("owner_type")
   -> 0.0000s
-- quote_column_name("owner_id")
   -> 0.0000s
-- quote_column_name(:account_id)
   -> 0.0000s
-- execute("UPDATE \"storage_totals\" SET \"account_id\" = NULL")
   -> 0.0001s
-- quote_table_name(:accounts)
   -> 0.0000s
-- quote_column_name(:id)
   -> 0.0000s
-- quote_column_name(:id)
   -> 0.0000s
-- quote("Account")
   -> 0.0000s
-- execute("UPDATE \"storage_totals\"\nSET \"account_id\" = (\n  SELECT \"accounts\".\"id\"\n  FROM \"accounts\"\n  WHERE \"accounts\".\"id\" = \"storage_totals\".\"owner_id\"\n  LIMIT 1\n)\nWHERE \"storage_totals\".\"owner_type\" = 'Account'\n")
   -> 0.0001s
-- quote_table_name(:boards)
   -> 0.0000s
-- quote_column_name(:account_id)
   -> 0.0000s
-- quote_column_name(:id)
   -> 0.0000s
-- quote("Board")
   -> 0.0000s
-- execute("UPDATE \"storage_totals\"\nSET \"account_id\" = (\n  SELECT \"boards\".\"account_id\"\n  FROM \"boards\"\n  WHERE \"boards\".\"id\" = \"storage_totals\".\"owner_id\"\n  LIMIT 1\n)\nWHERE \"storage_totals\".\"owner_type\" = 'Board'\n")
   -> 0.0001s
-- quote_table_name(:storage_totals)
   -> 0.0000s
-- quote_table_name(:accounts)
   -> 0.0000s
-- quote_column_name(:account_id)
   -> 0.0000s
-- quote_column_name(:id)
   -> 0.0000s
-- execute("DELETE FROM \"storage_totals\"\nWHERE \"account_id\" IS NULL\n  OR NOT EXISTS (\n    SELECT 1\n    FROM \"accounts\"\n    WHERE \"accounts\".\"id\" = \"storage_totals\".\"account_id\"\n  )\n")
   -> 0.0001s
-- quote_table_name(:entropies)
   -> 0.0000s
-- quote_column_name("container_type")
   -> 0.0000s
-- quote_column_name("container_id")
   -> 0.0000s
-- quote_column_name(:account_id)
   -> 0.0000s
-- execute("UPDATE \"entropies\" SET \"account_id\" = NULL")
   -> 0.0001s
-- quote_table_name(:accounts)
   -> 0.0000s
-- quote_column_name(:id)
   -> 0.0000s
-- quote_column_name(:id)
   -> 0.0000s
-- quote("Account")
   -> 0.0000s
-- execute("UPDATE \"entropies\"\nSET \"account_id\" = (\n  SELECT \"accounts\".\"id\"\n  FROM \"accounts\"\n  WHERE \"accounts\".\"id\" = \"entropies\".\"container_id\"\n  LIMIT 1\n)\nWHERE \"entropies\".\"container_type\" = 'Account'\n")
   -> 0.0001s
-- quote_table_name(:boards)
   -> 0.0000s
-- quote_column_name(:account_id)
   -> 0.0000s
-- quote_column_name(:id)
   -> 0.0000s
-- quote("Board")
   -> 0.0000s
-- execute("UPDATE \"entropies\"\nSET \"account_id\" = (\n  SELECT \"boards\".\"account_id\"\n  FROM \"boards\"\n  WHERE \"boards\".\"id\" = \"entropies\".\"container_id\"\n  LIMIT 1\n)\nWHERE \"entropies\".\"container_type\" = 'Board'\n")
   -> 0.0001s
-- quote_table_name(:entropies)
   -> 0.0000s
-- quote_table_name(:accounts)
   -> 0.0000s
-- quote_column_name(:account_id)
   -> 0.0000s
-- quote_column_name(:id)
   -> 0.0000s
-- execute("DELETE FROM \"entropies\"\nWHERE \"account_id\" IS NULL\n  OR NOT EXISTS (\n    SELECT 1\n    FROM \"accounts\"\n    WHERE \"accounts\".\"id\" = \"entropies\".\"account_id\"\n  )\n")
   -> 0.0001s
-- quote_table_name(:mentions)
   -> 0.0000s
-- quote_column_name("source_type")
   -> 0.0000s
-- quote_column_name("source_id")
   -> 0.0000s
-- quote_column_name(:account_id)
   -> 0.0000s
-- execute("UPDATE \"mentions\" SET \"account_id\" = NULL")
   -> 0.0001s
-- quote_table_name(:cards)
   -> 0.0000s
-- quote_column_name(:account_id)
   -> 0.0000s
-- quote_column_name(:id)
   -> 0.0000s
-- quote("Card")
   -> 0.0000s
-- execute("UPDATE \"mentions\"\nSET \"account_id\" = (\n  SELECT \"cards\".\"account_id\"\n  FROM \"cards\"\n  WHERE \"cards\".\"id\" = \"mentions\".\"source_id\"\n  LIMIT 1\n)\nWHERE \"mentions\".\"source_type\" = 'Card'\n")
   -> 0.0001s
-- quote_table_name(:comments)
   -> 0.0000s
-- quote_column_name(:account_id)
   -> 0.0000s
-- quote_column_name(:id)
   -> 0.0000s
-- quote("Comment")
   -> 0.0000s
-- execute("UPDATE \"mentions\"\nSET \"account_id\" = (\n  SELECT \"comments\".\"account_id\"\n  FROM \"comments\"\n  WHERE \"comments\".\"id\" = \"mentions\".\"source_id\"\n  LIMIT 1\n)\nWHERE \"mentions\".\"source_type\" = 'Comment'\n")
   -> 0.0001s
-- quote_table_name(:mentions)
   -> 0.0000s
-- quote_table_name(:accounts)
   -> 0.0000s
-- quote_column_name(:account_id)
   -> 0.0000s
-- quote_column_name(:id)
   -> 0.0000s
-- execute("DELETE FROM \"mentions\"\nWHERE \"account_id\" IS NULL\n  OR NOT EXISTS (\n    SELECT 1\n    FROM \"accounts\"\n    WHERE \"accounts\".\"id\" = \"mentions\".\"account_id\"\n  )\n")
   -> 0.0001s
-- quote_table_name(:reactions)
   -> 0.0000s
-- quote_column_name("reactable_type")
   -> 0.0000s
-- quote_column_name("reactable_id")
   -> 0.0000s
-- quote_column_name(:account_id)
   -> 0.0000s
-- execute("UPDATE \"reactions\" SET \"account_id\" = NULL")
   -> 0.0001s
-- quote_table_name(:cards)
   -> 0.0000s
-- quote_column_name(:account_id)
   -> 0.0000s
-- quote_column_name(:id)
   -> 0.0000s
-- quote("Card")
   -> 0.0000s
-- execute("UPDATE \"reactions\"\nSET \"account_id\" = (\n  SELECT \"cards\".\"account_id\"\n  FROM \"cards\"\n  WHERE \"cards\".\"id\" = \"reactions\".\"reactable_id\"\n  LIMIT 1\n)\nWHERE \"reactions\".\"reactable_type\" = 'Card'\n")
   -> 0.0001s
-- quote_table_name(:comments)
   -> 0.0000s
-- quote_column_name(:account_id)
   -> 0.0000s
-- quote_column_name(:id)
   -> 0.0000s
-- quote("Comment")
   -> 0.0000s
-- execute("UPDATE \"reactions\"\nSET \"account_id\" = (\n  SELECT \"comments\".\"account_id\"\n  FROM \"comments\"\n  WHERE \"comments\".\"id\" = \"reactions\".\"reactable_id\"\n  LIMIT 1\n)\nWHERE \"reactions\".\"reactable_type\" = 'Comment'\n")
   -> 0.0001s
-- quote_table_name(:reactions)
   -> 0.0000s
-- quote_table_name(:accounts)
   -> 0.0000s
-- quote_column_name(:account_id)
   -> 0.0000s
-- quote_column_name(:id)
   -> 0.0000s
-- execute("DELETE FROM \"reactions\"\nWHERE \"account_id\" IS NULL\n  OR NOT EXISTS (\n    SELECT 1\n    FROM \"accounts\"\n    WHERE \"accounts\".\"id\" = \"reactions\".\"account_id\"\n  )\n")
   -> 0.0001s
-- quote_table_name(:action_text_rich_texts)
   -> 0.0000s
-- quote_column_name("record_type")
   -> 0.0000s
-- quote_column_name("record_id")
   -> 0.0000s
-- quote_column_name(:account_id)
   -> 0.0000s
-- execute("UPDATE \"action_text_rich_texts\" SET \"account_id\" = NULL")
   -> 0.0001s
-- quote_table_name(:boards)
   -> 0.0000s
-- quote_column_name(:account_id)
   -> 0.0000s
-- quote_column_name(:id)
   -> 0.0000s
-- quote("Board")
   -> 0.0000s
-- execute("UPDATE \"action_text_rich_texts\"\nSET \"account_id\" = (\n  SELECT \"boards\".\"account_id\"\n  FROM \"boards\"\n  WHERE \"boards\".\"id\" = \"action_text_rich_texts\".\"record_id\"\n  LIMIT 1\n)\nWHERE \"action_text_rich_texts\".\"record_type\" = 'Board'\n")
   -> 0.0001s
-- quote_table_name(:cards)
   -> 0.0000s
-- quote_column_name(:account_id)
   -> 0.0000s
-- quote_column_name(:id)
   -> 0.0000s
-- quote("Card")
   -> 0.0000s
-- execute("UPDATE \"action_text_rich_texts\"\nSET \"account_id\" = (\n  SELECT \"cards\".\"account_id\"\n  FROM \"cards\"\n  WHERE \"cards\".\"id\" = \"action_text_rich_texts\".\"record_id\"\n  LIMIT 1\n)\nWHERE \"action_text_rich_texts\".\"record_type\" = 'Card'\n")
   -> 0.0001s
-- quote_table_name(:comments)
   -> 0.0000s
-- quote_column_name(:account_id)
   -> 0.0000s
-- quote_column_name(:id)
   -> 0.0000s
-- quote("Comment")
   -> 0.0000s
-- execute("UPDATE \"action_text_rich_texts\"\nSET \"account_id\" = (\n  SELECT \"comments\".\"account_id\"\n  FROM \"comments\"\n  WHERE \"comments\".\"id\" = \"action_text_rich_texts\".\"record_id\"\n  LIMIT 1\n)\nWHERE \"action_text_rich_texts\".\"record_type\" = 'Comment'\n")
   -> 0.0001s
-- quote_table_name(:action_text_rich_texts)
   -> 0.0000s
-- quote_table_name(:accounts)
   -> 0.0000s
-- quote_column_name(:account_id)
   -> 0.0000s
-- quote_column_name(:id)
   -> 0.0000s
-- execute("DELETE FROM \"action_text_rich_texts\"\nWHERE \"account_id\" IS NULL\n  OR NOT EXISTS (\n    SELECT 1\n    FROM \"accounts\"\n    WHERE \"accounts\".\"id\" = \"action_text_rich_texts\".\"account_id\"\n  )\n")
   -> 0.0001s
-- quote_table_name(:active_storage_attachments)
   -> 0.0000s
-- quote_column_name("record_type")
   -> 0.0000s
-- quote_column_name("record_id")
   -> 0.0000s
-- quote_column_name(:account_id)
   -> 0.0000s
-- execute("UPDATE \"active_storage_attachments\" SET \"account_id\" = NULL")
   -> 0.0001s
-- quote_table_name(:account_imports)
   -> 0.0000s
-- quote_column_name(:account_id)
   -> 0.0000s
-- quote_column_name(:id)
   -> 0.0000s
-- quote("Account::Import")
   -> 0.0000s
-- execute("UPDATE \"active_storage_attachments\"\nSET \"account_id\" = (\n  SELECT \"account_imports\".\"account_id\"\n  FROM \"account_imports\"\n  WHERE \"account_imports\".\"id\" = \"active_storage_attachments\".\"record_id\"\n  LIMIT 1\n)\nWHERE \"active_storage_attachments\".\"record_type\" = 'Account::Import'\n")
   -> 0.0001s
-- quote_table_name(:action_text_rich_texts)
   -> 0.0000s
-- quote_column_name(:account_id)
   -> 0.0000s
-- quote_column_name(:id)
   -> 0.0000s
-- quote("ActionText::RichText")
   -> 0.0000s
-- execute("UPDATE \"active_storage_attachments\"\nSET \"account_id\" = (\n  SELECT \"action_text_rich_texts\".\"account_id\"\n  FROM \"action_text_rich_texts\"\n  WHERE \"action_text_rich_texts\".\"id\" = \"active_storage_attachments\".\"record_id\"\n  LIMIT 1\n)\nWHERE \"active_storage_attachments\".\"record_type\" = 'ActionText::RichText'\n")
   -> 0.0001s
-- quote_table_name(:active_storage_variant_records)
   -> 0.0000s
-- quote_column_name(:account_id)
   -> 0.0000s
-- quote_column_name(:id)
   -> 0.0000s
-- quote("ActiveStorage::VariantRecord")
   -> 0.0000s
-- execute("UPDATE \"active_storage_attachments\"\nSET \"account_id\" = (\n  SELECT \"active_storage_variant_records\".\"account_id\"\n  FROM \"active_storage_variant_records\"\n  WHERE \"active_storage_variant_records\".\"id\" = \"active_storage_attachments\".\"record_id\"\n  LIMIT 1\n)\nWHERE \"active_storage_attachments\".\"record_type\" = 'ActiveStorage::VariantRecord'\n")
   -> 0.0001s
-- quote_table_name(:boards)
   -> 0.0000s
-- quote_column_name(:account_id)
   -> 0.0000s
-- quote_column_name(:id)
   -> 0.0000s
-- quote("Board")
   -> 0.0000s
-- execute("UPDATE \"active_storage_attachments\"\nSET \"account_id\" = (\n  SELECT \"boards\".\"account_id\"\n  FROM \"boards\"\n  WHERE \"boards\".\"id\" = \"active_storage_attachments\".\"record_id\"\n  LIMIT 1\n)\nWHERE \"active_storage_attachments\".\"record_type\" = 'Board'\n")
   -> 0.0001s
-- quote_table_name(:cards)
   -> 0.0000s
-- quote_column_name(:account_id)
   -> 0.0000s
-- quote_column_name(:id)
   -> 0.0000s
-- quote("Card")
   -> 0.0000s
-- execute("UPDATE \"active_storage_attachments\"\nSET \"account_id\" = (\n  SELECT \"cards\".\"account_id\"\n  FROM \"cards\"\n  WHERE \"cards\".\"id\" = \"active_storage_attachments\".\"record_id\"\n  LIMIT 1\n)\nWHERE \"active_storage_attachments\".\"record_type\" = 'Card'\n")
   -> 0.0001s
-- quote_table_name(:comments)
   -> 0.0000s
-- quote_column_name(:account_id)
   -> 0.0000s
-- quote_column_name(:id)
   -> 0.0000s
-- quote("Comment")
   -> 0.0000s
-- execute("UPDATE \"active_storage_attachments\"\nSET \"account_id\" = (\n  SELECT \"comments\".\"account_id\"\n  FROM \"comments\"\n  WHERE \"comments\".\"id\" = \"active_storage_attachments\".\"record_id\"\n  LIMIT 1\n)\nWHERE \"active_storage_attachments\".\"record_type\" = 'Comment'\n")
   -> 0.0001s
-- quote_table_name(:exports)
   -> 0.0000s
-- quote_column_name(:account_id)
   -> 0.0000s
-- quote_column_name(:id)
   -> 0.0000s
-- quote("Export")
   -> 0.0000s
-- execute("UPDATE \"active_storage_attachments\"\nSET \"account_id\" = (\n  SELECT \"exports\".\"account_id\"\n  FROM \"exports\"\n  WHERE \"exports\".\"id\" = \"active_storage_attachments\".\"record_id\"\n  LIMIT 1\n)\nWHERE \"active_storage_attachments\".\"record_type\" = 'Export'\n")
   -> 0.0001s
-- quote_table_name(:users)
   -> 0.0000s
-- quote_column_name(:account_id)
   -> 0.0000s
-- quote_column_name(:id)
   -> 0.0000s
-- quote("User")
   -> 0.0000s
-- execute("UPDATE \"active_storage_attachments\"\nSET \"account_id\" = (\n  SELECT \"users\".\"account_id\"\n  FROM \"users\"\n  WHERE \"users\".\"id\" = \"active_storage_attachments\".\"record_id\"\n  LIMIT 1\n)\nWHERE \"active_storage_attachments\".\"record_type\" = 'User'\n")
   -> 0.0001s
-- quote_table_name(:active_storage_blobs)
   -> 0.0000s
-- quote_table_name(:active_storage_attachments)
   -> 0.0000s
-- quote_column_name(:account_id)
   -> 0.0000s
-- quote_column_name(:account_id)
   -> 0.0000s
-- quote_column_name(:blob_id)
   -> 0.0000s
-- quote_column_name(:id)
   -> 0.0000s
-- quote_column_name(:account_id)
   -> 0.0000s
-- execute("UPDATE \"active_storage_blobs\"\nSET \"account_id\" = (\n  SELECT \"active_storage_attachments\".\"account_id\"\n  FROM \"active_storage_attachments\"\n  WHERE \"active_storage_attachments\".\"blob_id\" = \"active_storage_blobs\".\"id\"\n    AND \"active_storage_attachments\".\"account_id\" IS NOT NULL\n  LIMIT 1\n)\n")
   -> 0.0001s
-- quote_table_name(:active_storage_variant_records)
   -> 0.0000s
-- quote_table_name(:active_storage_blobs)
   -> 0.0000s
-- quote_column_name(:account_id)
   -> 0.0000s
-- quote_column_name(:account_id)
   -> 0.0000s
-- quote_column_name(:id)
   -> 0.0000s
-- quote_column_name(:blob_id)
   -> 0.0000s
-- execute("UPDATE \"active_storage_variant_records\"\nSET \"account_id\" = (\n  SELECT \"active_storage_blobs\".\"account_id\"\n  FROM \"active_storage_blobs\"\n  WHERE \"active_storage_blobs\".\"id\" = \"active_storage_variant_records\".\"blob_id\"\n  LIMIT 1\n)\n")
   -> 0.0001s
-- quote_table_name(:active_storage_variant_records)
   -> 0.0000s
-- quote_table_name(:accounts)
   -> 0.0000s
-- quote_column_name(:account_id)
   -> 0.0000s
-- quote_column_name(:id)
   -> 0.0000s
-- execute("DELETE FROM \"active_storage_variant_records\"\nWHERE \"account_id\" IS NULL\n  OR NOT EXISTS (\n    SELECT 1\n    FROM \"accounts\"\n    WHERE \"accounts\".\"id\" = \"active_storage_variant_records\".\"account_id\"\n  )\n")
   -> 0.0001s
-- quote_table_name(:active_storage_attachments)
   -> 0.0000s
-- quote_column_name("record_type")
   -> 0.0000s
-- quote_column_name("record_id")
   -> 0.0000s
-- quote_column_name(:account_id)
   -> 0.0000s
-- execute("UPDATE \"active_storage_attachments\" SET \"account_id\" = NULL")
   -> 0.0001s
-- quote_table_name(:account_imports)
   -> 0.0000s
-- quote_column_name(:account_id)
   -> 0.0000s
-- quote_column_name(:id)
   -> 0.0000s
-- quote("Account::Import")
   -> 0.0000s
-- execute("UPDATE \"active_storage_attachments\"\nSET \"account_id\" = (\n  SELECT \"account_imports\".\"account_id\"\n  FROM \"account_imports\"\n  WHERE \"account_imports\".\"id\" = \"active_storage_attachments\".\"record_id\"\n  LIMIT 1\n)\nWHERE \"active_storage_attachments\".\"record_type\" = 'Account::Import'\n")
   -> 0.0001s
-- quote_table_name(:action_text_rich_texts)
   -> 0.0000s
-- quote_column_name(:account_id)
   -> 0.0000s
-- quote_column_name(:id)
   -> 0.0000s
-- quote("ActionText::RichText")
   -> 0.0000s
-- execute("UPDATE \"active_storage_attachments\"\nSET \"account_id\" = (\n  SELECT \"action_text_rich_texts\".\"account_id\"\n  FROM \"action_text_rich_texts\"\n  WHERE \"action_text_rich_texts\".\"id\" = \"active_storage_attachments\".\"record_id\"\n  LIMIT 1\n)\nWHERE \"active_storage_attachments\".\"record_type\" = 'ActionText::RichText'\n")
   -> 0.0001s
-- quote_table_name(:active_storage_variant_records)
   -> 0.0000s
-- quote_column_name(:account_id)
   -> 0.0000s
-- quote_column_name(:id)
   -> 0.0000s
-- quote("ActiveStorage::VariantRecord")
   -> 0.0000s
-- execute("UPDATE \"active_storage_attachments\"\nSET \"account_id\" = (\n  SELECT \"active_storage_variant_records\".\"account_id\"\n  FROM \"active_storage_variant_records\"\n  WHERE \"active_storage_variant_records\".\"id\" = \"active_storage_attachments\".\"record_id\"\n  LIMIT 1\n)\nWHERE \"active_storage_attachments\".\"record_type\" = 'ActiveStorage::VariantRecord'\n")
   -> 0.0001s
-- quote_table_name(:boards)
   -> 0.0000s
-- quote_column_name(:account_id)
   -> 0.0000s
-- quote_column_name(:id)
   -> 0.0000s
-- quote("Board")
   -> 0.0000s
-- execute("UPDATE \"active_storage_attachments\"\nSET \"account_id\" = (\n  SELECT \"boards\".\"account_id\"\n  FROM \"boards\"\n  WHERE \"boards\".\"id\" = \"active_storage_attachments\".\"record_id\"\n  LIMIT 1\n)\nWHERE \"active_storage_attachments\".\"record_type\" = 'Board'\n")
   -> 0.0001s
-- quote_table_name(:cards)
   -> 0.0000s
-- quote_column_name(:account_id)
   -> 0.0000s
-- quote_column_name(:id)
   -> 0.0000s
-- quote("Card")
   -> 0.0000s
-- execute("UPDATE \"active_storage_attachments\"\nSET \"account_id\" = (\n  SELECT \"cards\".\"account_id\"\n  FROM \"cards\"\n  WHERE \"cards\".\"id\" = \"active_storage_attachments\".\"record_id\"\n  LIMIT 1\n)\nWHERE \"active_storage_attachments\".\"record_type\" = 'Card'\n")
   -> 0.0001s
-- quote_table_name(:comments)
   -> 0.0000s
-- quote_column_name(:account_id)
   -> 0.0000s
-- quote_column_name(:id)
   -> 0.0000s
-- quote("Comment")
   -> 0.0000s
-- execute("UPDATE \"active_storage_attachments\"\nSET \"account_id\" = (\n  SELECT \"comments\".\"account_id\"\n  FROM \"comments\"\n  WHERE \"comments\".\"id\" = \"active_storage_attachments\".\"record_id\"\n  LIMIT 1\n)\nWHERE \"active_storage_attachments\".\"record_type\" = 'Comment'\n")
   -> 0.0001s
-- quote_table_name(:exports)
   -> 0.0000s
-- quote_column_name(:account_id)
   -> 0.0000s
-- quote_column_name(:id)
   -> 0.0000s
-- quote("Export")
   -> 0.0000s
-- execute("UPDATE \"active_storage_attachments\"\nSET \"account_id\" = (\n  SELECT \"exports\".\"account_id\"\n  FROM \"exports\"\n  WHERE \"exports\".\"id\" = \"active_storage_attachments\".\"record_id\"\n  LIMIT 1\n)\nWHERE \"active_storage_attachments\".\"record_type\" = 'Export'\n")
   -> 0.0001s
-- quote_table_name(:users)
   -> 0.0000s
-- quote_column_name(:account_id)
   -> 0.0000s
-- quote_column_name(:id)
   -> 0.0000s
-- quote("User")
   -> 0.0000s
-- execute("UPDATE \"active_storage_attachments\"\nSET \"account_id\" = (\n  SELECT \"users\".\"account_id\"\n  FROM \"users\"\n  WHERE \"users\".\"id\" = \"active_storage_attachments\".\"record_id\"\n  LIMIT 1\n)\nWHERE \"active_storage_attachments\".\"record_type\" = 'User'\n")
   -> 0.0001s
-- quote_table_name(:active_storage_blobs)
   -> 0.0000s
-- quote_table_name(:active_storage_attachments)
   -> 0.0000s
-- quote_column_name(:account_id)
   -> 0.0000s
-- quote_column_name(:account_id)
   -> 0.0000s
-- quote_column_name(:blob_id)
   -> 0.0000s
-- quote_column_name(:id)
   -> 0.0000s
-- quote_column_name(:account_id)
   -> 0.0000s
-- execute("UPDATE \"active_storage_blobs\"\nSET \"account_id\" = (\n  SELECT \"active_storage_attachments\".\"account_id\"\n  FROM \"active_storage_attachments\"\n  WHERE \"active_storage_attachments\".\"blob_id\" = \"active_storage_blobs\".\"id\"\n    AND \"active_storage_attachments\".\"account_id\" IS NOT NULL\n  LIMIT 1\n)\n")
   -> 0.0001s
-- quote_table_name(:active_storage_attachments)
   -> 0.0000s
-- quote_table_name(:accounts)
   -> 0.0000s
-- quote_column_name(:account_id)
   -> 0.0000s
-- quote_column_name(:id)
   -> 0.0000s
-- execute("DELETE FROM \"active_storage_attachments\"\nWHERE \"account_id\" IS NULL\n  OR NOT EXISTS (\n    SELECT 1\n    FROM \"accounts\"\n    WHERE \"accounts\".\"id\" = \"active_storage_attachments\".\"account_id\"\n  )\n")
   -> 0.0001s
-- quote_table_name(:active_storage_variant_records)
   -> 0.0000s
-- quote_table_name(:accounts)
   -> 0.0000s
-- quote_column_name(:account_id)
   -> 0.0000s
-- quote_column_name(:id)
   -> 0.0000s
-- execute("DELETE FROM \"active_storage_variant_records\"\nWHERE \"account_id\" IS NULL\n  OR NOT EXISTS (\n    SELECT 1\n    FROM \"accounts\"\n    WHERE \"accounts\".\"id\" = \"active_storage_variant_records\".\"account_id\"\n  )\n")
   -> 0.0001s
-- quote_table_name(:active_storage_blobs)
   -> 0.0000s
-- quote_table_name(:accounts)
   -> 0.0000s
-- quote_column_name(:account_id)
   -> 0.0000s
-- quote_column_name(:id)
   -> 0.0000s
-- execute("DELETE FROM \"active_storage_blobs\"\nWHERE \"account_id\" IS NULL\n  OR NOT EXISTS (\n    SELECT 1\n    FROM \"accounts\"\n    WHERE \"accounts\".\"id\" = \"active_storage_blobs\".\"account_id\"\n  )\n")
   -> 0.0001s
-- change_column_null(:accesses, :account_id, false)
   -> 0.0085s
-- add_index(:accesses, :account_id)
   -> 0.0002s
-- change_column_null(:action_text_rich_texts, :account_id, false)
   -> 0.0046s
-- add_index(:action_text_rich_texts, :account_id)
   -> 0.0002s
-- change_column_null(:active_storage_attachments, :account_id, false)
   -> 0.0061s
-- add_index(:active_storage_attachments, :account_id)
   -> 0.0002s
-- change_column_null(:active_storage_blobs, :account_id, false)
   -> 0.0059s
-- add_index(:active_storage_blobs, :account_id)
   -> 0.0002s
-- change_column_null(:active_storage_variant_records, :account_id, false)
   -> 0.0048s
-- add_index(:active_storage_variant_records, :account_id)
   -> 0.0002s
-- change_column_null(:assignments, :account_id, false)
   -> 0.0065s
-- add_index(:assignments, :account_id)
   -> 0.0002s
-- change_column_null(:board_publications, :account_id, false)
   -> 0.0057s
-- add_index(:board_publications, :account_id)
   -> 0.0002s
-- change_column_null(:card_activity_spikes, :account_id, false)
   -> 0.0040s
-- add_index(:card_activity_spikes, :account_id)
   -> 0.0002s
-- change_column_null(:card_goldnesses, :account_id, false)
   -> 0.0042s
-- add_index(:card_goldnesses, :account_id)
   -> 0.0002s
-- change_column_null(:card_not_nows, :account_id, false)
   -> 0.0054s
-- add_index(:card_not_nows, :account_id)
   -> 0.0002s
-- change_column_null(:closures, :account_id, false)
   -> 0.0100s
-- add_index(:closures, :account_id)
   -> 0.0003s
-- change_column_null(:entropies, :account_id, false)
   -> 0.0082s
-- add_index(:entropies, :account_id)
   -> 0.0002s
-- change_column_null(:mentions, :account_id, false)
   -> 0.0371s
-- add_index(:mentions, :account_id)
   -> 0.0003s
-- change_column_null(:pins, :account_id, false)
   -> 0.0108s
-- add_index(:pins, :account_id)
   -> 0.0002s
-- change_column_null(:reactions, :account_id, false)
   -> 0.0070s
-- add_index(:reactions, :account_id)
   -> 0.0002s
-- change_column_null(:search_queries, :account_id, false)
   -> 0.0079s
-- add_index(:search_queries, :account_id)
   -> 0.0002s
-- change_column_null(:storage_totals, :account_id, false)
   -> 0.0050s
-- add_index(:storage_totals, :account_id)
   -> 0.0002s
-- change_column_null(:taggings, :account_id, false)
   -> 0.0055s
-- add_index(:taggings, :account_id)
   -> 0.0002s
-- change_column_null(:user_settings, :account_id, false)
   -> 0.0075s
-- add_index(:user_settings, :account_id)
   -> 0.0002s
-- change_column_null(:watches, :account_id, false)
   -> 0.0101s
-- add_index(:watches, :account_id)
   -> 0.0002s
-- change_column_null(:webhook_delinquency_trackers, :account_id, false)
   -> 0.0058s
-- add_index(:webhook_delinquency_trackers, :account_id)
   -> 0.0002s
-- change_column_null(:webhook_deliveries, :account_id, false)
   -> 0.0084s
-- add_index(:webhook_deliveries, :account_id)
   -> 0.0002s
-- change_column_null(:account_imports, :account_id, false)
   -> 0.0069s
-- change_column_null(:account_join_codes, :account_id, false)
   -> 0.0050s
-- add_index(:account_join_codes, :account_id)
   -> 0.0002s
-- change_column_null(:boards, :account_id, false)
   -> 0.0053s
-- add_index(:boards, :account_id)
   -> 0.0002s
-- change_column_null(:cards, :account_id, false)
   -> 0.0102s
-- add_index(:cards, :account_id)
   -> 0.0002s
-- change_column_null(:columns, :account_id, false)
   -> 0.0060s
-- add_index(:columns, :account_id)
   -> 0.0002s
-- change_column_null(:comments, :account_id, false)
   -> 0.0044s
-- add_index(:comments, :account_id)
   -> 0.0002s
-- change_column_null(:events, :account_id, false)
   -> 0.0341s
-- add_index(:events, :account_id)
   -> 0.0003s
-- change_column_null(:filters, :account_id, false)
   -> 0.0081s
-- add_index(:filters, :account_id)
   -> 0.0003s
-- change_column_null(:notification_bundles, :account_id, false)
   -> 0.0079s
-- add_index(:notification_bundles, :account_id)
   -> 0.0002s
-- change_column_null(:notifications, :account_id, false)
   -> 0.0106s
-- add_index(:notifications, :account_id)
   -> 0.0002s
-- change_column_null(:push_subscriptions, :account_id, false)
   -> 0.0049s
-- add_index(:push_subscriptions, :account_id)
   -> 0.0002s
-- change_column_null(:steps, :account_id, false)
   -> 0.0056s
-- add_index(:steps, :account_id)
   -> 0.0002s
-- change_column_null(:tags, :account_id, false)
   -> 0.0037s
-- add_index(:tags, :account_id)
   -> 0.0004s
-- change_column_null(:users, :account_id, false)
   -> 0.0066s
-- add_index(:users, :account_id)
   -> 0.0002s
-- change_column_null(:webhooks, :account_id, false)
   -> 0.0048s
-- add_index(:webhooks, :account_id)
   -> 0.0002s
-- remove_index(:tags, :title)
   -> 0.0003s
-- add_index(:tags, [:account_id, :title], {unique: true})
   -> 0.0002s
== 20260710120000 AddAccountIdToAccountOwnedTables: migrated (0.3505s) ========

== 20260710120000 AddAccountIdToAccountOwnedTables: reverting =================
-- remove_index(:tags, [:account_id, :title])
   -> 0.0021s
-- add_index(:tags, :title, {unique: true})
   -> 0.0003s
-- change_column_null(:account_imports, :account_id, true)
   -> 0.0191s
-- remove_index(:account_join_codes, :account_id)
   -> 0.0013s
-- change_column_null(:account_join_codes, :account_id, true)
   -> 0.0122s
-- remove_index(:boards, :account_id)
   -> 0.0011s
-- change_column_null(:boards, :account_id, true)
   -> 0.0089s
-- remove_index(:cards, :account_id)
   -> 0.0006s
-- change_column_null(:cards, :account_id, true)
   -> 0.0117s
-- remove_index(:columns, :account_id)
   -> 0.0004s
-- change_column_null(:columns, :account_id, true)
   -> 0.0065s
-- remove_index(:comments, :account_id)
   -> 0.0003s
-- change_column_null(:comments, :account_id, true)
   -> 0.0043s
-- remove_index(:events, :account_id)
   -> 0.0006s
-- change_column_null(:events, :account_id, true)
   -> 0.0105s
-- remove_index(:filters, :account_id)
   -> 0.0003s
-- change_column_null(:filters, :account_id, true)
   -> 0.0062s
-- remove_index(:notification_bundles, :account_id)
   -> 0.0009s
-- change_column_null(:notification_bundles, :account_id, true)
   -> 0.0083s
-- remove_index(:notifications, :account_id)
   -> 0.0008s
-- change_column_null(:notifications, :account_id, true)
   -> 0.0099s
-- remove_index(:push_subscriptions, :account_id)
   -> 0.0003s
-- change_column_null(:push_subscriptions, :account_id, true)
   -> 0.0047s
-- remove_index(:steps, :account_id)
   -> 0.0004s
-- change_column_null(:steps, :account_id, true)
   -> 0.0055s
-- remove_index(:tags, :account_id)
   -> 0.0003s
-- change_column_null(:tags, :account_id, true)
   -> 0.0040s
-- remove_index(:users, :account_id)
   -> 0.0005s
-- change_column_null(:users, :account_id, true)
   -> 0.0071s
-- remove_index(:webhooks, :account_id)
   -> 0.0004s
-- change_column_null(:webhooks, :account_id, true)
   -> 0.0051s
-- remove_column(:webhook_deliveries, :account_id, :uuid)
   -> 0.0083s
-- remove_column(:webhook_delinquency_trackers, :account_id, :uuid)
   -> 0.0051s
-- remove_column(:watches, :account_id, :uuid)
   -> 0.0073s
-- remove_column(:user_settings, :account_id, :uuid)
   -> 0.0064s
-- remove_column(:taggings, :account_id, :uuid)
   -> 0.0061s
-- remove_column(:storage_totals, :account_id, :uuid)
   -> 0.0055s
-- remove_column(:search_queries, :account_id, :uuid)
   -> 0.0309s
-- remove_column(:reactions, :account_id, :uuid)
   -> 0.0075s
-- remove_column(:pins, :account_id, :uuid)
   -> 0.0077s
-- remove_column(:mentions, :account_id, :uuid)
   -> 0.0081s
-- remove_column(:entropies, :account_id, :uuid)
   -> 0.0065s
-- remove_column(:closures, :account_id, :uuid)
   -> 0.0065s
-- remove_column(:card_not_nows, :account_id, :uuid)
   -> 0.0061s
-- remove_column(:card_goldnesses, :account_id, :uuid)
   -> 0.0046s
-- remove_column(:card_activity_spikes, :account_id, :uuid)
   -> 0.0047s
-- remove_column(:board_publications, :account_id, :uuid)
   -> 0.0060s
-- remove_column(:assignments, :account_id, :uuid)
   -> 0.0061s
-- remove_column(:active_storage_variant_records, :account_id, :uuid)
   -> 0.0046s
-- remove_column(:active_storage_blobs, :account_id, :uuid)
   -> 0.0059s
-- remove_column(:active_storage_attachments, :account_id, :uuid)
   -> 0.0064s
-- remove_column(:action_text_rich_texts, :account_id, :uuid)
   -> 0.0053s
-- remove_column(:accesses, :account_id, :uuid)
   -> 0.0086s
== 20260710120000 AddAccountIdToAccountOwnedTables: reverted (0.3058s) ========

== 20260710120000 AddAccountIdToAccountOwnedTables: migrating =================
-- add_column(:accesses, :account_id, :uuid)
   -> 0.0022s
-- add_column(:action_text_rich_texts, :account_id, :uuid)
   -> 0.0012s
-- add_column(:active_storage_attachments, :account_id, :uuid)
   -> 0.0006s
-- add_column(:active_storage_blobs, :account_id, :uuid)
   -> 0.0006s
-- add_column(:active_storage_variant_records, :account_id, :uuid)
   -> 0.0011s
-- add_column(:assignments, :account_id, :uuid)
   -> 0.0006s
-- add_column(:board_publications, :account_id, :uuid)
   -> 0.0006s
-- add_column(:card_activity_spikes, :account_id, :uuid)
   -> 0.0012s
-- add_column(:card_goldnesses, :account_id, :uuid)
   -> 0.0012s
-- add_column(:card_not_nows, :account_id, :uuid)
   -> 0.0006s
-- add_column(:closures, :account_id, :uuid)
   -> 0.0012s
-- add_column(:entropies, :account_id, :uuid)
   -> 0.0007s
-- add_column(:mentions, :account_id, :uuid)
   -> 0.0006s
-- add_column(:pins, :account_id, :uuid)
   -> 0.0006s
-- add_column(:reactions, :account_id, :uuid)
   -> 0.0006s
-- add_column(:search_queries, :account_id, :uuid)
   -> 0.0006s
-- add_column(:storage_totals, :account_id, :uuid)
   -> 0.0006s
-- add_column(:taggings, :account_id, :uuid)
   -> 0.0020s
-- add_column(:user_settings, :account_id, :uuid)
   -> 0.0006s
-- add_column(:watches, :account_id, :uuid)
   -> 0.0012s
-- add_column(:webhook_delinquency_trackers, :account_id, :uuid)
   -> 0.0006s
-- add_column(:webhook_deliveries, :account_id, :uuid)
   -> 0.0006s
-- quote_table_name(:account_imports)
   -> 0.0000s
-- quote_table_name(:accounts)
   -> 0.0000s
-- quote_column_name(:account_id)
   -> 0.0000s
-- quote_column_name(:id)
   -> 0.0000s
-- execute("DELETE FROM \"account_imports\"\nWHERE \"account_id\" IS NULL\n  OR NOT EXISTS (\n    SELECT 1\n    FROM \"accounts\"\n    WHERE \"accounts\".\"id\" = \"account_imports\".\"account_id\"\n  )\n")
   -> 0.0001s
-- quote_table_name(:account_join_codes)
   -> 0.0000s
-- quote_table_name(:accounts)
   -> 0.0000s
-- quote_column_name(:account_id)
   -> 0.0000s
-- quote_column_name(:id)
   -> 0.0000s
-- execute("DELETE FROM \"account_join_codes\"\nWHERE \"account_id\" IS NULL\n  OR NOT EXISTS (\n    SELECT 1\n    FROM \"accounts\"\n    WHERE \"accounts\".\"id\" = \"account_join_codes\".\"account_id\"\n  )\n")
   -> 0.0001s
-- quote_table_name(:tags)
   -> 0.0000s
-- quote_table_name(:accounts)
   -> 0.0000s
-- quote_column_name(:account_id)
   -> 0.0000s
-- quote_column_name(:id)
   -> 0.0000s
-- execute("DELETE FROM \"tags\"\nWHERE \"account_id\" IS NULL\n  OR NOT EXISTS (\n    SELECT 1\n    FROM \"accounts\"\n    WHERE \"accounts\".\"id\" = \"tags\".\"account_id\"\n  )\n")
   -> 0.0001s
-- quote_table_name(:users)
   -> 0.0000s
-- quote_table_name(:accounts)
   -> 0.0000s
-- quote_column_name(:account_id)
   -> 0.0000s
-- quote_column_name(:id)
   -> 0.0000s
-- execute("DELETE FROM \"users\"\nWHERE \"account_id\" IS NULL\n  OR NOT EXISTS (\n    SELECT 1\n    FROM \"accounts\"\n    WHERE \"accounts\".\"id\" = \"users\".\"account_id\"\n  )\n")
   -> 0.0007s
-- quote_table_name(:boards)
   -> 0.0006s
-- quote_table_name(:users)
   -> 0.0000s
-- quote_column_name(:account_id)
   -> 0.0000s
-- quote_column_name(:account_id)
   -> 0.0000s
-- quote_column_name(:id)
   -> 0.0000s
-- quote_column_name(:creator_id)
   -> 0.0000s
-- execute("UPDATE \"boards\"\nSET \"account_id\" = (\n  SELECT \"users\".\"account_id\"\n  FROM \"users\"\n  WHERE \"users\".\"id\" = \"boards\".\"creator_id\"\n  LIMIT 1\n)\n")
   -> 0.0006s
-- quote_table_name(:boards)
   -> 0.0000s
-- quote_table_name(:accounts)
   -> 0.0000s
-- quote_column_name(:account_id)
   -> 0.0000s
-- quote_column_name(:id)
   -> 0.0000s
-- execute("DELETE FROM \"boards\"\nWHERE \"account_id\" IS NULL\n  OR NOT EXISTS (\n    SELECT 1\n    FROM \"accounts\"\n    WHERE \"accounts\".\"id\" = \"boards\".\"account_id\"\n  )\n")
   -> 0.0001s
-- quote_table_name(:cards)
   -> 0.0000s
-- quote_table_name(:boards)
   -> 0.0000s
-- quote_column_name(:account_id)
   -> 0.0000s
-- quote_column_name(:account_id)
   -> 0.0000s
-- quote_column_name(:id)
   -> 0.0000s
-- quote_column_name(:board_id)
   -> 0.0000s
-- execute("UPDATE \"cards\"\nSET \"account_id\" = (\n  SELECT \"boards\".\"account_id\"\n  FROM \"boards\"\n  WHERE \"boards\".\"id\" = \"cards\".\"board_id\"\n  LIMIT 1\n)\n")
   -> 0.0007s
-- quote_table_name(:cards)
   -> 0.0000s
-- quote_table_name(:accounts)
   -> 0.0000s
-- quote_column_name(:account_id)
   -> 0.0000s
-- quote_column_name(:id)
   -> 0.0000s
-- execute("DELETE FROM \"cards\"\nWHERE \"account_id\" IS NULL\n  OR NOT EXISTS (\n    SELECT 1\n    FROM \"accounts\"\n    WHERE \"accounts\".\"id\" = \"cards\".\"account_id\"\n  )\n")
   -> 0.0001s
-- quote_table_name(:columns)
   -> 0.0000s
-- quote_table_name(:boards)
   -> 0.0000s
-- quote_column_name(:account_id)
   -> 0.0000s
-- quote_column_name(:account_id)
   -> 0.0000s
-- quote_column_name(:id)
   -> 0.0000s
-- quote_column_name(:board_id)
   -> 0.0000s
-- execute("UPDATE \"columns\"\nSET \"account_id\" = (\n  SELECT \"boards\".\"account_id\"\n  FROM \"boards\"\n  WHERE \"boards\".\"id\" = \"columns\".\"board_id\"\n  LIMIT 1\n)\n")
   -> 0.0001s
-- quote_table_name(:columns)
   -> 0.0000s
-- quote_table_name(:accounts)
   -> 0.0000s
-- quote_column_name(:account_id)
   -> 0.0000s
-- quote_column_name(:id)
   -> 0.0000s
-- execute("DELETE FROM \"columns\"\nWHERE \"account_id\" IS NULL\n  OR NOT EXISTS (\n    SELECT 1\n    FROM \"accounts\"\n    WHERE \"accounts\".\"id\" = \"columns\".\"account_id\"\n  )\n")
   -> 0.0005s
-- quote_table_name(:comments)
   -> 0.0000s
-- quote_table_name(:cards)
   -> 0.0000s
-- quote_column_name(:account_id)
   -> 0.0000s
-- quote_column_name(:account_id)
   -> 0.0000s
-- quote_column_name(:id)
   -> 0.0000s
-- quote_column_name(:card_id)
   -> 0.0000s
-- execute("UPDATE \"comments\"\nSET \"account_id\" = (\n  SELECT \"cards\".\"account_id\"\n  FROM \"cards\"\n  WHERE \"cards\".\"id\" = \"comments\".\"card_id\"\n  LIMIT 1\n)\n")
   -> 0.0001s
-- quote_table_name(:comments)
   -> 0.0000s
-- quote_table_name(:accounts)
   -> 0.0000s
-- quote_column_name(:account_id)
   -> 0.0000s
-- quote_column_name(:id)
   -> 0.0000s
-- execute("DELETE FROM \"comments\"\nWHERE \"account_id\" IS NULL\n  OR NOT EXISTS (\n    SELECT 1\n    FROM \"accounts\"\n    WHERE \"accounts\".\"id\" = \"comments\".\"account_id\"\n  )\n")
   -> 0.0001s
-- quote_table_name(:events)
   -> 0.0000s
-- quote_table_name(:boards)
   -> 0.0000s
-- quote_column_name(:account_id)
   -> 0.0000s
-- quote_column_name(:account_id)
   -> 0.0000s
-- quote_column_name(:id)
   -> 0.0000s
-- quote_column_name(:board_id)
   -> 0.0000s
-- execute("UPDATE \"events\"\nSET \"account_id\" = (\n  SELECT \"boards\".\"account_id\"\n  FROM \"boards\"\n  WHERE \"boards\".\"id\" = \"events\".\"board_id\"\n  LIMIT 1\n)\n")
   -> 0.0002s
-- quote_table_name(:events)
   -> 0.0000s
-- quote_table_name(:accounts)
   -> 0.0000s
-- quote_column_name(:account_id)
   -> 0.0000s
-- quote_column_name(:id)
   -> 0.0000s
-- execute("DELETE FROM \"events\"\nWHERE \"account_id\" IS NULL\n  OR NOT EXISTS (\n    SELECT 1\n    FROM \"accounts\"\n    WHERE \"accounts\".\"id\" = \"events\".\"account_id\"\n  )\n")
   -> 0.0001s
-- quote_table_name(:filters)
   -> 0.0000s
-- quote_table_name(:users)
   -> 0.0000s
-- quote_column_name(:account_id)
   -> 0.0000s
-- quote_column_name(:account_id)
   -> 0.0000s
-- quote_column_name(:id)
   -> 0.0000s
-- quote_column_name(:creator_id)
   -> 0.0000s
-- execute("UPDATE \"filters\"\nSET \"account_id\" = (\n  SELECT \"users\".\"account_id\"\n  FROM \"users\"\n  WHERE \"users\".\"id\" = \"filters\".\"creator_id\"\n  LIMIT 1\n)\n")
   -> 0.0001s
-- quote_table_name(:filters)
   -> 0.0000s
-- quote_table_name(:accounts)
   -> 0.0000s
-- quote_column_name(:account_id)
   -> 0.0000s
-- quote_column_name(:id)
   -> 0.0000s
-- execute("DELETE FROM \"filters\"\nWHERE \"account_id\" IS NULL\n  OR NOT EXISTS (\n    SELECT 1\n    FROM \"accounts\"\n    WHERE \"accounts\".\"id\" = \"filters\".\"account_id\"\n  )\n")
   -> 0.0001s
-- quote_table_name(:notification_bundles)
   -> 0.0000s
-- quote_table_name(:users)
   -> 0.0000s
-- quote_column_name(:account_id)
   -> 0.0000s
-- quote_column_name(:account_id)
   -> 0.0000s
-- quote_column_name(:id)
   -> 0.0000s
-- quote_column_name(:user_id)
   -> 0.0000s
-- execute("UPDATE \"notification_bundles\"\nSET \"account_id\" = (\n  SELECT \"users\".\"account_id\"\n  FROM \"users\"\n  WHERE \"users\".\"id\" = \"notification_bundles\".\"user_id\"\n  LIMIT 1\n)\n")
   -> 0.0001s
-- quote_table_name(:notification_bundles)
   -> 0.0000s
-- quote_table_name(:accounts)
   -> 0.0000s
-- quote_column_name(:account_id)
   -> 0.0000s
-- quote_column_name(:id)
   -> 0.0000s
-- execute("DELETE FROM \"notification_bundles\"\nWHERE \"account_id\" IS NULL\n  OR NOT EXISTS (\n    SELECT 1\n    FROM \"accounts\"\n    WHERE \"accounts\".\"id\" = \"notification_bundles\".\"account_id\"\n  )\n")
   -> 0.0001s
-- quote_table_name(:notifications)
   -> 0.0000s
-- quote_table_name(:users)
   -> 0.0000s
-- quote_column_name(:account_id)
   -> 0.0000s
-- quote_column_name(:account_id)
   -> 0.0000s
-- quote_column_name(:id)
   -> 0.0006s
-- quote_column_name(:user_id)
   -> 0.0000s
-- execute("UPDATE \"notifications\"\nSET \"account_id\" = (\n  SELECT \"users\".\"account_id\"\n  FROM \"users\"\n  WHERE \"users\".\"id\" = \"notifications\".\"user_id\"\n  LIMIT 1\n)\n")
   -> 0.0001s
-- quote_table_name(:notifications)
   -> 0.0000s
-- quote_table_name(:accounts)
   -> 0.0000s
-- quote_column_name(:account_id)
   -> 0.0000s
-- quote_column_name(:id)
   -> 0.0000s
-- execute("DELETE FROM \"notifications\"\nWHERE \"account_id\" IS NULL\n  OR NOT EXISTS (\n    SELECT 1\n    FROM \"accounts\"\n    WHERE \"accounts\".\"id\" = \"notifications\".\"account_id\"\n  )\n")
   -> 0.0001s
-- quote_table_name(:push_subscriptions)
   -> 0.0000s
-- quote_table_name(:users)
   -> 0.0000s
-- quote_column_name(:account_id)
   -> 0.0000s
-- quote_column_name(:account_id)
   -> 0.0000s
-- quote_column_name(:id)
   -> 0.0000s
-- quote_column_name(:user_id)
   -> 0.0000s
-- execute("UPDATE \"push_subscriptions\"\nSET \"account_id\" = (\n  SELECT \"users\".\"account_id\"\n  FROM \"users\"\n  WHERE \"users\".\"id\" = \"push_subscriptions\".\"user_id\"\n  LIMIT 1\n)\n")
   -> 0.0001s
-- quote_table_name(:push_subscriptions)
   -> 0.0000s
-- quote_table_name(:accounts)
   -> 0.0000s
-- quote_column_name(:account_id)
   -> 0.0000s
-- quote_column_name(:id)
   -> 0.0000s
-- execute("DELETE FROM \"push_subscriptions\"\nWHERE \"account_id\" IS NULL\n  OR NOT EXISTS (\n    SELECT 1\n    FROM \"accounts\"\n    WHERE \"accounts\".\"id\" = \"push_subscriptions\".\"account_id\"\n  )\n")
   -> 0.0001s
-- quote_table_name(:steps)
   -> 0.0000s
-- quote_table_name(:cards)
   -> 0.0000s
-- quote_column_name(:account_id)
   -> 0.0000s
-- quote_column_name(:account_id)
   -> 0.0000s
-- quote_column_name(:id)
   -> 0.0000s
-- quote_column_name(:card_id)
   -> 0.0000s
-- execute("UPDATE \"steps\"\nSET \"account_id\" = (\n  SELECT \"cards\".\"account_id\"\n  FROM \"cards\"\n  WHERE \"cards\".\"id\" = \"steps\".\"card_id\"\n  LIMIT 1\n)\n")
   -> 0.0009s
-- quote_table_name(:steps)
   -> 0.0000s
-- quote_table_name(:accounts)
   -> 0.0000s
-- quote_column_name(:account_id)
   -> 0.0000s
-- quote_column_name(:id)
   -> 0.0000s
-- execute("DELETE FROM \"steps\"\nWHERE \"account_id\" IS NULL\n  OR NOT EXISTS (\n    SELECT 1\n    FROM \"accounts\"\n    WHERE \"accounts\".\"id\" = \"steps\".\"account_id\"\n  )\n")
   -> 0.0001s
-- quote_table_name(:webhooks)
   -> 0.0000s
-- quote_table_name(:boards)
   -> 0.0000s
-- quote_column_name(:account_id)
   -> 0.0000s
-- quote_column_name(:account_id)
   -> 0.0000s
-- quote_column_name(:id)
   -> 0.0000s
-- quote_column_name(:board_id)
   -> 0.0000s
-- execute("UPDATE \"webhooks\"\nSET \"account_id\" = (\n  SELECT \"boards\".\"account_id\"\n  FROM \"boards\"\n  WHERE \"boards\".\"id\" = \"webhooks\".\"board_id\"\n  LIMIT 1\n)\n")
   -> 0.0001s
-- quote_table_name(:webhooks)
   -> 0.0000s
-- quote_table_name(:accounts)
   -> 0.0000s
-- quote_column_name(:account_id)
   -> 0.0000s
-- quote_column_name(:id)
   -> 0.0000s
-- execute("DELETE FROM \"webhooks\"\nWHERE \"account_id\" IS NULL\n  OR NOT EXISTS (\n    SELECT 1\n    FROM \"accounts\"\n    WHERE \"accounts\".\"id\" = \"webhooks\".\"account_id\"\n  )\n")
   -> 0.0001s
-- quote_table_name(:accesses)
   -> 0.0000s
-- quote_table_name(:boards)
   -> 0.0000s
-- quote_column_name(:account_id)
   -> 0.0000s
-- quote_column_name(:account_id)
   -> 0.0000s
-- quote_column_name(:id)
   -> 0.0000s
-- quote_column_name(:board_id)
   -> 0.0000s
-- execute("UPDATE \"accesses\"\nSET \"account_id\" = (\n  SELECT \"boards\".\"account_id\"\n  FROM \"boards\"\n  WHERE \"boards\".\"id\" = \"accesses\".\"board_id\"\n  LIMIT 1\n)\n")
   -> 0.0001s
-- quote_table_name(:accesses)
   -> 0.0000s
-- quote_table_name(:accounts)
   -> 0.0000s
-- quote_column_name(:account_id)
   -> 0.0000s
-- quote_column_name(:id)
   -> 0.0000s
-- execute("DELETE FROM \"accesses\"\nWHERE \"account_id\" IS NULL\n  OR NOT EXISTS (\n    SELECT 1\n    FROM \"accounts\"\n    WHERE \"accounts\".\"id\" = \"accesses\".\"account_id\"\n  )\n")
   -> 0.0001s
-- quote_table_name(:assignments)
   -> 0.0000s
-- quote_table_name(:cards)
   -> 0.0000s
-- quote_column_name(:account_id)
   -> 0.0000s
-- quote_column_name(:account_id)
   -> 0.0000s
-- quote_column_name(:id)
   -> 0.0000s
-- quote_column_name(:card_id)
   -> 0.0000s
-- execute("UPDATE \"assignments\"\nSET \"account_id\" = (\n  SELECT \"cards\".\"account_id\"\n  FROM \"cards\"\n  WHERE \"cards\".\"id\" = \"assignments\".\"card_id\"\n  LIMIT 1\n)\n")
   -> 0.0006s
-- quote_table_name(:assignments)
   -> 0.0000s
-- quote_table_name(:accounts)
   -> 0.0000s
-- quote_column_name(:account_id)
   -> 0.0000s
-- quote_column_name(:id)
   -> 0.0000s
-- execute("DELETE FROM \"assignments\"\nWHERE \"account_id\" IS NULL\n  OR NOT EXISTS (\n    SELECT 1\n    FROM \"accounts\"\n    WHERE \"accounts\".\"id\" = \"assignments\".\"account_id\"\n  )\n")
   -> 0.0001s
-- quote_table_name(:board_publications)
   -> 0.0000s
-- quote_table_name(:boards)
   -> 0.0000s
-- quote_column_name(:account_id)
   -> 0.0000s
-- quote_column_name(:account_id)
   -> 0.0007s
-- quote_column_name(:id)
   -> 0.0000s
-- quote_column_name(:board_id)
   -> 0.0000s
-- execute("UPDATE \"board_publications\"\nSET \"account_id\" = (\n  SELECT \"boards\".\"account_id\"\n  FROM \"boards\"\n  WHERE \"boards\".\"id\" = \"board_publications\".\"board_id\"\n  LIMIT 1\n)\n")
   -> 0.0001s
-- quote_table_name(:board_publications)
   -> 0.0000s
-- quote_table_name(:accounts)
   -> 0.0000s
-- quote_column_name(:account_id)
   -> 0.0000s
-- quote_column_name(:id)
   -> 0.0000s
-- execute("DELETE FROM \"board_publications\"\nWHERE \"account_id\" IS NULL\n  OR NOT EXISTS (\n    SELECT 1\n    FROM \"accounts\"\n    WHERE \"accounts\".\"id\" = \"board_publications\".\"account_id\"\n  )\n")
   -> 0.0001s
-- quote_table_name(:card_activity_spikes)
   -> 0.0000s
-- quote_table_name(:cards)
   -> 0.0000s
-- quote_column_name(:account_id)
   -> 0.0000s
-- quote_column_name(:account_id)
   -> 0.0000s
-- quote_column_name(:id)
   -> 0.0000s
-- quote_column_name(:card_id)
   -> 0.0000s
-- execute("UPDATE \"card_activity_spikes\"\nSET \"account_id\" = (\n  SELECT \"cards\".\"account_id\"\n  FROM \"cards\"\n  WHERE \"cards\".\"id\" = \"card_activity_spikes\".\"card_id\"\n  LIMIT 1\n)\n")
   -> 0.0001s
-- quote_table_name(:card_activity_spikes)
   -> 0.0000s
-- quote_table_name(:accounts)
   -> 0.0000s
-- quote_column_name(:account_id)
   -> 0.0000s
-- quote_column_name(:id)
   -> 0.0000s
-- execute("DELETE FROM \"card_activity_spikes\"\nWHERE \"account_id\" IS NULL\n  OR NOT EXISTS (\n    SELECT 1\n    FROM \"accounts\"\n    WHERE \"accounts\".\"id\" = \"card_activity_spikes\".\"account_id\"\n  )\n")
   -> 0.0001s
-- quote_table_name(:card_goldnesses)
   -> 0.0000s
-- quote_table_name(:cards)
   -> 0.0000s
-- quote_column_name(:account_id)
   -> 0.0000s
-- quote_column_name(:account_id)
   -> 0.0000s
-- quote_column_name(:id)
   -> 0.0000s
-- quote_column_name(:card_id)
   -> 0.0000s
-- execute("UPDATE \"card_goldnesses\"\nSET \"account_id\" = (\n  SELECT \"cards\".\"account_id\"\n  FROM \"cards\"\n  WHERE \"cards\".\"id\" = \"card_goldnesses\".\"card_id\"\n  LIMIT 1\n)\n")
   -> 0.0001s
-- quote_table_name(:card_goldnesses)
   -> 0.0000s
-- quote_table_name(:accounts)
   -> 0.0000s
-- quote_column_name(:account_id)
   -> 0.0000s
-- quote_column_name(:id)
   -> 0.0000s
-- execute("DELETE FROM \"card_goldnesses\"\nWHERE \"account_id\" IS NULL\n  OR NOT EXISTS (\n    SELECT 1\n    FROM \"accounts\"\n    WHERE \"accounts\".\"id\" = \"card_goldnesses\".\"account_id\"\n  )\n")
   -> 0.0004s
-- quote_table_name(:card_not_nows)
   -> 0.0000s
-- quote_table_name(:cards)
   -> 0.0000s
-- quote_column_name(:account_id)
   -> 0.0000s
-- quote_column_name(:account_id)
   -> 0.0000s
-- quote_column_name(:id)
   -> 0.0000s
-- quote_column_name(:card_id)
   -> 0.0000s
-- execute("UPDATE \"card_not_nows\"\nSET \"account_id\" = (\n  SELECT \"cards\".\"account_id\"\n  FROM \"cards\"\n  WHERE \"cards\".\"id\" = \"card_not_nows\".\"card_id\"\n  LIMIT 1\n)\n")
   -> 0.0001s
-- quote_table_name(:card_not_nows)
   -> 0.0000s
-- quote_table_name(:accounts)
   -> 0.0000s
-- quote_column_name(:account_id)
   -> 0.0000s
-- quote_column_name(:id)
   -> 0.0000s
-- execute("DELETE FROM \"card_not_nows\"\nWHERE \"account_id\" IS NULL\n  OR NOT EXISTS (\n    SELECT 1\n    FROM \"accounts\"\n    WHERE \"accounts\".\"id\" = \"card_not_nows\".\"account_id\"\n  )\n")
   -> 0.0001s
-- quote_table_name(:closures)
   -> 0.0000s
-- quote_table_name(:cards)
   -> 0.0000s
-- quote_column_name(:account_id)
   -> 0.0000s
-- quote_column_name(:account_id)
   -> 0.0000s
-- quote_column_name(:id)
   -> 0.0000s
-- quote_column_name(:card_id)
   -> 0.0000s
-- execute("UPDATE \"closures\"\nSET \"account_id\" = (\n  SELECT \"cards\".\"account_id\"\n  FROM \"cards\"\n  WHERE \"cards\".\"id\" = \"closures\".\"card_id\"\n  LIMIT 1\n)\n")
   -> 0.0007s
-- quote_table_name(:closures)
   -> 0.0000s
-- quote_table_name(:accounts)
   -> 0.0000s
-- quote_column_name(:account_id)
   -> 0.0000s
-- quote_column_name(:id)
   -> 0.0000s
-- execute("DELETE FROM \"closures\"\nWHERE \"account_id\" IS NULL\n  OR NOT EXISTS (\n    SELECT 1\n    FROM \"accounts\"\n    WHERE \"accounts\".\"id\" = \"closures\".\"account_id\"\n  )\n")
   -> 0.0001s
-- quote_table_name(:pins)
   -> 0.0000s
-- quote_table_name(:cards)
   -> 0.0000s
-- quote_column_name(:account_id)
   -> 0.0000s
-- quote_column_name(:account_id)
   -> 0.0000s
-- quote_column_name(:id)
   -> 0.0000s
-- quote_column_name(:card_id)
   -> 0.0000s
-- execute("UPDATE \"pins\"\nSET \"account_id\" = (\n  SELECT \"cards\".\"account_id\"\n  FROM \"cards\"\n  WHERE \"cards\".\"id\" = \"pins\".\"card_id\"\n  LIMIT 1\n)\n")
   -> 0.0004s
-- quote_table_name(:pins)
   -> 0.0000s
-- quote_table_name(:accounts)
   -> 0.0000s
-- quote_column_name(:account_id)
   -> 0.0000s
-- quote_column_name(:id)
   -> 0.0000s
-- execute("DELETE FROM \"pins\"\nWHERE \"account_id\" IS NULL\n  OR NOT EXISTS (\n    SELECT 1\n    FROM \"accounts\"\n    WHERE \"accounts\".\"id\" = \"pins\".\"account_id\"\n  )\n")
   -> 0.0001s
-- quote_table_name(:search_queries)
   -> 0.0000s
-- quote_table_name(:users)
   -> 0.0000s
-- quote_column_name(:account_id)
   -> 0.0000s
-- quote_column_name(:account_id)
   -> 0.0000s
-- quote_column_name(:id)
   -> 0.0000s
-- quote_column_name(:user_id)
   -> 0.0000s
-- execute("UPDATE \"search_queries\"\nSET \"account_id\" = (\n  SELECT \"users\".\"account_id\"\n  FROM \"users\"\n  WHERE \"users\".\"id\" = \"search_queries\".\"user_id\"\n  LIMIT 1\n)\n")
   -> 0.0001s
-- quote_table_name(:search_queries)
   -> 0.0000s
-- quote_table_name(:accounts)
   -> 0.0000s
-- quote_column_name(:account_id)
   -> 0.0000s
-- quote_column_name(:id)
   -> 0.0000s
-- execute("DELETE FROM \"search_queries\"\nWHERE \"account_id\" IS NULL\n  OR NOT EXISTS (\n    SELECT 1\n    FROM \"accounts\"\n    WHERE \"accounts\".\"id\" = \"search_queries\".\"account_id\"\n  )\n")
   -> 0.0001s
-- quote_table_name(:taggings)
   -> 0.0000s
-- quote_table_name(:cards)
   -> 0.0000s
-- quote_column_name(:account_id)
   -> 0.0000s
-- quote_column_name(:account_id)
   -> 0.0000s
-- quote_column_name(:id)
   -> 0.0000s
-- quote_column_name(:card_id)
   -> 0.0000s
-- execute("UPDATE \"taggings\"\nSET \"account_id\" = (\n  SELECT \"cards\".\"account_id\"\n  FROM \"cards\"\n  WHERE \"cards\".\"id\" = \"taggings\".\"card_id\"\n  LIMIT 1\n)\n")
   -> 0.0001s
-- quote_table_name(:taggings)
   -> 0.0000s
-- quote_table_name(:accounts)
   -> 0.0000s
-- quote_column_name(:account_id)
   -> 0.0000s
-- quote_column_name(:id)
   -> 0.0000s
-- execute("DELETE FROM \"taggings\"\nWHERE \"account_id\" IS NULL\n  OR NOT EXISTS (\n    SELECT 1\n    FROM \"accounts\"\n    WHERE \"accounts\".\"id\" = \"taggings\".\"account_id\"\n  )\n")
   -> 0.0001s
-- quote_table_name(:user_settings)
   -> 0.0000s
-- quote_table_name(:users)
   -> 0.0000s
-- quote_column_name(:account_id)
   -> 0.0000s
-- quote_column_name(:account_id)
   -> 0.0000s
-- quote_column_name(:id)
   -> 0.0000s
-- quote_column_name(:user_id)
   -> 0.0000s
-- execute("UPDATE \"user_settings\"\nSET \"account_id\" = (\n  SELECT \"users\".\"account_id\"\n  FROM \"users\"\n  WHERE \"users\".\"id\" = \"user_settings\".\"user_id\"\n  LIMIT 1\n)\n")
   -> 0.0001s
-- quote_table_name(:user_settings)
   -> 0.0000s
-- quote_table_name(:accounts)
   -> 0.0000s
-- quote_column_name(:account_id)
   -> 0.0000s
-- quote_column_name(:id)
   -> 0.0000s
-- execute("DELETE FROM \"user_settings\"\nWHERE \"account_id\" IS NULL\n  OR NOT EXISTS (\n    SELECT 1\n    FROM \"accounts\"\n    WHERE \"accounts\".\"id\" = \"user_settings\".\"account_id\"\n  )\n")
   -> 0.0001s
-- quote_table_name(:watches)
   -> 0.0000s
-- quote_table_name(:cards)
   -> 0.0000s
-- quote_column_name(:account_id)
   -> 0.0000s
-- quote_column_name(:account_id)
   -> 0.0000s
-- quote_column_name(:id)
   -> 0.0000s
-- quote_column_name(:card_id)
   -> 0.0000s
-- execute("UPDATE \"watches\"\nSET \"account_id\" = (\n  SELECT \"cards\".\"account_id\"\n  FROM \"cards\"\n  WHERE \"cards\".\"id\" = \"watches\".\"card_id\"\n  LIMIT 1\n)\n")
   -> 0.0005s
-- quote_table_name(:watches)
   -> 0.0000s
-- quote_table_name(:accounts)
   -> 0.0000s
-- quote_column_name(:account_id)
   -> 0.0000s
-- quote_column_name(:id)
   -> 0.0000s
-- execute("DELETE FROM \"watches\"\nWHERE \"account_id\" IS NULL\n  OR NOT EXISTS (\n    SELECT 1\n    FROM \"accounts\"\n    WHERE \"accounts\".\"id\" = \"watches\".\"account_id\"\n  )\n")
   -> 0.0001s
-- quote_table_name(:webhook_delinquency_trackers)
   -> 0.0000s
-- quote_table_name(:webhooks)
   -> 0.0000s
-- quote_column_name(:account_id)
   -> 0.0000s
-- quote_column_name(:account_id)
   -> 0.0000s
-- quote_column_name(:id)
   -> 0.0000s
-- quote_column_name(:webhook_id)
   -> 0.0000s
-- execute("UPDATE \"webhook_delinquency_trackers\"\nSET \"account_id\" = (\n  SELECT \"webhooks\".\"account_id\"\n  FROM \"webhooks\"\n  WHERE \"webhooks\".\"id\" = \"webhook_delinquency_trackers\".\"webhook_id\"\n  LIMIT 1\n)\n")
   -> 0.0001s
-- quote_table_name(:webhook_delinquency_trackers)
   -> 0.0000s
-- quote_table_name(:accounts)
   -> 0.0000s
-- quote_column_name(:account_id)
   -> 0.0000s
-- quote_column_name(:id)
   -> 0.0000s
-- execute("DELETE FROM \"webhook_delinquency_trackers\"\nWHERE \"account_id\" IS NULL\n  OR NOT EXISTS (\n    SELECT 1\n    FROM \"accounts\"\n    WHERE \"accounts\".\"id\" = \"webhook_delinquency_trackers\".\"account_id\"\n  )\n")
   -> 0.0001s
-- quote_table_name(:webhook_deliveries)
   -> 0.0000s
-- quote_table_name(:webhooks)
   -> 0.0000s
-- quote_column_name(:account_id)
   -> 0.0000s
-- quote_column_name(:account_id)
   -> 0.0000s
-- quote_column_name(:id)
   -> 0.0000s
-- quote_column_name(:webhook_id)
   -> 0.0000s
-- execute("UPDATE \"webhook_deliveries\"\nSET \"account_id\" = (\n  SELECT \"webhooks\".\"account_id\"\n  FROM \"webhooks\"\n  WHERE \"webhooks\".\"id\" = \"webhook_deliveries\".\"webhook_id\"\n  LIMIT 1\n)\n")
   -> 0.0001s
-- quote_table_name(:webhook_deliveries)
   -> 0.0000s
-- quote_table_name(:accounts)
   -> 0.0000s
-- quote_column_name(:account_id)
   -> 0.0000s
-- quote_column_name(:id)
   -> 0.0000s
-- execute("DELETE FROM \"webhook_deliveries\"\nWHERE \"account_id\" IS NULL\n  OR NOT EXISTS (\n    SELECT 1\n    FROM \"accounts\"\n    WHERE \"accounts\".\"id\" = \"webhook_deliveries\".\"account_id\"\n  )\n")
   -> 0.0001s
-- quote_table_name(:storage_totals)
   -> 0.0000s
-- quote_column_name("owner_type")
   -> 0.0000s
-- quote_column_name("owner_id")
   -> 0.0000s
-- quote_column_name(:account_id)
   -> 0.0000s
-- execute("UPDATE \"storage_totals\" SET \"account_id\" = NULL")
   -> 0.0001s
-- quote_table_name(:accounts)
   -> 0.0000s
-- quote_column_name(:id)
   -> 0.0000s
-- quote_column_name(:id)
   -> 0.0000s
-- quote("Account")
   -> 0.0000s
-- execute("UPDATE \"storage_totals\"\nSET \"account_id\" = (\n  SELECT \"accounts\".\"id\"\n  FROM \"accounts\"\n  WHERE \"accounts\".\"id\" = \"storage_totals\".\"owner_id\"\n  LIMIT 1\n)\nWHERE \"storage_totals\".\"owner_type\" = 'Account'\n")
   -> 0.0001s
-- quote_table_name(:boards)
   -> 0.0000s
-- quote_column_name(:account_id)
   -> 0.0000s
-- quote_column_name(:id)
   -> 0.0000s
-- quote("Board")
   -> 0.0008s
-- execute("UPDATE \"storage_totals\"\nSET \"account_id\" = (\n  SELECT \"boards\".\"account_id\"\n  FROM \"boards\"\n  WHERE \"boards\".\"id\" = \"storage_totals\".\"owner_id\"\n  LIMIT 1\n)\nWHERE \"storage_totals\".\"owner_type\" = 'Board'\n")
   -> 0.0001s
-- quote_table_name(:storage_totals)
   -> 0.0000s
-- quote_table_name(:accounts)
   -> 0.0000s
-- quote_column_name(:account_id)
   -> 0.0000s
-- quote_column_name(:id)
   -> 0.0000s
-- execute("DELETE FROM \"storage_totals\"\nWHERE \"account_id\" IS NULL\n  OR NOT EXISTS (\n    SELECT 1\n    FROM \"accounts\"\n    WHERE \"accounts\".\"id\" = \"storage_totals\".\"account_id\"\n  )\n")
   -> 0.0001s
-- quote_table_name(:entropies)
   -> 0.0000s
-- quote_column_name("container_type")
   -> 0.0000s
-- quote_column_name("container_id")
   -> 0.0000s
-- quote_column_name(:account_id)
   -> 0.0000s
-- execute("UPDATE \"entropies\" SET \"account_id\" = NULL")
   -> 0.0001s
-- quote_table_name(:accounts)
   -> 0.0000s
-- quote_column_name(:id)
   -> 0.0000s
-- quote_column_name(:id)
   -> 0.0000s
-- quote("Account")
   -> 0.0000s
-- execute("UPDATE \"entropies\"\nSET \"account_id\" = (\n  SELECT \"accounts\".\"id\"\n  FROM \"accounts\"\n  WHERE \"accounts\".\"id\" = \"entropies\".\"container_id\"\n  LIMIT 1\n)\nWHERE \"entropies\".\"container_type\" = 'Account'\n")
   -> 0.0020s
-- quote_table_name(:boards)
   -> 0.0000s
-- quote_column_name(:account_id)
   -> 0.0000s
-- quote_column_name(:id)
   -> 0.0000s
-- quote("Board")
   -> 0.0000s
-- execute("UPDATE \"entropies\"\nSET \"account_id\" = (\n  SELECT \"boards\".\"account_id\"\n  FROM \"boards\"\n  WHERE \"boards\".\"id\" = \"entropies\".\"container_id\"\n  LIMIT 1\n)\nWHERE \"entropies\".\"container_type\" = 'Board'\n")
   -> 0.0001s
-- quote_table_name(:entropies)
   -> 0.0000s
-- quote_table_name(:accounts)
   -> 0.0000s
-- quote_column_name(:account_id)
   -> 0.0000s
-- quote_column_name(:id)
   -> 0.0000s
-- execute("DELETE FROM \"entropies\"\nWHERE \"account_id\" IS NULL\n  OR NOT EXISTS (\n    SELECT 1\n    FROM \"accounts\"\n    WHERE \"accounts\".\"id\" = \"entropies\".\"account_id\"\n  )\n")
   -> 0.0001s
-- quote_table_name(:mentions)
   -> 0.0000s
-- quote_column_name("source_type")
   -> 0.0000s
-- quote_column_name("source_id")
   -> 0.0000s
-- quote_column_name(:account_id)
   -> 0.0000s
-- execute("UPDATE \"mentions\" SET \"account_id\" = NULL")
   -> 0.0001s
-- quote_table_name(:cards)
   -> 0.0000s
-- quote_column_name(:account_id)
   -> 0.0000s
-- quote_column_name(:id)
   -> 0.0000s
-- quote("Card")
   -> 0.0000s
-- execute("UPDATE \"mentions\"\nSET \"account_id\" = (\n  SELECT \"cards\".\"account_id\"\n  FROM \"cards\"\n  WHERE \"cards\".\"id\" = \"mentions\".\"source_id\"\n  LIMIT 1\n)\nWHERE \"mentions\".\"source_type\" = 'Card'\n")
   -> 0.0010s
-- quote_table_name(:comments)
   -> 0.0000s
-- quote_column_name(:account_id)
   -> 0.0000s
-- quote_column_name(:id)
   -> 0.0000s
-- quote("Comment")
   -> 0.0000s
-- execute("UPDATE \"mentions\"\nSET \"account_id\" = (\n  SELECT \"comments\".\"account_id\"\n  FROM \"comments\"\n  WHERE \"comments\".\"id\" = \"mentions\".\"source_id\"\n  LIMIT 1\n)\nWHERE \"mentions\".\"source_type\" = 'Comment'\n")
   -> 0.0001s
-- quote_table_name(:mentions)
   -> 0.0000s
-- quote_table_name(:accounts)
   -> 0.0000s
-- quote_column_name(:account_id)
   -> 0.0000s
-- quote_column_name(:id)
   -> 0.0000s
-- execute("DELETE FROM \"mentions\"\nWHERE \"account_id\" IS NULL\n  OR NOT EXISTS (\n    SELECT 1\n    FROM \"accounts\"\n    WHERE \"accounts\".\"id\" = \"mentions\".\"account_id\"\n  )\n")
   -> 0.0002s
-- quote_table_name(:reactions)
   -> 0.0000s
-- quote_column_name("reactable_type")
   -> 0.0000s
-- quote_column_name("reactable_id")
   -> 0.0000s
-- quote_column_name(:account_id)
   -> 0.0000s
-- execute("UPDATE \"reactions\" SET \"account_id\" = NULL")
   -> 0.0001s
-- quote_table_name(:cards)
   -> 0.0000s
-- quote_column_name(:account_id)
   -> 0.0000s
-- quote_column_name(:id)
   -> 0.0000s
-- quote("Card")
   -> 0.0000s
-- execute("UPDATE \"reactions\"\nSET \"account_id\" = (\n  SELECT \"cards\".\"account_id\"\n  FROM \"cards\"\n  WHERE \"cards\".\"id\" = \"reactions\".\"reactable_id\"\n  LIMIT 1\n)\nWHERE \"reactions\".\"reactable_type\" = 'Card'\n")
   -> 0.0001s
-- quote_table_name(:comments)
   -> 0.0000s
-- quote_column_name(:account_id)
   -> 0.0000s
-- quote_column_name(:id)
   -> 0.0000s
-- quote("Comment")
   -> 0.0000s
-- execute("UPDATE \"reactions\"\nSET \"account_id\" = (\n  SELECT \"comments\".\"account_id\"\n  FROM \"comments\"\n  WHERE \"comments\".\"id\" = \"reactions\".\"reactable_id\"\n  LIMIT 1\n)\nWHERE \"reactions\".\"reactable_type\" = 'Comment'\n")
   -> 0.0008s
-- quote_table_name(:reactions)
   -> 0.0000s
-- quote_table_name(:accounts)
   -> 0.0000s
-- quote_column_name(:account_id)
   -> 0.0000s
-- quote_column_name(:id)
   -> 0.0000s
-- execute("DELETE FROM \"reactions\"\nWHERE \"account_id\" IS NULL\n  OR NOT EXISTS (\n    SELECT 1\n    FROM \"accounts\"\n    WHERE \"accounts\".\"id\" = \"reactions\".\"account_id\"\n  )\n")
   -> 0.0001s
-- quote_table_name(:action_text_rich_texts)
   -> 0.0000s
-- quote_column_name("record_type")
   -> 0.0000s
-- quote_column_name("record_id")
   -> 0.0000s
-- quote_column_name(:account_id)
   -> 0.0000s
-- execute("UPDATE \"action_text_rich_texts\" SET \"account_id\" = NULL")
   -> 0.0001s
-- quote_table_name(:boards)
   -> 0.0000s
-- quote_column_name(:account_id)
   -> 0.0000s
-- quote_column_name(:id)
   -> 0.0007s
-- quote("Board")
   -> 0.0000s
-- execute("UPDATE \"action_text_rich_texts\"\nSET \"account_id\" = (\n  SELECT \"boards\".\"account_id\"\n  FROM \"boards\"\n  WHERE \"boards\".\"id\" = \"action_text_rich_texts\".\"record_id\"\n  LIMIT 1\n)\nWHERE \"action_text_rich_texts\".\"record_type\" = 'Board'\n")
   -> 0.0001s
-- quote_table_name(:cards)
   -> 0.0000s
-- quote_column_name(:account_id)
   -> 0.0000s
-- quote_column_name(:id)
   -> 0.0000s
-- quote("Card")
   -> 0.0000s
-- execute("UPDATE \"action_text_rich_texts\"\nSET \"account_id\" = (\n  SELECT \"cards\".\"account_id\"\n  FROM \"cards\"\n  WHERE \"cards\".\"id\" = \"action_text_rich_texts\".\"record_id\"\n  LIMIT 1\n)\nWHERE \"action_text_rich_texts\".\"record_type\" = 'Card'\n")
   -> 0.0001s
-- quote_table_name(:comments)
   -> 0.0000s
-- quote_column_name(:account_id)
   -> 0.0000s
-- quote_column_name(:id)
   -> 0.0000s
-- quote("Comment")
   -> 0.0000s
-- execute("UPDATE \"action_text_rich_texts\"\nSET \"account_id\" = (\n  SELECT \"comments\".\"account_id\"\n  FROM \"comments\"\n  WHERE \"comments\".\"id\" = \"action_text_rich_texts\".\"record_id\"\n  LIMIT 1\n)\nWHERE \"action_text_rich_texts\".\"record_type\" = 'Comment'\n")
   -> 0.0001s
-- quote_table_name(:action_text_rich_texts)
   -> 0.0000s
-- quote_table_name(:accounts)
   -> 0.0000s
-- quote_column_name(:account_id)
   -> 0.0000s
-- quote_column_name(:id)
   -> 0.0000s
-- execute("DELETE FROM \"action_text_rich_texts\"\nWHERE \"account_id\" IS NULL\n  OR NOT EXISTS (\n    SELECT 1\n    FROM \"accounts\"\n    WHERE \"accounts\".\"id\" = \"action_text_rich_texts\".\"account_id\"\n  )\n")
   -> 0.0008s
-- quote_table_name(:active_storage_attachments)
   -> 0.0000s
-- quote_column_name("record_type")
   -> 0.0000s
-- quote_column_name("record_id")
   -> 0.0000s
-- quote_column_name(:account_id)
   -> 0.0000s
-- execute("UPDATE \"active_storage_attachments\" SET \"account_id\" = NULL")
   -> 0.0001s
-- quote_table_name(:account_imports)
   -> 0.0000s
-- quote_column_name(:account_id)
   -> 0.0000s
-- quote_column_name(:id)
   -> 0.0000s
-- quote("Account::Import")
   -> 0.0000s
-- execute("UPDATE \"active_storage_attachments\"\nSET \"account_id\" = (\n  SELECT \"account_imports\".\"account_id\"\n  FROM \"account_imports\"\n  WHERE \"account_imports\".\"id\" = \"active_storage_attachments\".\"record_id\"\n  LIMIT 1\n)\nWHERE \"active_storage_attachments\".\"record_type\" = 'Account::Import'\n")
   -> 0.0001s
-- quote_table_name(:action_text_rich_texts)
   -> 0.0000s
-- quote_column_name(:account_id)
   -> 0.0000s
-- quote_column_name(:id)
   -> 0.0000s
-- quote("ActionText::RichText")
   -> 0.0000s
-- execute("UPDATE \"active_storage_attachments\"\nSET \"account_id\" = (\n  SELECT \"action_text_rich_texts\".\"account_id\"\n  FROM \"action_text_rich_texts\"\n  WHERE \"action_text_rich_texts\".\"id\" = \"active_storage_attachments\".\"record_id\"\n  LIMIT 1\n)\nWHERE \"active_storage_attachments\".\"record_type\" = 'ActionText::RichText'\n")
   -> 0.0001s
-- quote_table_name(:active_storage_variant_records)
   -> 0.0000s
-- quote_column_name(:account_id)
   -> 0.0000s
-- quote_column_name(:id)
   -> 0.0000s
-- quote("ActiveStorage::VariantRecord")
   -> 0.0000s
-- execute("UPDATE \"active_storage_attachments\"\nSET \"account_id\" = (\n  SELECT \"active_storage_variant_records\".\"account_id\"\n  FROM \"active_storage_variant_records\"\n  WHERE \"active_storage_variant_records\".\"id\" = \"active_storage_attachments\".\"record_id\"\n  LIMIT 1\n)\nWHERE \"active_storage_attachments\".\"record_type\" = 'ActiveStorage::VariantRecord'\n")
   -> 0.0006s
-- quote_table_name(:boards)
   -> 0.0000s
-- quote_column_name(:account_id)
   -> 0.0000s
-- quote_column_name(:id)
   -> 0.0000s
-- quote("Board")
   -> 0.0000s
-- execute("UPDATE \"active_storage_attachments\"\nSET \"account_id\" = (\n  SELECT \"boards\".\"account_id\"\n  FROM \"boards\"\n  WHERE \"boards\".\"id\" = \"active_storage_attachments\".\"record_id\"\n  LIMIT 1\n)\nWHERE \"active_storage_attachments\".\"record_type\" = 'Board'\n")
   -> 0.0001s
-- quote_table_name(:cards)
   -> 0.0000s
-- quote_column_name(:account_id)
   -> 0.0000s
-- quote_column_name(:id)
   -> 0.0000s
-- quote("Card")
   -> 0.0000s
-- execute("UPDATE \"active_storage_attachments\"\nSET \"account_id\" = (\n  SELECT \"cards\".\"account_id\"\n  FROM \"cards\"\n  WHERE \"cards\".\"id\" = \"active_storage_attachments\".\"record_id\"\n  LIMIT 1\n)\nWHERE \"active_storage_attachments\".\"record_type\" = 'Card'\n")
   -> 0.0005s
-- quote_table_name(:comments)
   -> 0.0000s
-- quote_column_name(:account_id)
   -> 0.0000s
-- quote_column_name(:id)
   -> 0.0000s
-- quote("Comment")
   -> 0.0000s
-- execute("UPDATE \"active_storage_attachments\"\nSET \"account_id\" = (\n  SELECT \"comments\".\"account_id\"\n  FROM \"comments\"\n  WHERE \"comments\".\"id\" = \"active_storage_attachments\".\"record_id\"\n  LIMIT 1\n)\nWHERE \"active_storage_attachments\".\"record_type\" = 'Comment'\n")
   -> 0.0001s
-- quote_table_name(:exports)
   -> 0.0000s
-- quote_column_name(:account_id)
   -> 0.0000s
-- quote_column_name(:id)
   -> 0.0000s
-- quote("Export")
   -> 0.0000s
-- execute("UPDATE \"active_storage_attachments\"\nSET \"account_id\" = (\n  SELECT \"exports\".\"account_id\"\n  FROM \"exports\"\n  WHERE \"exports\".\"id\" = \"active_storage_attachments\".\"record_id\"\n  LIMIT 1\n)\nWHERE \"active_storage_attachments\".\"record_type\" = 'Export'\n")
   -> 0.0001s
-- quote_table_name(:users)
   -> 0.0000s
-- quote_column_name(:account_id)
   -> 0.0000s
-- quote_column_name(:id)
   -> 0.0000s
-- quote("User")
   -> 0.0000s
-- execute("UPDATE \"active_storage_attachments\"\nSET \"account_id\" = (\n  SELECT \"users\".\"account_id\"\n  FROM \"users\"\n  WHERE \"users\".\"id\" = \"active_storage_attachments\".\"record_id\"\n  LIMIT 1\n)\nWHERE \"active_storage_attachments\".\"record_type\" = 'User'\n")
   -> 0.0001s
-- quote_table_name(:active_storage_blobs)
   -> 0.0000s
-- quote_table_name(:active_storage_attachments)
   -> 0.0000s
-- quote_column_name(:account_id)
   -> 0.0000s
-- quote_column_name(:account_id)
   -> 0.0000s
-- quote_column_name(:blob_id)
   -> 0.0000s
-- quote_column_name(:id)
   -> 0.0000s
-- quote_column_name(:account_id)
   -> 0.0000s
-- execute("UPDATE \"active_storage_blobs\"\nSET \"account_id\" = (\n  SELECT \"active_storage_attachments\".\"account_id\"\n  FROM \"active_storage_attachments\"\n  WHERE \"active_storage_attachments\".\"blob_id\" = \"active_storage_blobs\".\"id\"\n    AND \"active_storage_attachments\".\"account_id\" IS NOT NULL\n  LIMIT 1\n)\n")
   -> 0.0001s
-- quote_table_name(:active_storage_variant_records)
   -> 0.0000s
-- quote_table_name(:active_storage_blobs)
   -> 0.0000s
-- quote_column_name(:account_id)
   -> 0.0000s
-- quote_column_name(:account_id)
   -> 0.0000s
-- quote_column_name(:id)
   -> 0.0000s
-- quote_column_name(:blob_id)
   -> 0.0000s
-- execute("UPDATE \"active_storage_variant_records\"\nSET \"account_id\" = (\n  SELECT \"active_storage_blobs\".\"account_id\"\n  FROM \"active_storage_blobs\"\n  WHERE \"active_storage_blobs\".\"id\" = \"active_storage_variant_records\".\"blob_id\"\n  LIMIT 1\n)\n")
   -> 0.0001s
-- quote_table_name(:active_storage_variant_records)
   -> 0.0000s
-- quote_table_name(:accounts)
   -> 0.0000s
-- quote_column_name(:account_id)
   -> 0.0000s
-- quote_column_name(:id)
   -> 0.0000s
-- execute("DELETE FROM \"active_storage_variant_records\"\nWHERE \"account_id\" IS NULL\n  OR NOT EXISTS (\n    SELECT 1\n    FROM \"accounts\"\n    WHERE \"accounts\".\"id\" = \"active_storage_variant_records\".\"account_id\"\n  )\n")
   -> 0.0001s
-- quote_table_name(:active_storage_attachments)
   -> 0.0000s
-- quote_column_name("record_type")
   -> 0.0000s
-- quote_column_name("record_id")
   -> 0.0000s
-- quote_column_name(:account_id)
   -> 0.0000s
-- execute("UPDATE \"active_storage_attachments\" SET \"account_id\" = NULL")
   -> 0.0001s
-- quote_table_name(:account_imports)
   -> 0.0000s
-- quote_column_name(:account_id)
   -> 0.0000s
-- quote_column_name(:id)
   -> 0.0000s
-- quote("Account::Import")
   -> 0.0000s
-- execute("UPDATE \"active_storage_attachments\"\nSET \"account_id\" = (\n  SELECT \"account_imports\".\"account_id\"\n  FROM \"account_imports\"\n  WHERE \"account_imports\".\"id\" = \"active_storage_attachments\".\"record_id\"\n  LIMIT 1\n)\nWHERE \"active_storage_attachments\".\"record_type\" = 'Account::Import'\n")
   -> 0.0001s
-- quote_table_name(:action_text_rich_texts)
   -> 0.0000s
-- quote_column_name(:account_id)
   -> 0.0000s
-- quote_column_name(:id)
   -> 0.0000s
-- quote("ActionText::RichText")
   -> 0.0000s
-- execute("UPDATE \"active_storage_attachments\"\nSET \"account_id\" = (\n  SELECT \"action_text_rich_texts\".\"account_id\"\n  FROM \"action_text_rich_texts\"\n  WHERE \"action_text_rich_texts\".\"id\" = \"active_storage_attachments\".\"record_id\"\n  LIMIT 1\n)\nWHERE \"active_storage_attachments\".\"record_type\" = 'ActionText::RichText'\n")
   -> 0.0001s
-- quote_table_name(:active_storage_variant_records)
   -> 0.0000s
-- quote_column_name(:account_id)
   -> 0.0000s
-- quote_column_name(:id)
   -> 0.0000s
-- quote("ActiveStorage::VariantRecord")
   -> 0.0000s
-- execute("UPDATE \"active_storage_attachments\"\nSET \"account_id\" = (\n  SELECT \"active_storage_variant_records\".\"account_id\"\n  FROM \"active_storage_variant_records\"\n  WHERE \"active_storage_variant_records\".\"id\" = \"active_storage_attachments\".\"record_id\"\n  LIMIT 1\n)\nWHERE \"active_storage_attachments\".\"record_type\" = 'ActiveStorage::VariantRecord'\n")
   -> 0.0001s
-- quote_table_name(:boards)
   -> 0.0000s
-- quote_column_name(:account_id)
   -> 0.0000s
-- quote_column_name(:id)
   -> 0.0000s
-- quote("Board")
   -> 0.0000s
-- execute("UPDATE \"active_storage_attachments\"\nSET \"account_id\" = (\n  SELECT \"boards\".\"account_id\"\n  FROM \"boards\"\n  WHERE \"boards\".\"id\" = \"active_storage_attachments\".\"record_id\"\n  LIMIT 1\n)\nWHERE \"active_storage_attachments\".\"record_type\" = 'Board'\n")
   -> 0.0004s
-- quote_table_name(:cards)
   -> 0.0000s
-- quote_column_name(:account_id)
   -> 0.0000s
-- quote_column_name(:id)
   -> 0.0000s
-- quote("Card")
   -> 0.0000s
-- execute("UPDATE \"active_storage_attachments\"\nSET \"account_id\" = (\n  SELECT \"cards\".\"account_id\"\n  FROM \"cards\"\n  WHERE \"cards\".\"id\" = \"active_storage_attachments\".\"record_id\"\n  LIMIT 1\n)\nWHERE \"active_storage_attachments\".\"record_type\" = 'Card'\n")
   -> 0.0001s
-- quote_table_name(:comments)
   -> 0.0000s
-- quote_column_name(:account_id)
   -> 0.0000s
-- quote_column_name(:id)
   -> 0.0000s
-- quote("Comment")
   -> 0.0000s
-- execute("UPDATE \"active_storage_attachments\"\nSET \"account_id\" = (\n  SELECT \"comments\".\"account_id\"\n  FROM \"comments\"\n  WHERE \"comments\".\"id\" = \"active_storage_attachments\".\"record_id\"\n  LIMIT 1\n)\nWHERE \"active_storage_attachments\".\"record_type\" = 'Comment'\n")
   -> 0.0001s
-- quote_table_name(:exports)
   -> 0.0000s
-- quote_column_name(:account_id)
   -> 0.0000s
-- quote_column_name(:id)
   -> 0.0000s
-- quote("Export")
   -> 0.0000s
-- execute("UPDATE \"active_storage_attachments\"\nSET \"account_id\" = (\n  SELECT \"exports\".\"account_id\"\n  FROM \"exports\"\n  WHERE \"exports\".\"id\" = \"active_storage_attachments\".\"record_id\"\n  LIMIT 1\n)\nWHERE \"active_storage_attachments\".\"record_type\" = 'Export'\n")
   -> 0.0001s
-- quote_table_name(:users)
   -> 0.0000s
-- quote_column_name(:account_id)
   -> 0.0000s
-- quote_column_name(:id)
   -> 0.0000s
-- quote("User")
   -> 0.0000s
-- execute("UPDATE \"active_storage_attachments\"\nSET \"account_id\" = (\n  SELECT \"users\".\"account_id\"\n  FROM \"users\"\n  WHERE \"users\".\"id\" = \"active_storage_attachments\".\"record_id\"\n  LIMIT 1\n)\nWHERE \"active_storage_attachments\".\"record_type\" = 'User'\n")
   -> 0.0001s
-- quote_table_name(:active_storage_blobs)
   -> 0.0000s
-- quote_table_name(:active_storage_attachments)
   -> 0.0000s
-- quote_column_name(:account_id)
   -> 0.0000s
-- quote_column_name(:account_id)
   -> 0.0000s
-- quote_column_name(:blob_id)
   -> 0.0000s
-- quote_column_name(:id)
   -> 0.0000s
-- quote_column_name(:account_id)
   -> 0.0000s
-- execute("UPDATE \"active_storage_blobs\"\nSET \"account_id\" = (\n  SELECT \"active_storage_attachments\".\"account_id\"\n  FROM \"active_storage_attachments\"\n  WHERE \"active_storage_attachments\".\"blob_id\" = \"active_storage_blobs\".\"id\"\n    AND \"active_storage_attachments\".\"account_id\" IS NOT NULL\n  LIMIT 1\n)\n")
   -> 0.0001s
-- quote_table_name(:active_storage_attachments)
   -> 0.0000s
-- quote_table_name(:accounts)
   -> 0.0000s
-- quote_column_name(:account_id)
   -> 0.0000s
-- quote_column_name(:id)
   -> 0.0000s
-- execute("DELETE FROM \"active_storage_attachments\"\nWHERE \"account_id\" IS NULL\n  OR NOT EXISTS (\n    SELECT 1\n    FROM \"accounts\"\n    WHERE \"accounts\".\"id\" = \"active_storage_attachments\".\"account_id\"\n  )\n")
   -> 0.0001s
-- quote_table_name(:active_storage_variant_records)
   -> 0.0000s
-- quote_table_name(:accounts)
   -> 0.0000s
-- quote_column_name(:account_id)
   -> 0.0000s
-- quote_column_name(:id)
   -> 0.0000s
-- execute("DELETE FROM \"active_storage_variant_records\"\nWHERE \"account_id\" IS NULL\n  OR NOT EXISTS (\n    SELECT 1\n    FROM \"accounts\"\n    WHERE \"accounts\".\"id\" = \"active_storage_variant_records\".\"account_id\"\n  )\n")
   -> 0.0001s
-- quote_table_name(:active_storage_blobs)
   -> 0.0000s
-- quote_table_name(:accounts)
   -> 0.0000s
-- quote_column_name(:account_id)
   -> 0.0000s
-- quote_column_name(:id)
   -> 0.0000s
-- execute("DELETE FROM \"active_storage_blobs\"\nWHERE \"account_id\" IS NULL\n  OR NOT EXISTS (\n    SELECT 1\n    FROM \"accounts\"\n    WHERE \"accounts\".\"id\" = \"active_storage_blobs\".\"account_id\"\n  )\n")
   -> 0.0001s
-- change_column_null(:accesses, :account_id, false)
   -> 0.0233s
-- add_index(:accesses, :account_id)
   -> 0.0002s
-- change_column_null(:action_text_rich_texts, :account_id, false)
   -> 0.0049s
-- add_index(:action_text_rich_texts, :account_id)
   -> 0.0002s
-- change_column_null(:active_storage_attachments, :account_id, false)
   -> 0.0064s
-- add_index(:active_storage_attachments, :account_id)
   -> 0.0001s
-- change_column_null(:active_storage_blobs, :account_id, false)
   -> 0.0050s
-- add_index(:active_storage_blobs, :account_id)
   -> 0.0002s
-- change_column_null(:active_storage_variant_records, :account_id, false)
   -> 0.0041s
-- add_index(:active_storage_variant_records, :account_id)
   -> 0.0001s
-- change_column_null(:assignments, :account_id, false)
   -> 0.0053s
-- add_index(:assignments, :account_id)
   -> 0.0002s
-- change_column_null(:board_publications, :account_id, false)
   -> 0.0054s
-- add_index(:board_publications, :account_id)
   -> 0.0002s
-- change_column_null(:card_activity_spikes, :account_id, false)
   -> 0.0042s
-- add_index(:card_activity_spikes, :account_id)
   -> 0.0002s
-- change_column_null(:card_goldnesses, :account_id, false)
   -> 0.0039s
-- add_index(:card_goldnesses, :account_id)
   -> 0.0002s
-- change_column_null(:card_not_nows, :account_id, false)
   -> 0.0073s
-- add_index(:card_not_nows, :account_id)
   -> 0.0002s
-- change_column_null(:closures, :account_id, false)
   -> 0.0080s
-- add_index(:closures, :account_id)
   -> 0.0002s
-- change_column_null(:entropies, :account_id, false)
   -> 0.0056s
-- add_index(:entropies, :account_id)
   -> 0.0002s
-- change_column_null(:mentions, :account_id, false)
   -> 0.0065s
-- add_index(:mentions, :account_id)
   -> 0.0002s
-- change_column_null(:pins, :account_id, false)
   -> 0.0061s
-- add_index(:pins, :account_id)
   -> 0.0002s
-- change_column_null(:reactions, :account_id, false)
   -> 0.0056s
-- add_index(:reactions, :account_id)
   -> 0.0002s
-- change_column_null(:search_queries, :account_id, false)
   -> 0.0064s
-- add_index(:search_queries, :account_id)
   -> 0.0002s
-- change_column_null(:storage_totals, :account_id, false)
   -> 0.0048s
-- add_index(:storage_totals, :account_id)
   -> 0.0002s
-- change_column_null(:taggings, :account_id, false)
   -> 0.0053s
-- add_index(:taggings, :account_id)
   -> 0.0002s
-- change_column_null(:user_settings, :account_id, false)
   -> 0.0056s
-- add_index(:user_settings, :account_id)
   -> 0.0002s
-- change_column_null(:watches, :account_id, false)
   -> 0.0067s
-- add_index(:watches, :account_id)
   -> 0.0002s
-- change_column_null(:webhook_delinquency_trackers, :account_id, false)
   -> 0.0044s
-- add_index(:webhook_delinquency_trackers, :account_id)
   -> 0.0002s
-- change_column_null(:webhook_deliveries, :account_id, false)
   -> 0.0071s
-- add_index(:webhook_deliveries, :account_id)
   -> 0.0002s
-- change_column_null(:account_imports, :account_id, false)
   -> 0.0057s
-- change_column_null(:account_join_codes, :account_id, false)
   -> 0.0044s
-- add_index(:account_join_codes, :account_id)
   -> 0.0002s
-- change_column_null(:boards, :account_id, false)
   -> 0.0047s
-- add_index(:boards, :account_id)
   -> 0.0002s
-- change_column_null(:cards, :account_id, false)
   -> 0.0337s
-- add_index(:cards, :account_id)
   -> 0.0002s
-- change_column_null(:columns, :account_id, false)
   -> 0.0057s
-- add_index(:columns, :account_id)
   -> 0.0001s
-- change_column_null(:comments, :account_id, false)
   -> 0.0049s
-- add_index(:comments, :account_id)
   -> 0.0002s
-- change_column_null(:events, :account_id, false)
   -> 0.0095s
-- add_index(:events, :account_id)
   -> 0.0002s
-- change_column_null(:filters, :account_id, false)
   -> 0.0042s
-- add_index(:filters, :account_id)
   -> 0.0001s
-- change_column_null(:notification_bundles, :account_id, false)
   -> 0.0064s
-- add_index(:notification_bundles, :account_id)
   -> 0.0002s
-- change_column_null(:notifications, :account_id, false)
   -> 0.0102s
-- add_index(:notifications, :account_id)
   -> 0.0002s
-- change_column_null(:push_subscriptions, :account_id, false)
   -> 0.0046s
-- add_index(:push_subscriptions, :account_id)
   -> 0.0002s
-- change_column_null(:steps, :account_id, false)
   -> 0.0052s
-- add_index(:steps, :account_id)
   -> 0.0002s
-- change_column_null(:tags, :account_id, false)
   -> 0.0040s
-- add_index(:tags, :account_id)
   -> 0.0002s
-- change_column_null(:users, :account_id, false)
   -> 0.0069s
-- add_index(:users, :account_id)
   -> 0.0002s
-- change_column_null(:webhooks, :account_id, false)
   -> 0.0050s
-- add_index(:webhooks, :account_id)
   -> 0.0002s
-- remove_index(:tags, :title)
   -> 0.0004s
-- add_index(:tags, [:account_id, :title], {unique: true})
   -> 0.0004s
== 20260710120000 AddAccountIdToAccountOwnedTables: migrated (0.3380s) ========

.....

Finished in 8.703769s, 0.8042 runs/s, 1.2638 assertions/s.
7 runs, 11 assertions, 0 failures, 0 errors, 0 skips
