Running 1542 tests in parallel using 2 processes
Run options: --seed 18906

# Running:

.......E

Error:
Account::ExportsControllerTest#test_show_does_not_allow_access_to_another_user's_export:
ActiveRecord::StatementInvalid: SQLite3::SQLException: no such column: user_settings.account_id:
SELECT "user_settings".* FROM "user_settings" WHERE "user_settings"."account_id" = ? ORDER BY "user_settings"."id" ASC LIMIT ?
                                                    ^
    app/models/account/data_transfer/record_set.rb:24:in 'block in Account::DataTransfer::RecordSet#export'
    app/models/account/data_transfer/record_set.rb:58:in 'Account::DataTransfer::RecordSet#with_zip'
    app/models/account/data_transfer/record_set.rb:19:in 'Account::DataTransfer::RecordSet#export'
    app/models/account/export.rb:9:in 'block in Account::Export#populate_zip'
    app/models/account/data_transfer/manifest.rb:16:in 'block in Account::DataTransfer::Manifest#each_record_set'
    app/models/account/data_transfer/manifest.rb:14:in 'Array#each'
    app/models/account/data_transfer/manifest.rb:14:in 'Account::DataTransfer::Manifest#each_record_set'
    app/models/account/export.rb:8:in 'Account::Export#populate_zip'
    app/models/export.rb:25:in 'block (2 levels) in Export#build'
    app/models/zip_file.rb:15:in 'block in ZipFile.create_for'
    app/models/zip_file.rb:75:in 'ZipFile.create_for_disk'
    app/models/zip_file.rb:15:in 'ZipFile.create_for'
    app/models/export.rb:24:in 'block in Export#build'
    app/models/export.rb:53:in 'block in Export#with_context'
    app/models/export.rb:49:in 'Export#with_context'
    app/models/export.rb:23:in 'Export#build'
    test/controllers/accounts/exports_controller_test.rb:71:in 'block in <class:ExportsControllerTest>'

bin/rails test test/controllers/accounts/exports_controller_test.rb:69

E

Error:
Account::ExportsControllerTest#test_show_as_JSON_with_completed_export:
ActiveRecord::StatementInvalid: SQLite3::SQLException: no such column: user_settings.account_id:
SELECT "user_settings".* FROM "user_settings" WHERE "user_settings"."account_id" = ? ORDER BY "user_settings"."id" ASC LIMIT ?
                                                    ^
    app/models/account/data_transfer/record_set.rb:24:in 'block in Account::DataTransfer::RecordSet#export'
    app/models/account/data_transfer/record_set.rb:58:in 'Account::DataTransfer::RecordSet#with_zip'
    app/models/account/data_transfer/record_set.rb:19:in 'Account::DataTransfer::RecordSet#export'
    app/models/account/export.rb:9:in 'block in Account::Export#populate_zip'
    app/models/account/data_transfer/manifest.rb:16:in 'block in Account::DataTransfer::Manifest#each_record_set'
    app/models/account/data_transfer/manifest.rb:14:in 'Array#each'
    app/models/account/data_transfer/manifest.rb:14:in 'Account::DataTransfer::Manifest#each_record_set'
    app/models/account/export.rb:8:in 'Account::Export#populate_zip'
    app/models/export.rb:25:in 'block (2 levels) in Export#build'
    app/models/zip_file.rb:15:in 'block in ZipFile.create_for'
    app/models/zip_file.rb:75:in 'ZipFile.create_for_disk'
    app/models/zip_file.rb:15:in 'ZipFile.create_for'
    app/models/export.rb:24:in 'block in Export#build'
    app/models/export.rb:53:in 'block in Export#with_context'
    app/models/export.rb:49:in 'Export#with_context'
    app/models/export.rb:23:in 'Export#build'
    test/controllers/accounts/exports_controller_test.rb:95:in 'block in <class:ExportsControllerTest>'

bin/rails test test/controllers/accounts/exports_controller_test.rb:93

...E

Error:
Account::ExportsControllerTest#test_show_is_forbidden_for_non-admin_members:
ActiveRecord::StatementInvalid: SQLite3::SQLException: no such column: user_settings.account_id:
SELECT "user_settings".* FROM "user_settings" WHERE "user_settings"."account_id" = ? ORDER BY "user_settings"."id" ASC LIMIT ?
                                                    ^
    app/models/account/data_transfer/record_set.rb:24:in 'block in Account::DataTransfer::RecordSet#export'
    app/models/account/data_transfer/record_set.rb:58:in 'Account::DataTransfer::RecordSet#with_zip'
    app/models/account/data_transfer/record_set.rb:19:in 'Account::DataTransfer::RecordSet#export'
    app/models/account/export.rb:9:in 'block in Account::Export#populate_zip'
    app/models/account/data_transfer/manifest.rb:16:in 'block in Account::DataTransfer::Manifest#each_record_set'
    app/models/account/data_transfer/manifest.rb:14:in 'Array#each'
    app/models/account/data_transfer/manifest.rb:14:in 'Account::DataTransfer::Manifest#each_record_set'
    app/models/account/export.rb:8:in 'Account::Export#populate_zip'
    app/models/export.rb:25:in 'block (2 levels) in Export#build'
    app/models/zip_file.rb:15:in 'block in ZipFile.create_for'
    app/models/zip_file.rb:75:in 'ZipFile.create_for_disk'
    app/models/zip_file.rb:15:in 'ZipFile.create_for'
    app/models/export.rb:24:in 'block in Export#build'
    app/models/export.rb:53:in 'block in Export#with_context'
    app/models/export.rb:49:in 'Export#with_context'
    app/models/export.rb:23:in 'Export#build'
    test/controllers/accounts/exports_controller_test.rb:152:in 'block in <class:ExportsControllerTest>'

bin/rails test test/controllers/accounts/exports_controller_test.rb:149

..E

Error:
Account::ExportsControllerTest#test_show_displays_completed_export_with_download_link:
ActiveRecord::StatementInvalid: SQLite3::SQLException: no such column: user_settings.account_id:
SELECT "user_settings".* FROM "user_settings" WHERE "user_settings"."account_id" = ? ORDER BY "user_settings"."id" ASC LIMIT ?
                                                    ^
    app/models/account/data_transfer/record_set.rb:24:in 'block in Account::DataTransfer::RecordSet#export'
    app/models/account/data_transfer/record_set.rb:58:in 'Account::DataTransfer::RecordSet#with_zip'
    app/models/account/data_transfer/record_set.rb:19:in 'Account::DataTransfer::RecordSet#export'
    app/models/account/export.rb:9:in 'block in Account::Export#populate_zip'
    app/models/account/data_transfer/manifest.rb:16:in 'block in Account::DataTransfer::Manifest#each_record_set'
    app/models/account/data_transfer/manifest.rb:14:in 'Array#each'
    app/models/account/data_transfer/manifest.rb:14:in 'Account::DataTransfer::Manifest#each_record_set'
    app/models/account/export.rb:8:in 'Account::Export#populate_zip'
    app/models/export.rb:25:in 'block (2 levels) in Export#build'
    app/models/zip_file.rb:15:in 'block in ZipFile.create_for'
    app/models/zip_file.rb:75:in 'ZipFile.create_for_disk'
    app/models/zip_file.rb:15:in 'ZipFile.create_for'
    app/models/export.rb:24:in 'block in Export#build'
    app/models/export.rb:53:in 'block in Export#with_context'
    app/models/export.rb:49:in 'Export#with_context'
    app/models/export.rb:23:in 'Export#build'
    test/controllers/accounts/exports_controller_test.rb:54:in 'block in <class:ExportsControllerTest>'

bin/rails test test/controllers/accounts/exports_controller_test.rb:52

...E

Error:
Account::ExportsControllerTest#test_show_as_JSON_with_bearer_token_returns_a_download_URL_that_can_be_fetched:
ActiveRecord::StatementInvalid: SQLite3::SQLException: no such column: user_settings.account_id:
SELECT "user_settings".* FROM "user_settings" WHERE "user_settings"."account_id" = ? ORDER BY "user_settings"."id" ASC LIMIT ?
                                                    ^
    app/models/account/data_transfer/record_set.rb:24:in 'block in Account::DataTransfer::RecordSet#export'
    app/models/account/data_transfer/record_set.rb:58:in 'Account::DataTransfer::RecordSet#with_zip'
    app/models/account/data_transfer/record_set.rb:19:in 'Account::DataTransfer::RecordSet#export'
    app/models/account/export.rb:9:in 'block in Account::Export#populate_zip'
    app/models/account/data_transfer/manifest.rb:16:in 'block in Account::DataTransfer::Manifest#each_record_set'
    app/models/account/data_transfer/manifest.rb:14:in 'Array#each'
    app/models/account/data_transfer/manifest.rb:14:in 'Account::DataTransfer::Manifest#each_record_set'
    app/models/account/export.rb:8:in 'Account::Export#populate_zip'
    app/models/export.rb:25:in 'block (2 levels) in Export#build'
    app/models/zip_file.rb:15:in 'block in ZipFile.create_for'
    app/models/zip_file.rb:75:in 'ZipFile.create_for_disk'
    app/models/zip_file.rb:15:in 'ZipFile.create_for'
    app/models/export.rb:24:in 'block in Export#build'
    app/models/export.rb:53:in 'block in Export#with_context'
    app/models/export.rb:49:in 'Export#with_context'
    app/models/export.rb:23:in 'Export#build'
    test/controllers/accounts/exports_controller_test.rb:108:in 'block in <class:ExportsControllerTest>'

bin/rails test test/controllers/accounts/exports_controller_test.rb:106

..............................................E

Error:
SearchTest#test_search:
DRb::DRbRemoteError: SQLite3::SQLException: no such column: search_queries.account_id:
DELETE FROM "search_queries" WHERE "search_queries"."account_id" = ?
                                   ^ (ActiveRecord::StatementInvalid)
    test/test_helpers/search_test_helper.rb:26:in 'SearchTestHelper#teardown_search_test'

bin/rails test test/models/search_test.rb:6

......................................................E

Error:
SearchTest#test_search_for_hyphenated_strings:
DRb::DRbRemoteError: SQLite3::SQLException: no such column: search_queries.account_id:
DELETE FROM "search_queries" WHERE "search_queries"."account_id" = ?
                                   ^ (ActiveRecord::StatementInvalid)
    test/test_helpers/search_test_helper.rb:26:in 'SearchTestHelper#teardown_search_test'

bin/rails test test/models/search_test.rb:39

............E

Error:
Comment::SearchableTest#test_searchable?_returns_true_for_comments_on_published_cards:
DRb::DRbRemoteError: SQLite3::SQLException: no such column: search_queries.account_id:
DELETE FROM "search_queries" WHERE "search_queries"."account_id" = ?
                                   ^ (ActiveRecord::StatementInvalid)
    test/test_helpers/search_test_helper.rb:26:in 'SearchTestHelper#teardown_search_test'

bin/rails test test/models/comment/searchable_test.rb:10

E

Error:
Comment::SearchableTest#test_comment_search:
DRb::DRbRemoteError: SQLite3::SQLException: no such column: search_queries.account_id:
DELETE FROM "search_queries" WHERE "search_queries"."account_id" = ?
                                   ^ (ActiveRecord::StatementInvalid)
    test/test_helpers/search_test_helper.rb:26:in 'SearchTestHelper#teardown_search_test'

bin/rails test test/models/comment/searchable_test.rb:21

....................................................................E

Error:
Comment::SearchableTest#test_searchable?_returns_false_for_comments_on_draft_cards:
DRb::DRbRemoteError: SQLite3::SQLException: no such column: search_queries.account_id:
DELETE FROM "search_queries" WHERE "search_queries"."account_id" = ?
                                   ^ (ActiveRecord::StatementInvalid)
    test/test_helpers/search_test_helper.rb:26:in 'SearchTestHelper#teardown_search_test'

bin/rails test test/models/comment/searchable_test.rb:15

...................................E

Error:
Users::AvatarsControllerTest#test_show_other_image_redirects_to_the_blob_url:
NoMethodError: undefined method 'account_id' for an instance of ActiveStorage::Blob
    config/initializers/active_storage_no_reuse.rb:35:in 'ActiveStorage::Attachment#blob_account_matches_record'
    test/controllers/users/avatars_controller_test.rb:39:in 'block in <class:AvatarsControllerTest>'

bin/rails test test/controllers/users/avatars_controller_test.rb:38

..E

Error:
Users::AvatarsControllerTest#test_show_own_image_redirects_to_the_blob_url:
NoMethodError: undefined method 'account_id' for an instance of ActiveStorage::Blob
    config/initializers/active_storage_no_reuse.rb:35:in 'ActiveStorage::Attachment#blob_account_matches_record'
    test/controllers/users/avatars_controller_test.rb:30:in 'block in <class:AvatarsControllerTest>'

bin/rails test test/controllers/users/avatars_controller_test.rb:29

..E

Error:
Account::DataTransfer::ActiveStorage::BlobRecordSetTest#test_import_generates_fresh_keys_instead_of_using_exported_keys:
ActiveModel::UnknownAttributeError: unknown attribute 'account_id' for ActiveStorage::Blob.
    app/models/account/data_transfer/active_storage/blob_record_set.rb:29:in 'Account::DataTransfer::ActiveStorage::BlobRecordSet#import_batch'
    app/models/account/data_transfer/record_set.rb:34:in 'block (2 levels) in Account::DataTransfer::RecordSet#import'
    app/models/account/data_transfer/record_set.rb:33:in 'Array#each'
    app/models/account/data_transfer/record_set.rb:33:in 'Enumerable#each_slice'
    app/models/account/data_transfer/record_set.rb:33:in 'block in Account::DataTransfer::RecordSet#import'
    app/models/account/data_transfer/record_set.rb:58:in 'Account::DataTransfer::RecordSet#with_zip'
    app/models/account/data_transfer/record_set.rb:29:in 'Account::DataTransfer::RecordSet#import'
    test/models/account/data_transfer/active_storage/blob_record_set_test.rb:9:in 'block in <class:BlobRecordSetTest>'

bin/rails test test/models/account/data_transfer/active_storage/blob_record_set_test.rb:4

......................E

Error:
Account::DataImportJobTest#test_performs_import_via_continuable_steps:
ActiveRecord::StatementInvalid: SQLite3::SQLException: no such column: user_settings.account_id:
SELECT "user_settings".* FROM "user_settings" WHERE "user_settings"."account_id" = ? ORDER BY "user_settings"."id" ASC LIMIT ?
                                                    ^
    app/models/account/data_transfer/record_set.rb:24:in 'block in Account::DataTransfer::RecordSet#export'
    app/models/account/data_transfer/record_set.rb:58:in 'Account::DataTransfer::RecordSet#with_zip'
    app/models/account/data_transfer/record_set.rb:19:in 'Account::DataTransfer::RecordSet#export'
    app/models/account/export.rb:9:in 'block in Account::Export#populate_zip'
    app/models/account/data_transfer/manifest.rb:16:in 'block in Account::DataTransfer::Manifest#each_record_set'
    app/models/account/data_transfer/manifest.rb:14:in 'Array#each'
    app/models/account/data_transfer/manifest.rb:14:in 'Account::DataTransfer::Manifest#each_record_set'
    app/models/account/export.rb:8:in 'Account::Export#populate_zip'
    app/models/export.rb:25:in 'block (2 levels) in Export#build'
    app/models/zip_file.rb:15:in 'block in ZipFile.create_for'
    app/models/zip_file.rb:75:in 'ZipFile.create_for_disk'
    app/models/zip_file.rb:15:in 'ZipFile.create_for'
    app/models/export.rb:24:in 'block in Export#build'
    app/models/export.rb:53:in 'block in Export#with_context'
    app/models/export.rb:49:in 'Export#with_context'
    app/models/export.rb:23:in 'Export#build'
    test/jobs/account/data_import_job_test.rb:10:in 'block in <class:DataImportJobTest>'

bin/rails test test/jobs/account/data_import_job_test.rb:4

...E

Error:
Account::DataTransfer::ActiveStorage::BlobRecordSetTest#test_import_preserves_blob_metadata:
ActiveModel::UnknownAttributeError: unknown attribute 'account_id' for ActiveStorage::Blob.
    app/models/account/data_transfer/active_storage/blob_record_set.rb:29:in 'Account::DataTransfer::ActiveStorage::BlobRecordSet#import_batch'
    app/models/account/data_transfer/record_set.rb:34:in 'block (2 levels) in Account::DataTransfer::RecordSet#import'
    app/models/account/data_transfer/record_set.rb:33:in 'Array#each'
    app/models/account/data_transfer/record_set.rb:33:in 'Enumerable#each_slice'
    app/models/account/data_transfer/record_set.rb:33:in 'block in Account::DataTransfer::RecordSet#import'
    app/models/account/data_transfer/record_set.rb:58:in 'Account::DataTransfer::RecordSet#with_zip'
    app/models/account/data_transfer/record_set.rb:29:in 'Account::DataTransfer::RecordSet#import'
    test/models/account/data_transfer/active_storage/blob_record_set_test.rb:27:in 'block in <class:BlobRecordSetTest>'

bin/rails test test/models/account/data_transfer/active_storage/blob_record_set_test.rb:16

..................................................................................................................................................................E

Error:
ActiveStorageAnalyzeJobSkipDetachedTest#test_performs_analysis_when_blob_has_attachments:
NoMethodError: undefined method 'account_id' for an instance of ActiveStorage::Blob
    config/initializers/active_storage_no_reuse.rb:35:in 'ActiveStorage::Attachment#blob_account_matches_record'
    test/lib/rails_ext/active_storage_analyze_job_skip_detached_test.rb:16:in 'block in <class:ActiveStorageAnalyzeJobSkipDetachedTest>'

bin/rails test test/lib/rails_ext/active_storage_analyze_job_skip_detached_test.rb:14

.................................E

Error:
SearchesControllerTest#test_search:
DRb::DRbRemoteError: SQLite3::SQLException: no such column: search_queries.account_id:
DELETE FROM "search_queries" WHERE "search_queries"."account_id" = ?
                                   ^ (ActiveRecord::StatementInvalid)
    test/test_helpers/search_test_helper.rb:26:in 'SearchTestHelper#teardown_search_test'

bin/rails test test/controllers/searches_controller_test.rb:17

...E

Error:
SearchesControllerTest#test_search_as_JSON:
DRb::DRbRemoteError: SQLite3::SQLException: no such column: search_queries.account_id:
DELETE FROM "search_queries" WHERE "search_queries"."account_id" = ?
                                   ^ (ActiveRecord::StatementInvalid)
    test/test_helpers/search_test_helper.rb:26:in 'SearchTestHelper#teardown_search_test'

bin/rails test test/controllers/searches_controller_test.rb:49

E

Error:
SearchesControllerTest#test_search_preserves_highlight_marks_but_escapes_surrounding_HTML:
DRb::DRbRemoteError: SQLite3::SQLException: no such column: search_queries.account_id:
DELETE FROM "search_queries" WHERE "search_queries"."account_id" = ?
                                   ^ (ActiveRecord::StatementInvalid)
    test/test_helpers/search_test_helper.rb:26:in 'SearchTestHelper#teardown_search_test'

bin/rails test test/controllers/searches_controller_test.rb:86

E

Error:
SearchesControllerTest#test_search_by_card_ID_as_JSON_returns_array:
DRb::DRbRemoteError: SQLite3::SQLException: no such column: search_queries.account_id:
DELETE FROM "search_queries" WHERE "search_queries"."account_id" = ?
                                   ^ (ActiveRecord::StatementInvalid)
    test/test_helpers/search_test_helper.rb:26:in 'SearchTestHelper#teardown_search_test'

bin/rails test test/controllers/searches_controller_test.rb:59

.....E

Error:
SearchesControllerTest#test_search_as_JSON_deduplicates_cards_with_multiple_search_hits:
DRb::DRbRemoteError: SQLite3::SQLException: no such column: search_queries.account_id:
DELETE FROM "search_queries" WHERE "search_queries"."account_id" = ?
                                   ^ (ActiveRecord::StatementInvalid)
    test/test_helpers/search_test_helper.rb:26:in 'SearchTestHelper#teardown_search_test'

bin/rails test test/controllers/searches_controller_test.rb:69

.........E

Error:
SearchesControllerTest#test_search_highlights_matched_terms_with_proper_HTML_marks:
DRb::DRbRemoteError: SQLite3::SQLException: no such column: search_queries.account_id:
DELETE FROM "search_queries" WHERE "search_queries"."account_id" = ?
                                   ^ (ActiveRecord::StatementInvalid)
    test/test_helpers/search_test_helper.rb:26:in 'SearchTestHelper#teardown_search_test'

bin/rails test test/controllers/searches_controller_test.rb:79

........S..........E

Error:
Account::DataTransfer::ActionText::RichTextRecordSetTest#test_check_rejects_ActionText_record_referencing_existing_card_in_another_account:
ActiveRecord::StatementInvalid: SQLite3::SQLException: no such column: search_queries.account_id:
DELETE FROM "search_queries" WHERE "search_queries"."account_id" = ?
                                   ^
    test/models/account/data_transfer/action_text/rich_text_record_set_test.rb:43:in 'block in <class:RichTextRecordSetTest>'

bin/rails test test/models/account/data_transfer/action_text/rich_text_record_set_test.rb:4

.............S...............................................................................E

Error:
Webhook::DeliveryTest#test_slack_webhook_payload_html-escapes_special_characters:
NameError: undefined local variable or method 'account' for an instance of Webhook::Delivery
    app/models/webhook/delivery.rb:176:in 'Webhook::Delivery#slack_payload'
    app/models/webhook/delivery.rb:146:in 'Webhook::Delivery#payload'
    app/models/webhook/delivery.rb:127:in 'Webhook::Delivery#signature'
    app/models/webhook/delivery.rb:121:in 'Webhook::Delivery#headers'
    app/models/webhook/delivery.rb:35:in 'Webhook::Delivery#deliver'
    test/models/webhook/delivery_test.rb:328:in 'block in <class:DeliveryTest>'

bin/rails test test/models/webhook/delivery_test.rb:313

........E

Error:
Webhook::DeliveryTest#test_deliver_with_slack_webhook_format:
NameError: undefined local variable or method 'account' for an instance of Webhook::Delivery
    app/models/webhook/delivery.rb:176:in 'Webhook::Delivery#slack_payload'
    app/models/webhook/delivery.rb:146:in 'Webhook::Delivery#payload'
    app/models/webhook/delivery.rb:127:in 'Webhook::Delivery#signature'
    app/models/webhook/delivery.rb:121:in 'Webhook::Delivery#headers'
    app/models/webhook/delivery.rb:35:in 'Webhook::Delivery#deliver'
    test/models/webhook/delivery_test.rb:225:in 'block in <class:DeliveryTest>'

bin/rails test test/models/webhook/delivery_test.rb:208

.........E

Error:
Card::EntropicTest#test_postponing_soon_scope_works_properly_cross-account:
ActiveRecord::StatementInvalid: SQLite3::SQLException: no such column: account_entropies.account_id:
SELECT "cards".* FROM "cards" INNER JOIN "boards" ON "boards"."id" = "cards"."board_id" INNER JOIN "accounts" ON "accounts"."id" = "boards"."account_id" LEFT OUTER JOIN "entropies" ON "entropies"."container_type" = ? AND "entropies"."container_id" = "boards"."id" LEFT OUTER JOIN "closures" ON "closures"."card_id" = "cards"."id" LEFT OUTER JOIN "card_not_nows" AS "not_now" ON "not_now"."card_id" = "cards"."id" LEFT OUTER JOIN entropies AS account_entropies ON account_entropies.account_id = accounts.id AND account_entropies.container_type = 'Account' AND account_entropies.container_id = accounts.id WHERE "closures"."id" IS NULL AND "cards"."status" = ? AND "not_now"."id" IS NULL AND (last_active_at > datetime(?, '-' || (COALESCE(entropies.auto_postpone_period, account_entropies.auto_postpone_period)) || ' seconds')) AND (last_active_at <= datetime(?, '-' || (COALESCE(entropies.auto_postpone_period, account_entropies.auto_postpone_period) * 0.75) || ' seconds'))
    test/models/card/entropic_test.rb:86:in 'block in <class:EntropicTest>'

bin/rails test test/models/card/entropic_test.rb:82

..E

Error:
Card::EntropicTest#test_postponing_soon_scope:
ActiveRecord::StatementInvalid: SQLite3::SQLException: no such column: account_entropies.account_id:
SELECT 1 AS one FROM "cards" INNER JOIN "boards" ON "boards"."id" = "cards"."board_id" INNER JOIN "accounts" ON "accounts"."id" = "boards"."account_id" LEFT OUTER JOIN "entropies" ON "entropies"."container_type" = ? AND "entropies"."container_id" = "boards"."id" LEFT OUTER JOIN "closures" ON "closures"."card_id" = "cards"."id" LEFT OUTER JOIN "card_not_nows" AS "not_now" ON "not_now"."card_id" = "cards"."id" LEFT OUTER JOIN entropies AS account_entropies ON account_entropies.account_id = accounts.id AND account_entropies.container_type = 'Account' AND account_entropies.container_id = accounts.id WHERE "closures"."id" IS NULL AND "cards"."status" = ? AND "not_now"."id" IS NULL AND (last_active_at > datetime(?, '-' || (COALESCE(entropies.auto_postpone_period, account_entropies.auto_postpone_period)) || ' seconds')) AND (last_active_at <= datetime(?, '-' || (COALESCE(entropies.auto_postpone_period, account_entropies.auto_postpone_period) * 0.75) || ' seconds')) AND "cards"."id" = ? LIMIT ?
    test/models/card/entropic_test.rb:68:in 'block in <class:EntropicTest>'

bin/rails test test/models/card/entropic_test.rb:62

...............E

Error:
Account::DataTransfer::ActiveStorage::FileRecordSetTest#test_import_handles_keys_containing_path_separators:
ActiveModel::UnknownAttributeError: unknown attribute 'account_id' for ActiveStorage::Blob.
    app/models/account/data_transfer/active_storage/blob_record_set.rb:29:in 'Account::DataTransfer::ActiveStorage::BlobRecordSet#import_batch'
    app/models/account/data_transfer/record_set.rb:34:in 'block (2 levels) in Account::DataTransfer::RecordSet#import'
    app/models/account/data_transfer/record_set.rb:33:in 'Array#each'
    app/models/account/data_transfer/record_set.rb:33:in 'Enumerable#each_slice'
    app/models/account/data_transfer/record_set.rb:33:in 'block in Account::DataTransfer::RecordSet#import'
    app/models/account/data_transfer/record_set.rb:58:in 'Account::DataTransfer::RecordSet#with_zip'
    app/models/account/data_transfer/record_set.rb:29:in 'Account::DataTransfer::RecordSet#import'
    test/models/account/data_transfer/active_storage/file_record_set_test.rb:26:in 'block in <class:FileRecordSetTest>'

bin/rails test test/models/account/data_transfer/active_storage/file_record_set_test.rb:19

E

Error:
Account::DataTransfer::ActiveStorage::FileRecordSetTest#test_import_raises_IntegrityError_for_storage_file_without_matching_blob_metadata:
ActiveModel::UnknownAttributeError: unknown attribute 'account_id' for ActiveStorage::Blob.
    app/models/account/data_transfer/active_storage/blob_record_set.rb:29:in 'Account::DataTransfer::ActiveStorage::BlobRecordSet#import_batch'
    app/models/account/data_transfer/record_set.rb:34:in 'block (2 levels) in Account::DataTransfer::RecordSet#import'
    app/models/account/data_transfer/record_set.rb:33:in 'Array#each'
    app/models/account/data_transfer/record_set.rb:33:in 'Enumerable#each_slice'
    app/models/account/data_transfer/record_set.rb:33:in 'block in Account::DataTransfer::RecordSet#import'
    app/models/account/data_transfer/record_set.rb:58:in 'Account::DataTransfer::RecordSet#with_zip'
    app/models/account/data_transfer/record_set.rb:29:in 'Account::DataTransfer::RecordSet#import'
    test/models/account/data_transfer/active_storage/file_record_set_test.rb:45:in 'block in <class:FileRecordSetTest>'

bin/rails test test/models/account/data_transfer/active_storage/file_record_set_test.rb:34

.........E

Error:
Account::DataTransfer::ActiveStorage::FileRecordSetTest#test_import_uploads_file_data_to_blobs_with_regenerated_keys:
ActiveModel::UnknownAttributeError: unknown attribute 'account_id' for ActiveStorage::Blob.
    app/models/account/data_transfer/active_storage/blob_record_set.rb:29:in 'Account::DataTransfer::ActiveStorage::BlobRecordSet#import_batch'
    app/models/account/data_transfer/record_set.rb:34:in 'block (2 levels) in Account::DataTransfer::RecordSet#import'
    app/models/account/data_transfer/record_set.rb:33:in 'Array#each'
    app/models/account/data_transfer/record_set.rb:33:in 'Enumerable#each_slice'
    app/models/account/data_transfer/record_set.rb:33:in 'block in Account::DataTransfer::RecordSet#import'
    app/models/account/data_transfer/record_set.rb:58:in 'Account::DataTransfer::RecordSet#with_zip'
    app/models/account/data_transfer/record_set.rb:29:in 'Account::DataTransfer::RecordSet#import'
    test/models/account/data_transfer/active_storage/file_record_set_test.rb:11:in 'block in <class:FileRecordSetTest>'

bin/rails test test/models/account/data_transfer/active_storage/file_record_set_test.rb:4

.E

Error:
Account::DataTransfer::ActiveStorage::FileRecordSetTest#test_import_raises_IntegrityError_when_mapped_blob_is_not_found_in_database:
DRb::DRbRemoteError: [Account::DataTransfer::RecordSet::IntegrityError] exception expected, not
Class: <ActiveRecord::StatementInvalid>
Message: <"SQLite3::SQLException: no such column: active_storage_blobs.account:\nSELECT \"active_storage_blobs\".* FROM \"active_storage_blobs\" WHERE \"active_storage_blobs\".\"id\" = ? AND \"active_storage_blobs\".\"account\" = ? LIMIT ?\n                                                                                                      ^">
---Backtrace---
app/models/account/data_transfer/active_storage/file_record_set.rb:33:in 'block in Account::DataTransfer::ActiveStorage::FileRecordSet#import_batch'
app/models/account/data_transfer/active_storage/file_record_set.rb:28:in 'Array#each'
app/models/account/data_transfer/active_storage/file_record_set.rb:28:in 'Account::DataTransfer::ActiveStorage::FileRecordSet#import_batch'
app/models/account/data_transfer/record_set.rb:34:in 'block (2 levels) in Account::DataTransfer::RecordSet#import'
app/models/account/data_transfer/record_set.rb:33:in 'Array#each'
app/models/account/data_transfer/record_set.rb:33:in 'Enumerable#each_slice'
app/models/account/data_transfer/record_set.rb:33:in 'block in Account::DataTransfer::RecordSet#import'
app/models/account/data_transfer/record_set.rb:58:in 'Account::DataTransfer::RecordSet#with_zip'
app/models/account/data_transfer/active_storage/file_record_set.rb:59:in 'Account::DataTransfer::ActiveStorage::FileRecordSet#with_zip'
app/models/account/data_transfer/record_set.rb:29:in 'Account::DataTransfer::RecordSet#import'
test/models/account/data_transfer/active_storage/file_record_set_test.rb:60:in 'block (2 levels) in <class:FileRecordSetTest>'
test/models/account/data_transfer/active_storage/file_record_set_test.rb:59:in 'block in <class:FileRecordSetTest>'
--------------- (Minitest::Assertion)
    test/models/account/data_transfer/active_storage/file_record_set_test.rb:59:in 'block in <class:FileRecordSetTest>'

bin/rails test test/models/account/data_transfer/active_storage/file_record_set_test.rb:52

......E

Error:
UsersControllerTest#test_update_with_valid_avatar:
NoMethodError: undefined method 'account_id' for an instance of ActiveStorage::Blob
    config/initializers/active_storage_no_reuse.rb:35:in 'ActiveStorage::Attachment#blob_account_matches_record'
    app/controllers/users_controller.rb:18:in 'UsersController#update'
    app/controllers/concerns/current_timezone.rb:15:in 'CurrentTimezone#set_current_timezone'
    config/initializers/tenanting/account_slug.rb:31:in 'block in AccountSlug::Extractor#call'
    app/models/current.rb:22:in 'Current#with_account'
    config/initializers/tenanting/account_slug.rb:30:in 'AccountSlug::Extractor#call'
    test/controllers/users_controller_test.rb:96:in 'block in <class:UsersControllerTest>'

bin/rails test test/controllers/users_controller_test.rb:91

............................................................................E

Error:
CardsControllerTest#test_update_draft_card_does_not_render_reactions:
NoMethodError: undefined method 'account_id' for an instance of ActiveStorage::Blob
    config/initializers/active_storage_no_reuse.rb:35:in 'ActiveStorage::Attachment#blob_account_matches_record'
    app/controllers/cards_controller.rb:36:in 'CardsController#update'
    app/controllers/concerns/current_timezone.rb:15:in 'CurrentTimezone#set_current_timezone'
    config/initializers/tenanting/account_slug.rb:31:in 'block in AccountSlug::Extractor#call'
    app/models/current.rb:22:in 'Current#with_account'
    config/initializers/tenanting/account_slug.rb:30:in 'AccountSlug::Extractor#call'
    test/controllers/cards_controller_test.rb:117:in 'block in <class:CardsControllerTest>'

bin/rails test test/controllers/cards_controller_test.rb:114

....E

Error:
CardsControllerTest#test_update:
NoMethodError: undefined method 'account_id' for an instance of ActiveStorage::Blob
    config/initializers/active_storage_no_reuse.rb:35:in 'ActiveStorage::Attachment#blob_account_matches_record'
    app/models/card/eventable.rb:21:in 'Card::Eventable#touch_last_active_at'
    app/models/card/eventable.rb:15:in 'block in Card::Eventable#event_was_created'
    app/models/card/eventable.rb:13:in 'Card::Eventable#event_was_created'
    app/models/event.rb:26:in 'block in <class:Event>'
    app/models/concerns/eventable.rb:10:in 'Eventable#track_event'
    app/models/card/eventable.rb:31:in 'Card::Eventable#track_title_change'
    app/controllers/cards_controller.rb:36:in 'CardsController#update'
    app/controllers/concerns/current_timezone.rb:15:in 'CurrentTimezone#set_current_timezone'
    config/initializers/tenanting/account_slug.rb:31:in 'block in AccountSlug::Extractor#call'
    app/models/current.rb:22:in 'Current#with_account'
    config/initializers/tenanting/account_slug.rb:30:in 'AccountSlug::Extractor#call'
    test/controllers/cards_controller_test.rb:101:in 'block in <class:CardsControllerTest>'

bin/rails test test/controllers/cards_controller_test.rb:100

.......................................E

Error:
ActiveStorageAuthorizationTest#test_unauthenticated_user_cannot_download_export:
NoMethodError: undefined method 'account_id' for an instance of ActiveStorage::Blob
    config/initializers/active_storage_no_reuse.rb:35:in 'ActiveStorage::Attachment#blob_account_matches_record'
    test/integration/active_storage_authorization_test.rb:245:in 'block in ActiveStorageAuthorizationTest#attach_blob_to_card'
    test/integration/active_storage_authorization_test.rb:244:in 'ActiveStorageAuthorizationTest#attach_blob_to_card'
    test/integration/active_storage_authorization_test.rb:9:in 'block in <class:ActiveStorageAuthorizationTest>'

bin/rails test test/integration/active_storage_authorization_test.rb:234

......E

Error:
ActiveStorageAuthorizationTest#test_authenticated_user_without_board_access_cannot_view_blob:
NoMethodError: undefined method 'account_id' for an instance of ActiveStorage::Blob
    config/initializers/active_storage_no_reuse.rb:35:in 'ActiveStorage::Attachment#blob_account_matches_record'
    test/integration/active_storage_authorization_test.rb:245:in 'block in ActiveStorageAuthorizationTest#attach_blob_to_card'
    test/integration/active_storage_authorization_test.rb:244:in 'ActiveStorageAuthorizationTest#attach_blob_to_card'
    test/integration/active_storage_authorization_test.rb:9:in 'block in <class:ActiveStorageAuthorizationTest>'

bin/rails test test/integration/active_storage_authorization_test.rb:29

.E

Error:
ActiveStorageAuthorizationTest#test_unauthenticated_user_can_view_avatar_thumbnail:
NoMethodError: undefined method 'account_id' for an instance of ActiveStorage::Blob
    config/initializers/active_storage_no_reuse.rb:35:in 'ActiveStorage::Attachment#blob_account_matches_record'
    test/integration/active_storage_authorization_test.rb:245:in 'block in ActiveStorageAuthorizationTest#attach_blob_to_card'
    test/integration/active_storage_authorization_test.rb:244:in 'ActiveStorageAuthorizationTest#attach_blob_to_card'
    test/integration/active_storage_authorization_test.rb:9:in 'block in <class:ActiveStorageAuthorizationTest>'

bin/rails test test/integration/active_storage_authorization_test.rb:163

E

Error:
ActiveStorageAuthorizationTest#test_proxy_for_non-public_blob_does_not_set_public_Cache-Control:
NoMethodError: undefined method 'account_id' for an instance of ActiveStorage::Blob
    config/initializers/active_storage_no_reuse.rb:35:in 'ActiveStorage::Attachment#blob_account_matches_record'
    test/integration/active_storage_authorization_test.rb:245:in 'block in ActiveStorageAuthorizationTest#attach_blob_to_card'
    test/integration/active_storage_authorization_test.rb:244:in 'ActiveStorageAuthorizationTest#attach_blob_to_card'
    test/integration/active_storage_authorization_test.rb:9:in 'block in <class:ActiveStorageAuthorizationTest>'

bin/rails test test/integration/active_storage_authorization_test.rb:171

E

Error:
ActiveStorageAuthorizationTest#test_unauthenticated_user_can_view_blob_on_published_board_with_published_card:
NoMethodError: undefined method 'account_id' for an instance of ActiveStorage::Blob
    config/initializers/active_storage_no_reuse.rb:35:in 'ActiveStorage::Attachment#blob_account_matches_record'
    test/integration/active_storage_authorization_test.rb:245:in 'block in ActiveStorageAuthorizationTest#attach_blob_to_card'
    test/integration/active_storage_authorization_test.rb:244:in 'ActiveStorageAuthorizationTest#attach_blob_to_card'
    test/integration/active_storage_authorization_test.rb:9:in 'block in <class:ActiveStorageAuthorizationTest>'

bin/rails test test/integration/active_storage_authorization_test.rb:66

E

Error:
ActiveStorageAuthorizationTest#test_authenticated_user_without_board_access_cannot_view_rich_text_embed_in_comment:
NoMethodError: undefined method 'account_id' for an instance of ActiveStorage::Blob
    config/initializers/active_storage_no_reuse.rb:35:in 'ActiveStorage::Attachment#blob_account_matches_record'
    test/integration/active_storage_authorization_test.rb:245:in 'block in ActiveStorageAuthorizationTest#attach_blob_to_card'
    test/integration/active_storage_authorization_test.rb:244:in 'ActiveStorageAuthorizationTest#attach_blob_to_card'
    test/integration/active_storage_authorization_test.rb:9:in 'block in <class:ActiveStorageAuthorizationTest>'

bin/rails test test/integration/active_storage_authorization_test.rb:134

E

Error:
ActiveStorageAuthorizationTest#test_bearer_token_with_board_access_can_view_blob:
NoMethodError: undefined method 'account_id' for an instance of ActiveStorage::Blob
    config/initializers/active_storage_no_reuse.rb:35:in 'ActiveStorage::Attachment#blob_account_matches_record'
    test/integration/active_storage_authorization_test.rb:245:in 'block in ActiveStorageAuthorizationTest#attach_blob_to_card'
    test/integration/active_storage_authorization_test.rb:244:in 'ActiveStorageAuthorizationTest#attach_blob_to_card'
    test/integration/active_storage_authorization_test.rb:9:in 'block in <class:ActiveStorageAuthorizationTest>'

bin/rails test test/integration/active_storage_authorization_test.rb:20

E

Error:
ActiveStorageAuthorizationTest#test_proxy_for_publicly_accessible_blob_sets_public_Cache-Control:
NoMethodError: undefined method 'account_id' for an instance of ActiveStorage::Blob
    config/initializers/active_storage_no_reuse.rb:35:in 'ActiveStorage::Attachment#blob_account_matches_record'
    test/integration/active_storage_authorization_test.rb:245:in 'block in ActiveStorageAuthorizationTest#attach_blob_to_card'
    test/integration/active_storage_authorization_test.rb:244:in 'ActiveStorageAuthorizationTest#attach_blob_to_card'
    test/integration/active_storage_authorization_test.rb:9:in 'block in <class:ActiveStorageAuthorizationTest>'

bin/rails test test/integration/active_storage_authorization_test.rb:179

E

Error:
ActiveStorageAuthorizationTest#test_representation_proxy_for_publicly_accessible_blob_sets_public_Cache-Control:
NoMethodError: undefined method 'account_id' for an instance of ActiveStorage::Blob
    config/initializers/active_storage_no_reuse.rb:35:in 'ActiveStorage::Attachment#blob_account_matches_record'
    test/integration/active_storage_authorization_test.rb:245:in 'block in ActiveStorageAuthorizationTest#attach_blob_to_card'
    test/integration/active_storage_authorization_test.rb:244:in 'ActiveStorageAuthorizationTest#attach_blob_to_card'
    test/integration/active_storage_authorization_test.rb:9:in 'block in <class:ActiveStorageAuthorizationTest>'

bin/rails test test/integration/active_storage_authorization_test.rb:195

E

Error:
ActiveStorageAuthorizationTest#test_authenticated_user_with_board_access_can_view_rich_text_embed_in_card:
NoMethodError: undefined method 'account_id' for an instance of ActiveStorage::Blob
    config/initializers/active_storage_no_reuse.rb:35:in 'ActiveStorage::Attachment#blob_account_matches_record'
    test/integration/active_storage_authorization_test.rb:245:in 'block in ActiveStorageAuthorizationTest#attach_blob_to_card'
    test/integration/active_storage_authorization_test.rb:244:in 'ActiveStorageAuthorizationTest#attach_blob_to_card'
    test/integration/active_storage_authorization_test.rb:9:in 'block in <class:ActiveStorageAuthorizationTest>'

bin/rails test test/integration/active_storage_authorization_test.rb:92

E

Error:
ActiveStorageAuthorizationTest#test_authenticated_user_without_board_access_cannot_view_representation:
NoMethodError: undefined method 'account_id' for an instance of ActiveStorage::Blob
    config/initializers/active_storage_no_reuse.rb:35:in 'ActiveStorage::Attachment#blob_account_matches_record'
    test/integration/active_storage_authorization_test.rb:245:in 'block in ActiveStorageAuthorizationTest#attach_blob_to_card'
    test/integration/active_storage_authorization_test.rb:244:in 'ActiveStorageAuthorizationTest#attach_blob_to_card'
    test/integration/active_storage_authorization_test.rb:9:in 'block in <class:ActiveStorageAuthorizationTest>'

bin/rails test test/integration/active_storage_authorization_test.rb:59

E

Error:
ActiveStorageAuthorizationTest#test_unauthenticated_user_cannot_view_blob_on_published_board_with_draft_card:
NoMethodError: undefined method 'account_id' for an instance of ActiveStorage::Blob
    config/initializers/active_storage_no_reuse.rb:35:in 'ActiveStorage::Attachment#blob_account_matches_record'
    test/integration/active_storage_authorization_test.rb:245:in 'block in ActiveStorageAuthorizationTest#attach_blob_to_card'
    test/integration/active_storage_authorization_test.rb:244:in 'ActiveStorageAuthorizationTest#attach_blob_to_card'
    test/integration/active_storage_authorization_test.rb:9:in 'block in <class:ActiveStorageAuthorizationTest>'

bin/rails test test/integration/active_storage_authorization_test.rb:74

E

Error:
ActiveStorageAuthorizationTest#test_export_owner_can_download_their_export:
NoMethodError: undefined method 'account_id' for an instance of ActiveStorage::Blob
    config/initializers/active_storage_no_reuse.rb:35:in 'ActiveStorage::Attachment#blob_account_matches_record'
    test/integration/active_storage_authorization_test.rb:245:in 'block in ActiveStorageAuthorizationTest#attach_blob_to_card'
    test/integration/active_storage_authorization_test.rb:244:in 'ActiveStorageAuthorizationTest#attach_blob_to_card'
    test/integration/active_storage_authorization_test.rb:9:in 'block in <class:ActiveStorageAuthorizationTest>'

bin/rails test test/integration/active_storage_authorization_test.rb:205

E

Error:
ActiveStorageAuthorizationTest#test_representation_proxy_for_non-public_blob_does_not_set_public_Cache-Control:
NoMethodError: undefined method 'account_id' for an instance of ActiveStorage::Blob
    config/initializers/active_storage_no_reuse.rb:35:in 'ActiveStorage::Attachment#blob_account_matches_record'
    test/integration/active_storage_authorization_test.rb:245:in 'block in ActiveStorageAuthorizationTest#attach_blob_to_card'
    test/integration/active_storage_authorization_test.rb:244:in 'ActiveStorageAuthorizationTest#attach_blob_to_card'
    test/integration/active_storage_authorization_test.rb:9:in 'block in <class:ActiveStorageAuthorizationTest>'

bin/rails test test/integration/active_storage_authorization_test.rb:187

E

Error:
ActiveStorageAuthorizationTest#test_non-owner_cannot_download_another_user's_export:
NoMethodError: undefined method 'account_id' for an instance of ActiveStorage::Blob
    config/initializers/active_storage_no_reuse.rb:35:in 'ActiveStorage::Attachment#blob_account_matches_record'
    test/integration/active_storage_authorization_test.rb:245:in 'block in ActiveStorageAuthorizationTest#attach_blob_to_card'
    test/integration/active_storage_authorization_test.rb:244:in 'ActiveStorageAuthorizationTest#attach_blob_to_card'
    test/integration/active_storage_authorization_test.rb:9:in 'block in <class:ActiveStorageAuthorizationTest>'

bin/rails test test/integration/active_storage_authorization_test.rb:225

E

Error:
ActiveStorageAuthorizationTest#test_authenticated_user_with_board_access_can_view_rich_text_embed_in_comment:
NoMethodError: undefined method 'account_id' for an instance of ActiveStorage::Blob
    config/initializers/active_storage_no_reuse.rb:35:in 'ActiveStorage::Attachment#blob_account_matches_record'
    test/integration/active_storage_authorization_test.rb:245:in 'block in ActiveStorageAuthorizationTest#attach_blob_to_card'
    test/integration/active_storage_authorization_test.rb:244:in 'ActiveStorageAuthorizationTest#attach_blob_to_card'
    test/integration/active_storage_authorization_test.rb:9:in 'block in <class:ActiveStorageAuthorizationTest>'

bin/rails test test/integration/active_storage_authorization_test.rb:123

E

Error:
ActiveStorageAuthorizationTest#test_unauthenticated_user_can_view_avatar:
NoMethodError: undefined method 'account_id' for an instance of ActiveStorage::Blob
    config/initializers/active_storage_no_reuse.rb:35:in 'ActiveStorage::Attachment#blob_account_matches_record'
    test/integration/active_storage_authorization_test.rb:245:in 'block in ActiveStorageAuthorizationTest#attach_blob_to_card'
    test/integration/active_storage_authorization_test.rb:244:in 'ActiveStorageAuthorizationTest#attach_blob_to_card'
    test/integration/active_storage_authorization_test.rb:9:in 'block in <class:ActiveStorageAuthorizationTest>'

bin/rails test test/integration/active_storage_authorization_test.rb:155

E

Error:
ActiveStorageAuthorizationTest#test_bearer_token_with_board_access_can_view_representation:
NoMethodError: undefined method 'account_id' for an instance of ActiveStorage::Blob
    config/initializers/active_storage_no_reuse.rb:35:in 'ActiveStorage::Attachment#blob_account_matches_record'
    test/integration/active_storage_authorization_test.rb:245:in 'block in ActiveStorageAuthorizationTest#attach_blob_to_card'
    test/integration/active_storage_authorization_test.rb:244:in 'ActiveStorageAuthorizationTest#attach_blob_to_card'
    test/integration/active_storage_authorization_test.rb:9:in 'block in <class:ActiveStorageAuthorizationTest>'

bin/rails test test/integration/active_storage_authorization_test.rb:50

E

Error:
ActiveStorageAuthorizationTest#test_unauthenticated_user_cannot_view_blob:
NoMethodError: undefined method 'account_id' for an instance of ActiveStorage::Blob
    config/initializers/active_storage_no_reuse.rb:35:in 'ActiveStorage::Attachment#blob_account_matches_record'
    test/integration/active_storage_authorization_test.rb:245:in 'block in ActiveStorageAuthorizationTest#attach_blob_to_card'
    test/integration/active_storage_authorization_test.rb:244:in 'ActiveStorageAuthorizationTest#attach_blob_to_card'
    test/integration/active_storage_authorization_test.rb:9:in 'block in <class:ActiveStorageAuthorizationTest>'

bin/rails test test/integration/active_storage_authorization_test.rb:36

E

Error:
ActiveStorageAuthorizationTest#test_authenticated_user_with_board_access_can_view_representation:
NoMethodError: undefined method 'account_id' for an instance of ActiveStorage::Blob
    config/initializers/active_storage_no_reuse.rb:35:in 'ActiveStorage::Attachment#blob_account_matches_record'
    test/integration/active_storage_authorization_test.rb:245:in 'block in ActiveStorageAuthorizationTest#attach_blob_to_card'
    test/integration/active_storage_authorization_test.rb:244:in 'ActiveStorageAuthorizationTest#attach_blob_to_card'
    test/integration/active_storage_authorization_test.rb:9:in 'block in <class:ActiveStorageAuthorizationTest>'

bin/rails test test/integration/active_storage_authorization_test.rb:42

E

Error:
ActiveStorageAuthorizationTest#test_authenticated_user_with_board_access_can_view_blob:
NoMethodError: undefined method 'account_id' for an instance of ActiveStorage::Blob
    config/initializers/active_storage_no_reuse.rb:35:in 'ActiveStorage::Attachment#blob_account_matches_record'
    test/integration/active_storage_authorization_test.rb:245:in 'block in ActiveStorageAuthorizationTest#attach_blob_to_card'
    test/integration/active_storage_authorization_test.rb:244:in 'ActiveStorageAuthorizationTest#attach_blob_to_card'
    test/integration/active_storage_authorization_test.rb:9:in 'block in <class:ActiveStorageAuthorizationTest>'

bin/rails test test/integration/active_storage_authorization_test.rb:12

E

Error:
ActiveStorageAuthorizationTest#test_unauthenticated_user_can_view_rich_text_embed_in_comment_on_published_board:
NoMethodError: undefined method 'account_id' for an instance of ActiveStorage::Blob
    config/initializers/active_storage_no_reuse.rb:35:in 'ActiveStorage::Attachment#blob_account_matches_record'
    test/integration/active_storage_authorization_test.rb:245:in 'block in ActiveStorageAuthorizationTest#attach_blob_to_card'
    test/integration/active_storage_authorization_test.rb:244:in 'ActiveStorageAuthorizationTest#attach_blob_to_card'
    test/integration/active_storage_authorization_test.rb:9:in 'block in <class:ActiveStorageAuthorizationTest>'

bin/rails test test/integration/active_storage_authorization_test.rb:144

.E

Error:
ActiveStorageAuthorizationTest#test_export_owner_can_download_their_export_with_bearer_token:
NoMethodError: undefined method 'account_id' for an instance of ActiveStorage::Blob
    config/initializers/active_storage_no_reuse.rb:35:in 'ActiveStorage::Attachment#blob_account_matches_record'
    test/integration/active_storage_authorization_test.rb:245:in 'block in ActiveStorageAuthorizationTest#attach_blob_to_card'
    test/integration/active_storage_authorization_test.rb:244:in 'ActiveStorageAuthorizationTest#attach_blob_to_card'
    test/integration/active_storage_authorization_test.rb:9:in 'block in <class:ActiveStorageAuthorizationTest>'

bin/rails test test/integration/active_storage_authorization_test.rb:215

E

Error:
ActiveStorageAuthorizationTest#test_authenticated_user_without_board_access_cannot_view_rich_text_embed_in_card:
NoMethodError: undefined method 'account_id' for an instance of ActiveStorage::Blob
    config/initializers/active_storage_no_reuse.rb:35:in 'ActiveStorage::Attachment#blob_account_matches_record'
    test/integration/active_storage_authorization_test.rb:245:in 'block in ActiveStorageAuthorizationTest#attach_blob_to_card'
    test/integration/active_storage_authorization_test.rb:244:in 'ActiveStorageAuthorizationTest#attach_blob_to_card'
    test/integration/active_storage_authorization_test.rb:9:in 'block in <class:ActiveStorageAuthorizationTest>'

bin/rails test test/integration/active_storage_authorization_test.rb:102

E

Error:
ActiveStorageAuthorizationTest#test_unauthenticated_user_can_view_rich_text_embed_in_card_on_published_board:
NoMethodError: undefined method 'account_id' for an instance of ActiveStorage::Blob
    config/initializers/active_storage_no_reuse.rb:35:in 'ActiveStorage::Attachment#blob_account_matches_record'
    test/integration/active_storage_authorization_test.rb:245:in 'block in ActiveStorageAuthorizationTest#attach_blob_to_card'
    test/integration/active_storage_authorization_test.rb:244:in 'ActiveStorageAuthorizationTest#attach_blob_to_card'
    test/integration/active_storage_authorization_test.rb:9:in 'block in <class:ActiveStorageAuthorizationTest>'

bin/rails test test/integration/active_storage_authorization_test.rb:111

......................E

Error:
Account::IncineratableTest#test_incinerate_destroys_account:
NameError: undefined local variable or method 'account' for an instance of Account
    app/models/account/incineratable.rb:14:in 'block (2 levels) in Account::Incineratable#incinerate'
    app/models/storage/entry.rb:12:in 'Storage::Entry.suppressing_recording'
    app/models/account/incineratable.rb:14:in 'block in Account::Incineratable#incinerate'
    app/models/account/incineratable.rb:13:in 'Account::Incineratable#incinerate'
    test/models/account/incineratable_test.rb:11:in 'block (2 levels) in <class:IncineratableTest>'
    test/models/account/incineratable_test.rb:10:in 'block in <class:IncineratableTest>'

bin/rails test test/models/account/incineratable_test.rb:9

E

Error:
Account::IncineratableTest#test_incinerating_an_account_clears_its_own_search_records_but_preserves_others_on_the_same_shard:
NameError: undefined local variable or method 'account' for an instance of Account
    app/models/account/incineratable.rb:14:in 'block (2 levels) in Account::Incineratable#incinerate'
    app/models/storage/entry.rb:12:in 'Storage::Entry.suppressing_recording'
    app/models/account/incineratable.rb:14:in 'block in Account::Incineratable#incinerate'
    app/models/account/incineratable.rb:13:in 'Account::Incineratable#incinerate'
    test/models/account/incineratable_test.rb:213:in 'block in <class:IncineratableTest>'

bin/rails test test/models/account/incineratable_test.rb:180

............E

Error:
Account::ImportTest#test_check_sets_failure_reason_to_conflict_when_records_already_exist:
ActiveRecord::StatementInvalid: SQLite3::SQLException: no such column: user_settings.account_id:
SELECT "user_settings".* FROM "user_settings" WHERE "user_settings"."account_id" = ? ORDER BY "user_settings"."id" ASC LIMIT ?
                                                    ^
    app/models/account/data_transfer/record_set.rb:24:in 'block in Account::DataTransfer::RecordSet#export'
    app/models/account/data_transfer/record_set.rb:58:in 'Account::DataTransfer::RecordSet#with_zip'
    app/models/account/data_transfer/record_set.rb:19:in 'Account::DataTransfer::RecordSet#export'
    app/models/account/export.rb:9:in 'block in Account::Export#populate_zip'
    app/models/account/data_transfer/manifest.rb:16:in 'block in Account::DataTransfer::Manifest#each_record_set'
    app/models/account/data_transfer/manifest.rb:14:in 'Array#each'
    app/models/account/data_transfer/manifest.rb:14:in 'Account::DataTransfer::Manifest#each_record_set'
    app/models/account/export.rb:8:in 'Account::Export#populate_zip'
    app/models/export.rb:25:in 'block (2 levels) in Export#build'
    app/models/zip_file.rb:15:in 'block in ZipFile.create_for'
    app/models/zip_file.rb:75:in 'ZipFile.create_for_disk'
    app/models/zip_file.rb:15:in 'ZipFile.create_for'
    app/models/export.rb:24:in 'block in Export#build'
    app/models/export.rb:53:in 'block in Export#with_context'
    app/models/export.rb:49:in 'Export#with_context'
    app/models/export.rb:23:in 'Export#build'
    test/models/account/import_test.rb:156:in 'block in <class:ImportTest>'

bin/rails test test/models/account/import_test.rb:150

E

Error:
Account::ImportTest#test_import_reconciles_cards_count_so_new_cards_get_correct_numbers:
ActiveRecord::StatementInvalid: SQLite3::SQLException: no such column: user_settings.account_id:
SELECT "user_settings".* FROM "user_settings" WHERE "user_settings"."account_id" = ? ORDER BY "user_settings"."id" ASC LIMIT ?
                                                    ^
    app/models/account/data_transfer/record_set.rb:24:in 'block in Account::DataTransfer::RecordSet#export'
    app/models/account/data_transfer/record_set.rb:58:in 'Account::DataTransfer::RecordSet#with_zip'
    app/models/account/data_transfer/record_set.rb:19:in 'Account::DataTransfer::RecordSet#export'
    app/models/account/export.rb:9:in 'block in Account::Export#populate_zip'
    app/models/account/data_transfer/manifest.rb:16:in 'block in Account::DataTransfer::Manifest#each_record_set'
    app/models/account/data_transfer/manifest.rb:14:in 'Array#each'
    app/models/account/data_transfer/manifest.rb:14:in 'Account::DataTransfer::Manifest#each_record_set'
    app/models/account/export.rb:8:in 'Account::Export#populate_zip'
    app/models/export.rb:25:in 'block (2 levels) in Export#build'
    app/models/zip_file.rb:15:in 'block in ZipFile.create_for'
    app/models/zip_file.rb:75:in 'ZipFile.create_for_disk'
    app/models/zip_file.rb:15:in 'ZipFile.create_for'
    app/models/export.rb:24:in 'block in Export#build'
    app/models/export.rb:53:in 'block in Export#with_context'
    app/models/export.rb:49:in 'Export#with_context'
    app/models/export.rb:23:in 'Export#build'
    test/models/account/import_test.rb:72:in 'block in <class:ImportTest>'

bin/rails test test/models/account/import_test.rb:65

E

Error:
Account::ImportTest#test_export_and_import_round-trip_preserves_blobs_and_attachments:
ActiveRecord::StatementInvalid: SQLite3::SQLException: no such column: active_storage_blobs.account:
SELECT COUNT(*) FROM "active_storage_blobs" WHERE "active_storage_blobs"."account" = ?
                                                  ^
    test/models/account/import_test.rb:188:in 'block in <class:ImportTest>'

bin/rails test test/models/account/import_test.rb:177

.E

Error:
Account::ImportTest#test_check_sets_failure_reason_to_invalid_export_for_non-Fizzy_ZIP:
NoMethodError: undefined method 'account_id' for an instance of ActiveStorage::Blob
    config/initializers/active_storage_no_reuse.rb:35:in 'ActiveStorage::Attachment#blob_account_matches_record'
    test/models/account/import_test.rb:117:in 'block (2 levels) in <class:ImportTest>'
    test/models/account/import_test.rb:116:in 'block in <class:ImportTest>'

bin/rails test test/models/account/import_test.rb:104

.......E

Error:
Account::IncineratableTest#test_incinerate_destroys_all_associated_records:
ActiveModel::UnknownAttributeError: unknown attribute 'user' for Search::Query.
    test/models/account/incineratable_test.rb:42:in 'block in <class:IncineratableTest>'

bin/rails test test/models/account/incineratable_test.rb:27

...........E

Error:
Account::ImportTest#test_check_sets_failure_reason_to_invalid_export_for_non-ZIP_file:
NoMethodError: undefined method 'account_id' for an instance of ActiveStorage::Blob
    config/initializers/active_storage_no_reuse.rb:35:in 'ActiveStorage::Attachment#blob_account_matches_record'
    test/models/account/import_test.rb:138:in 'block (2 levels) in <class:ImportTest>'
    test/models/account/import_test.rb:137:in 'block in <class:ImportTest>'

bin/rails test test/models/account/import_test.rb:129

E

Error:
Account::ImportTest#test_cleanup_destroys_accounts_for_failed_imports_older_than_7_days:
ActiveRecord::StatementInvalid: SQLite3::SQLException: no such column: search_queries.account_id:
DELETE FROM "search_queries" WHERE "search_queries"."account_id" = ?
                                   ^
    app/models/account/import.rb:68:in 'Account::Import#cleanup'
    app/models/account/import.rb:15:in 'Account::Import.cleanup'
    test/models/account/import_test.rb:22:in 'block in <class:ImportTest>'

bin/rails test test/models/account/import_test.rb:15

.E

Error:
Account::ImportTest#test_export_and_import_round-trip_preserves_account_data:
ActiveRecord::StatementInvalid: SQLite3::SQLException: no such column: user_settings.account_id:
SELECT "user_settings".* FROM "user_settings" WHERE "user_settings"."account_id" = ? ORDER BY "user_settings"."id" ASC LIMIT ?
                                                    ^
    app/models/account/data_transfer/record_set.rb:24:in 'block in Account::DataTransfer::RecordSet#export'
    app/models/account/data_transfer/record_set.rb:58:in 'Account::DataTransfer::RecordSet#with_zip'
    app/models/account/data_transfer/record_set.rb:19:in 'Account::DataTransfer::RecordSet#export'
    app/models/account/export.rb:9:in 'block in Account::Export#populate_zip'
    app/models/account/data_transfer/manifest.rb:16:in 'block in Account::DataTransfer::Manifest#each_record_set'
    app/models/account/data_transfer/manifest.rb:14:in 'Array#each'
    app/models/account/data_transfer/manifest.rb:14:in 'Account::DataTransfer::Manifest#each_record_set'
    app/models/account/export.rb:8:in 'Account::Export#populate_zip'
    app/models/export.rb:25:in 'block (2 levels) in Export#build'
    app/models/zip_file.rb:15:in 'block in ZipFile.create_for'
    app/models/zip_file.rb:75:in 'ZipFile.create_for_disk'
    app/models/zip_file.rb:15:in 'ZipFile.create_for'
    app/models/export.rb:24:in 'block in Export#build'
    app/models/export.rb:53:in 'block in Export#with_context'
    app/models/export.rb:49:in 'Export#with_context'
    app/models/export.rb:23:in 'Export#build'
    test/models/account/import_test.rb:38:in 'block in <class:ImportTest>'

bin/rails test test/models/account/import_test.rb:30

....................E

Error:
Card::SearchableTest#test_card_search:
DRb::DRbRemoteError: SQLite3::SQLException: no such column: search_queries.account_id:
DELETE FROM "search_queries" WHERE "search_queries"."account_id" = ?
                                   ^ (ActiveRecord::StatementInvalid)
    test/test_helpers/search_test_helper.rb:26:in 'SearchTestHelper#teardown_search_test'

bin/rails test test/models/card/searchable_test.rb:16

..E

Error:
Card::SearchableTest#test_updating_a_draft_card_does_not_index_it:
DRb::DRbRemoteError: SQLite3::SQLException: no such column: search_queries.account_id:
DELETE FROM "search_queries" WHERE "search_queries"."account_id" = ?
                                   ^ (ActiveRecord::StatementInvalid)
    test/test_helpers/search_test_helper.rb:26:in 'SearchTestHelper#teardown_search_test'

bin/rails test test/models/card/searchable_test.rb:92

..E

Error:
Card::SearchableTest#test_deleting_card_removes_search_record_and_FTS_entry:
DRb::DRbRemoteError: SQLite3::SQLException: no such column: search_queries.account_id:
DELETE FROM "search_queries" WHERE "search_queries"."account_id" = ?
                                   ^ (ActiveRecord::StatementInvalid)
    test/test_helpers/search_test_helper.rb:26:in 'SearchTestHelper#teardown_search_test'

bin/rails test test/models/card/searchable_test.rb:63

.E

Error:
Card::SearchableTest#test_search_content_is_truncated_to_a_reasonable_limit:
DRb::DRbRemoteError: SQLite3::SQLException: no such column: search_queries.account_id:
DELETE FROM "search_queries" WHERE "search_queries"."account_id" = ?
                                   ^ (ActiveRecord::StatementInvalid)
    test/test_helpers/search_test_helper.rb:26:in 'SearchTestHelper#teardown_search_test'

bin/rails test test/models/card/searchable_test.rb:45

.....E

Error:
Card::SearchableTest#test_publishing_a_draft_card_indexes_it:
DRb::DRbRemoteError: SQLite3::SQLException: no such column: search_queries.account_id:
DELETE FROM "search_queries" WHERE "search_queries"."account_id" = ?
                                   ^ (ActiveRecord::StatementInvalid)
    test/test_helpers/search_test_helper.rb:26:in 'SearchTestHelper#teardown_search_test'

bin/rails test test/models/card/searchable_test.rb:106

....E

Error:
Card::SearchableTest#test_unpublishing_a_draft_card_removes_it_from_the_search_index:
DRb::DRbRemoteError: SQLite3::SQLException: no such column: search_queries.account_id:
DELETE FROM "search_queries" WHERE "search_queries"."account_id" = ?
                                   ^ (ActiveRecord::StatementInvalid)
    test/test_helpers/search_test_helper.rb:26:in 'SearchTestHelper#teardown_search_test'

bin/rails test test/models/card/searchable_test.rb:121

E

Error:
Card::SearchableTest#test_searchable?_returns_true_for_published_cards:
DRb::DRbRemoteError: SQLite3::SQLException: no such column: search_queries.account_id:
DELETE FROM "search_queries" WHERE "search_queries"."account_id" = ?
                                   ^ (ActiveRecord::StatementInvalid)
    test/test_helpers/search_test_helper.rb:26:in 'SearchTestHelper#teardown_search_test'

bin/rails test test/models/card/searchable_test.rb:6

.E

Error:
Account::DataTransfer::RecordSetTest#test_check_rejects_non-ActiveRecord_class_used_as_polymorphic_type:
ActiveRecord::StatementInvalid: SQLite3::SQLException: no such column: search_queries.account_id:
DELETE FROM "search_queries" WHERE "search_queries"."account_id" = ?
                                   ^
    test/models/account/data_transfer/record_set_test.rb:91:in 'Account::DataTransfer::RecordSetTest#teardown'

bin/rails test test/models/account/data_transfer/record_set_test.rb:32

E

Error:
Card::SearchableTest#test_searchable?_returns_false_for_draft_cards:
DRb::DRbRemoteError: SQLite3::SQLException: no such column: search_queries.account_id:
DELETE FROM "search_queries" WHERE "search_queries"."account_id" = ?
                                   ^ (ActiveRecord::StatementInvalid)
    test/test_helpers/search_test_helper.rb:26:in 'SearchTestHelper#teardown_search_test'

bin/rails test test/models/card/searchable_test.rb:11

E

Error:
Account::DataTransfer::RecordSetTest#test_check_rejects_polymorphic_type_not_in_the_importable_models_allowlist:
ActiveRecord::StatementInvalid: SQLite3::SQLException: no such column: search_queries.account_id:
DELETE FROM "search_queries" WHERE "search_queries"."account_id" = ?
                                   ^
    test/models/account/data_transfer/record_set_test.rb:91:in 'Account::DataTransfer::RecordSetTest#teardown'

bin/rails test test/models/account/data_transfer/record_set_test.rb:8

..E

Error:
Account::ExportTest#test_build_generates_zip_with_account_data:
ActiveRecord::StatementInvalid: SQLite3::SQLException: no such column: user_settings.account_id:
SELECT "user_settings".* FROM "user_settings" WHERE "user_settings"."account_id" = ? ORDER BY "user_settings"."id" ASC LIMIT ?
                                                    ^
    app/models/account/data_transfer/record_set.rb:24:in 'block in Account::DataTransfer::RecordSet#export'
    app/models/account/data_transfer/record_set.rb:58:in 'Account::DataTransfer::RecordSet#with_zip'
    app/models/account/data_transfer/record_set.rb:19:in 'Account::DataTransfer::RecordSet#export'
    app/models/account/export.rb:9:in 'block in Account::Export#populate_zip'
    app/models/account/data_transfer/manifest.rb:16:in 'block in Account::DataTransfer::Manifest#each_record_set'
    app/models/account/data_transfer/manifest.rb:14:in 'Array#each'
    app/models/account/data_transfer/manifest.rb:14:in 'Account::DataTransfer::Manifest#each_record_set'
    app/models/account/export.rb:8:in 'Account::Export#populate_zip'
    app/models/export.rb:25:in 'block (2 levels) in Export#build'
    app/models/zip_file.rb:15:in 'block in ZipFile.create_for'
    app/models/zip_file.rb:75:in 'ZipFile.create_for_disk'
    app/models/zip_file.rb:15:in 'ZipFile.create_for'
    app/models/export.rb:24:in 'block in Export#build'
    app/models/export.rb:53:in 'block in Export#with_context'
    app/models/export.rb:49:in 'Export#with_context'
    app/models/export.rb:23:in 'Export#build'
    test/models/account/export_test.rb:38:in 'block in <class:ExportTest>'

bin/rails test test/models/account/export_test.rb:35

E

Error:
Account::ExportTest#test_export_excludes_blobs_and_attachments_from_previous_exports:
ActiveRecord::StatementInvalid: SQLite3::SQLException: no such column: user_settings.account_id:
SELECT "user_settings".* FROM "user_settings" WHERE "user_settings"."account_id" = ? ORDER BY "user_settings"."id" ASC LIMIT ?
                                                    ^
    app/models/account/data_transfer/record_set.rb:24:in 'block in Account::DataTransfer::RecordSet#export'
    app/models/account/data_transfer/record_set.rb:58:in 'Account::DataTransfer::RecordSet#with_zip'
    app/models/account/data_transfer/record_set.rb:19:in 'Account::DataTransfer::RecordSet#export'
    app/models/account/export.rb:9:in 'block in Account::Export#populate_zip'
    app/models/account/data_transfer/manifest.rb:16:in 'block in Account::DataTransfer::Manifest#each_record_set'
    app/models/account/data_transfer/manifest.rb:14:in 'Array#each'
    app/models/account/data_transfer/manifest.rb:14:in 'Account::DataTransfer::Manifest#each_record_set'
    app/models/account/export.rb:8:in 'Account::Export#populate_zip'
    app/models/export.rb:25:in 'block (2 levels) in Export#build'
    app/models/zip_file.rb:15:in 'block in ZipFile.create_for'
    app/models/zip_file.rb:75:in 'ZipFile.create_for_disk'
    app/models/zip_file.rb:15:in 'ZipFile.create_for'
    app/models/export.rb:24:in 'block in Export#build'
    app/models/export.rb:53:in 'block in Export#with_context'
    app/models/export.rb:49:in 'Export#with_context'
    app/models/export.rb:23:in 'Export#build'
    test/models/account/export_test.rb:65:in 'block in <class:ExportTest>'

bin/rails test test/models/account/export_test.rb:63

.E

Error:
Account::ExportTest#test_build_includes_blob_files_in_zip:
ActiveRecord::StatementInvalid: SQLite3::SQLException: no such column: user_settings.account_id:
SELECT "user_settings".* FROM "user_settings" WHERE "user_settings"."account_id" = ? ORDER BY "user_settings"."id" ASC LIMIT ?
                                                    ^
    app/models/account/data_transfer/record_set.rb:24:in 'block in Account::DataTransfer::RecordSet#export'
    app/models/account/data_transfer/record_set.rb:58:in 'Account::DataTransfer::RecordSet#with_zip'
    app/models/account/data_transfer/record_set.rb:19:in 'Account::DataTransfer::RecordSet#export'
    app/models/account/export.rb:9:in 'block in Account::Export#populate_zip'
    app/models/account/data_transfer/manifest.rb:16:in 'block in Account::DataTransfer::Manifest#each_record_set'
    app/models/account/data_transfer/manifest.rb:14:in 'Array#each'
    app/models/account/data_transfer/manifest.rb:14:in 'Account::DataTransfer::Manifest#each_record_set'
    app/models/account/export.rb:8:in 'Account::Export#populate_zip'
    app/models/export.rb:25:in 'block (2 levels) in Export#build'
    app/models/zip_file.rb:15:in 'block in ZipFile.create_for'
    app/models/zip_file.rb:75:in 'ZipFile.create_for_disk'
    app/models/zip_file.rb:15:in 'ZipFile.create_for'
    app/models/export.rb:24:in 'block in Export#build'
    app/models/export.rb:53:in 'block in Export#with_context'
    app/models/export.rb:49:in 'Export#with_context'
    app/models/export.rb:23:in 'Export#build'
    test/models/account/export_test.rb:53:in 'block in <class:ExportTest>'

bin/rails test test/models/account/export_test.rb:45

...........E

Error:
Account::DataTransfer::RecordSetTest#test_check_rejects_nonexistent_polymorphic_type:
ActiveRecord::StatementInvalid: SQLite3::SQLException: no such column: search_queries.account_id:
DELETE FROM "search_queries" WHERE "search_queries"."account_id" = ?
                                   ^
    test/models/account/data_transfer/record_set_test.rb:91:in 'Account::DataTransfer::RecordSetTest#teardown'

bin/rails test test/models/account/data_transfer/record_set_test.rb:20

.E

Error:
Account::DataTransfer::RecordSetTest#test_check_accepts_polymorphic_type_in_the_importable_models_allowlist:
ActiveRecord::StatementInvalid: SQLite3::SQLException: no such column: search_queries.account_id:
DELETE FROM "search_queries" WHERE "search_queries"."account_id" = ?
                                   ^
    test/models/account/data_transfer/record_set_test.rb:91:in 'Account::DataTransfer::RecordSetTest#teardown'

bin/rails test test/models/account/data_transfer/record_set_test.rb:44

..E

Error:
Account::ExportTest#test_build_includes_variant_records_and_their_attachments_in_zip:
ActiveRecord::StatementInvalid: SQLite3::SQLException: no such column: user_settings.account_id:
SELECT "user_settings".* FROM "user_settings" WHERE "user_settings"."account_id" = ? ORDER BY "user_settings"."id" ASC LIMIT ?
                                                    ^
    app/models/account/data_transfer/record_set.rb:24:in 'block in Account::DataTransfer::RecordSet#export'
    app/models/account/data_transfer/record_set.rb:58:in 'Account::DataTransfer::RecordSet#with_zip'
    app/models/account/data_transfer/record_set.rb:19:in 'Account::DataTransfer::RecordSet#export'
    app/models/account/export.rb:9:in 'block in Account::Export#populate_zip'
    app/models/account/data_transfer/manifest.rb:16:in 'block in Account::DataTransfer::Manifest#each_record_set'
    app/models/account/data_transfer/manifest.rb:14:in 'Array#each'
    app/models/account/data_transfer/manifest.rb:14:in 'Account::DataTransfer::Manifest#each_record_set'
    app/models/account/export.rb:8:in 'Account::Export#populate_zip'
    app/models/export.rb:25:in 'block (2 levels) in Export#build'
    app/models/zip_file.rb:15:in 'block in ZipFile.create_for'
    app/models/zip_file.rb:75:in 'ZipFile.create_for_disk'
    app/models/zip_file.rb:15:in 'ZipFile.create_for'
    app/models/export.rb:24:in 'block in Export#build'
    app/models/export.rb:53:in 'block in Export#with_context'
    app/models/export.rb:49:in 'Export#with_context'
    app/models/export.rb:23:in 'Export#build'
    test/models/account/export_test.rb:116:in 'block in <class:ExportTest>'

bin/rails test test/models/account/export_test.rb:94

..E

Error:
Account::ExportTest#test_build_succeeds_when_rich_text_references_missing_blob:
ActiveRecord::StatementInvalid: SQLite3::SQLException: no such column: user_settings.account_id:
SELECT "user_settings".* FROM "user_settings" WHERE "user_settings"."account_id" = ? ORDER BY "user_settings"."id" ASC LIMIT ?
                                                    ^
    app/models/account/data_transfer/record_set.rb:24:in 'block in Account::DataTransfer::RecordSet#export'
    app/models/account/data_transfer/record_set.rb:58:in 'Account::DataTransfer::RecordSet#with_zip'
    app/models/account/data_transfer/record_set.rb:19:in 'Account::DataTransfer::RecordSet#export'
    app/models/account/export.rb:9:in 'block in Account::Export#populate_zip'
    app/models/account/data_transfer/manifest.rb:16:in 'block in Account::DataTransfer::Manifest#each_record_set'
    app/models/account/data_transfer/manifest.rb:14:in 'Array#each'
    app/models/account/data_transfer/manifest.rb:14:in 'Account::DataTransfer::Manifest#each_record_set'
    app/models/account/export.rb:8:in 'Account::Export#populate_zip'
    app/models/export.rb:25:in 'block (2 levels) in Export#build'
    app/models/zip_file.rb:15:in 'block in ZipFile.create_for'
    app/models/zip_file.rb:75:in 'ZipFile.create_for_disk'
    app/models/zip_file.rb:15:in 'ZipFile.create_for'
    app/models/export.rb:24:in 'block in Export#build'
    app/models/export.rb:53:in 'block in Export#with_context'
    app/models/export.rb:49:in 'Export#with_context'
    app/models/export.rb:23:in 'Export#build'
    test/models/account/export_test.rb:146:in 'block in <class:ExportTest>'

bin/rails test test/models/account/export_test.rb:134

...............................................E

Error:
User::DataExportTest#test_build_includes_only_accessible_cards_for_user:
NoMethodError: undefined method 'account_id' for an instance of ActiveStorage::Blob
    config/initializers/active_storage_no_reuse.rb:35:in 'ActiveStorage::Attachment#blob_account_matches_record'
    app/models/export.rb:31:in 'Export#build'
    test/models/user/data_export_test.rb:35:in 'block in <class:DataExportTest>'

bin/rails test test/models/user/data_export_test.rb:31

.E

Error:
User::DataExportTest#test_build_sends_email_when_completed:
NoMethodError: undefined method 'account_id' for an instance of ActiveStorage::Blob
    config/initializers/active_storage_no_reuse.rb:35:in 'ActiveStorage::Attachment#blob_account_matches_record'
    app/models/export.rb:31:in 'Export#build'
    test/models/user/data_export_test.rb:27:in 'block (2 levels) in <class:DataExportTest>'
    test/models/user/data_export_test.rb:26:in 'block in <class:DataExportTest>'

bin/rails test test/models/user/data_export_test.rb:23

..E

Error:
User::DataExportTest#test_build_sets_status_to_processing_then_completed:
NoMethodError: undefined method 'account_id' for an instance of ActiveStorage::Blob
    config/initializers/active_storage_no_reuse.rb:35:in 'ActiveStorage::Attachment#blob_account_matches_record'
    app/models/export.rb:31:in 'Export#build'
    test/models/user/data_export_test.rb:17:in 'block in <class:DataExportTest>'

bin/rails test test/models/user/data_export_test.rb:14

.E

Error:
User::DataExportTest#test_build_generates_zip_with_card_JSON_files:
NoMethodError: undefined method 'account_id' for an instance of ActiveStorage::Blob
    config/initializers/active_storage_no_reuse.rb:35:in 'ActiveStorage::Attachment#blob_account_matches_record'
    app/models/export.rb:31:in 'Export#build'
    test/models/user/data_export_test.rb:7:in 'block in <class:DataExportTest>'

bin/rails test test/models/user/data_export_test.rb:4

....................E

Error:
Storage::EntryTest#test_record_skips_entirely_when_account_is_destroyed:
ActiveRecord::StatementInvalid: SQLite3::SQLException: no such column: search_queries.account_id:
DELETE FROM "search_queries" WHERE "search_queries"."account_id" = ?
                                   ^
    test/models/storage/entry_test.rb:117:in 'block in <class:EntryTest>'

bin/rails test test/models/storage/entry_test.rb:115

...........................E

Error:
Card::TaggableTest#test_scope_tags_by_account:
DRb::DRbRemoteError: Couldn't find Tag with [WHERE "tags"."account_id" = ? AND "tags"."title" = ?] (ActiveRecord::RecordNotFound)
    app/models/card/taggable.rb:12:in 'Card::Taggable#toggle_tag_with'
    test/models/card/taggable_test.rb:23:in 'block (2 levels) in <class:TaggableTest>'
    test/models/card/taggable_test.rb:21:in 'block in <class:TaggableTest>'

bin/rails test test/models/card/taggable_test.rb:20

.....................E

Error:
Account::IncinerateDueJobTest#test_incinerates_each_old_cancelled_account:
NameError: undefined local variable or method 'account' for an instance of Account
    app/models/account/incineratable.rb:14:in 'block (2 levels) in Account::Incineratable#incinerate'
    app/models/storage/entry.rb:12:in 'Storage::Entry.suppressing_recording'
    app/models/account/incineratable.rb:14:in 'block in Account::Incineratable#incinerate'
    app/models/account/incineratable.rb:13:in 'Account::Incineratable#incinerate'
    app/jobs/account/incinerate_due_job.rb:9:in 'block (2 levels) in Account::IncinerateDueJob#perform'
    app/jobs/account/incinerate_due_job.rb:8:in 'block in Account::IncinerateDueJob#perform'
    app/jobs/account/incinerate_due_job.rb:7:in 'Account::IncinerateDueJob#perform'
    app/models/current.rb:22:in 'Current#with_account'
    app/jobs/concerns/account_tenanted.rb:34:in 'AccountTenanted#with_account_context'
    test/jobs/account/incinerate_due_job_test.rb:31:in 'block (2 levels) in <class:IncinerateDueJobTest>'
    test/jobs/account/incinerate_due_job_test.rb:30:in 'block in <class:IncinerateDueJobTest>'

bin/rails test test/jobs/account/incinerate_due_job_test.rb:24

E

Error:
Account::IncinerateDueJobTest#test_handles_cursor_pagination_correctly:
NameError: undefined local variable or method 'account' for an instance of Account
    app/models/account/incineratable.rb:14:in 'block (2 levels) in Account::Incineratable#incinerate'
    app/models/storage/entry.rb:12:in 'Storage::Entry.suppressing_recording'
    app/models/account/incineratable.rb:14:in 'block in Account::Incineratable#incinerate'
    app/models/account/incineratable.rb:13:in 'Account::Incineratable#incinerate'
    app/jobs/account/incinerate_due_job.rb:9:in 'block (2 levels) in Account::IncinerateDueJob#perform'
    app/jobs/account/incinerate_due_job.rb:8:in 'block in Account::IncinerateDueJob#perform'
    app/jobs/account/incinerate_due_job.rb:7:in 'Account::IncinerateDueJob#perform'
    app/models/current.rb:22:in 'Current#with_account'
    app/jobs/concerns/account_tenanted.rb:34:in 'AccountTenanted#with_account_context'
    test/jobs/account/incinerate_due_job_test.rb:51:in 'block (2 levels) in <class:IncinerateDueJobTest>'
    test/jobs/account/incinerate_due_job_test.rb:50:in 'block in <class:IncinerateDueJobTest>'

bin/rails test test/jobs/account/incinerate_due_job_test.rb:44

..................E

Error:
Storage::AttachmentTrackingTest#test_destroying_attachment_uses_snapshotted_IDs_from_before_destroy:
NoMethodError: undefined method 'account_id' for an instance of ActiveStorage::Blob
    config/initializers/active_storage_no_reuse.rb:35:in 'ActiveStorage::Attachment#blob_account_matches_record'
    test/models/storage/attachment_tracking_test.rb:63:in 'block in <class:AttachmentTrackingTest>'

bin/rails test test/models/storage/attachment_tracking_test.rb:62

..E

Error:
Storage::AttachmentTrackingTest#test_attaching_file_enqueues_MaterializeJob_for_account:
NoMethodError: undefined method 'account_id' for an instance of ActiveStorage::Blob
    config/initializers/active_storage_no_reuse.rb:35:in 'ActiveStorage::Attachment#blob_account_matches_record'
    test/models/storage/attachment_tracking_test.rb:34:in 'block (2 levels) in <class:AttachmentTrackingTest>'
    test/models/storage/attachment_tracking_test.rb:33:in 'block in <class:AttachmentTrackingTest>'

bin/rails test test/models/storage/attachment_tracking_test.rb:32

..E

Error:
Storage::AttachmentTrackingTest#test_attachment_tracking_handles_nil_board_gracefully:
NoMethodError: undefined method 'account_id' for an instance of ActiveStorage::Blob
    config/initializers/active_storage_no_reuse.rb:35:in 'ActiveStorage::Attachment#blob_account_matches_record'
    test/models/storage/attachment_tracking_test.rb:106:in 'block in <class:AttachmentTrackingTest>'

bin/rails test test/models/storage/attachment_tracking_test.rb:103

.E

Error:
Storage::AttachmentTrackingTest#test_replacing_attachment_creates_detach_and_attach_entries:
NoMethodError: undefined method 'account_id' for an instance of ActiveStorage::Blob
    config/initializers/active_storage_no_reuse.rb:35:in 'ActiveStorage::Attachment#blob_account_matches_record'
    test/models/storage/attachment_tracking_test.rb:115:in 'block in <class:AttachmentTrackingTest>'

bin/rails test test/models/storage/attachment_tracking_test.rb:113

E

Error:
Storage::AttachmentTrackingTest#test_attaching_file_enqueues_MaterializeJob_for_board:
NoMethodError: undefined method 'account_id' for an instance of ActiveStorage::Blob
    config/initializers/active_storage_no_reuse.rb:35:in 'ActiveStorage::Attachment#blob_account_matches_record'
    test/models/storage/attachment_tracking_test.rb:40:in 'block (2 levels) in <class:AttachmentTrackingTest>'
    test/models/storage/attachment_tracking_test.rb:39:in 'block in <class:AttachmentTrackingTest>'

bin/rails test test/models/storage/attachment_tracking_test.rb:38

..E

Error:
Storage::AttachmentTrackingTest#test_attaching_file_creates_storage_entry_with_positive_delta:
NoMethodError: undefined method 'account_id' for an instance of ActiveStorage::Blob
    config/initializers/active_storage_no_reuse.rb:35:in 'ActiveStorage::Attachment#blob_account_matches_record'
    test/models/storage/attachment_tracking_test.rb:17:in 'block (2 levels) in <class:AttachmentTrackingTest>'
    test/models/storage/attachment_tracking_test.rb:16:in 'block in <class:AttachmentTrackingTest>'

bin/rails test test/models/storage/attachment_tracking_test.rb:15

E

Error:
Storage::AttachmentTrackingTest#test_attachment_tracking_handles_card_deletion_gracefully:
NoMethodError: undefined method 'account_id' for an instance of ActiveStorage::Blob
    config/initializers/active_storage_no_reuse.rb:35:in 'ActiveStorage::Attachment#blob_account_matches_record'
    test/models/storage/attachment_tracking_test.rb:247:in 'block in <class:AttachmentTrackingTest>'

bin/rails test test/models/storage/attachment_tracking_test.rb:246

...E

Error:
Storage::AttachmentTrackingTest#test_destroying_attachment_creates_storage_entry_with_negative_delta:
NoMethodError: undefined method 'account_id' for an instance of ActiveStorage::Blob
    config/initializers/active_storage_no_reuse.rb:35:in 'ActiveStorage::Attachment#blob_account_matches_record'
    test/models/storage/attachment_tracking_test.rb:48:in 'block in <class:AttachmentTrackingTest>'

bin/rails test test/models/storage/attachment_tracking_test.rb:47

...........................................E

Error:
Cards::ImagesControllerTest#test_destroy:
NoMethodError: undefined method 'account_id' for an instance of ActiveStorage::Blob
    config/initializers/active_storage_no_reuse.rb:35:in 'ActiveStorage::Attachment#blob_account_matches_record'
    test/controllers/cards/images_controller_test.rb:10:in 'block in <class:ImagesControllerTest>'

bin/rails test test/controllers/cards/images_controller_test.rb:8

.......................................................................E

Error:
Cards::ImagesControllerTest#test_destroy_as_JSON:
NoMethodError: undefined method 'account_id' for an instance of ActiveStorage::Blob
    config/initializers/active_storage_no_reuse.rb:35:in 'ActiveStorage::Attachment#blob_account_matches_record'
    test/controllers/cards/images_controller_test.rb:22:in 'block in <class:ImagesControllerTest>'

bin/rails test test/controllers/cards/images_controller_test.rb:20

............E

Error:
Storage::ReconcileJobTest#test_reconcile_storage_creates_no_entry_when_ledger_matches_reality:
NoMethodError: undefined method 'account_id' for an instance of ActiveStorage::Blob
    config/initializers/active_storage_no_reuse.rb:35:in 'ActiveStorage::Attachment#blob_account_matches_record'
    test/jobs/storage/reconcile_job_test.rb:37:in 'block in <class:ReconcileJobTest>'

bin/rails test test/jobs/storage/reconcile_job_test.rb:36

..E

Error:
Storage::ReconcileJobTest#test_reconcile_storage_corrects_drift_when_ledger_undercounts:
NoMethodError: undefined method 'account_id' for an instance of ActiveStorage::Blob
    config/initializers/active_storage_no_reuse.rb:35:in 'ActiveStorage::Attachment#blob_account_matches_record'
    test/jobs/storage/reconcile_job_test.rb:12:in 'block in <class:ReconcileJobTest>'

bin/rails test test/jobs/storage/reconcile_job_test.rb:11

...................E

Error:
Account::DataTransfer::ActiveStorage::BlobKeyTraversalTest#test_import_with_path_traversal_blob_key_does_not_leak_local_files:
ActiveModel::UnknownAttributeError: unknown attribute 'account_id' for ActiveStorage::Blob.
    app/models/account/data_transfer/active_storage/blob_record_set.rb:29:in 'Account::DataTransfer::ActiveStorage::BlobRecordSet#import_batch'
    app/models/account/data_transfer/record_set.rb:34:in 'block (2 levels) in Account::DataTransfer::RecordSet#import'
    app/models/account/data_transfer/record_set.rb:33:in 'Array#each'
    app/models/account/data_transfer/record_set.rb:33:in 'Enumerable#each_slice'
    app/models/account/data_transfer/record_set.rb:33:in 'block in Account::DataTransfer::RecordSet#import'
    app/models/account/data_transfer/record_set.rb:58:in 'Account::DataTransfer::RecordSet#with_zip'
    app/models/account/data_transfer/record_set.rb:29:in 'Account::DataTransfer::RecordSet#import'
    test/integration/blob_key_traversal_test.rb:8:in 'block in <class:BlobKeyTraversalTest>'

bin/rails test test/integration/blob_key_traversal_test.rb:4

...................E

Error:
Users::DataExportsControllerTest#test_show_displays_completed_export_with_download_link:
NoMethodError: undefined method 'account_id' for an instance of ActiveStorage::Blob
    config/initializers/active_storage_no_reuse.rb:35:in 'ActiveStorage::Attachment#blob_account_matches_record'
    app/models/export.rb:31:in 'Export#build'
    test/controllers/users/data_exports_controller_test.rb:55:in 'block in <class:DataExportsControllerTest>'

bin/rails test test/controllers/users/data_exports_controller_test.rb:53

......................E

Error:
Filter::SearchTest#test_multiple_terms_all_match:
DRb::DRbRemoteError: SQLite3::SQLException: no such column: search_queries.account_id:
DELETE FROM "search_queries" WHERE "search_queries"."account_id" = ?
                                   ^ (ActiveRecord::StatementInvalid)
    test/test_helpers/search_test_helper.rb:26:in 'SearchTestHelper#teardown_search_test'

bin/rails test test/models/filter/search_test.rb:16

..............E

Error:
Storage::TrackedTest#test_storage_bytes_sums_direct_attachments_and_rich_text_embeds:
NoMethodError: undefined method 'account_id' for an instance of ActiveStorage::Blob
    config/initializers/active_storage_no_reuse.rb:35:in 'ActiveStorage::Attachment#blob_account_matches_record'
    test/models/storage/tracked_test.rb:34:in 'block in <class:TrackedTest>'

bin/rails test test/models/storage/tracked_test.rb:33

E

Error:
Storage::TrackedTest#test_attachments_for_storage_includes_both_direct_and_rich_text_attachments:
NoMethodError: undefined method 'account_id' for an instance of ActiveStorage::Blob
    config/initializers/active_storage_no_reuse.rb:35:in 'ActiveStorage::Attachment#blob_account_matches_record'
    test/models/storage/tracked_test.rb:271:in 'block in <class:TrackedTest>'

bin/rails test test/models/storage/tracked_test.rb:270

E

Error:
Storage::TrackedTest#test_non-board_updates_do_not_trigger_transfer_tracking:
NoMethodError: undefined method 'account_id' for an instance of ActiveStorage::Blob
    config/initializers/active_storage_no_reuse.rb:35:in 'ActiveStorage::Attachment#blob_account_matches_record'
    test/models/storage/tracked_test.rb:238:in 'block in <class:TrackedTest>'

bin/rails test test/models/storage/tracked_test.rb:237

.E

Error:
Storage::TrackedTest#test_board_transfer_net_effect_on_account_is_zero:
NoMethodError: undefined method 'account_id' for an instance of ActiveStorage::Blob
    config/initializers/active_storage_no_reuse.rb:35:in 'ActiveStorage::Attachment#blob_account_matches_record'
    test/models/storage/tracked_test.rb:198:in 'block in <class:TrackedTest>'

bin/rails test test/models/storage/tracked_test.rb:197

.....E

Error:
User::AvatarTest#test_rejects_images_that_are_too_wide:
NoMethodError: undefined method 'account_id' for an instance of ActiveStorage::Blob
    config/initializers/active_storage_no_reuse.rb:35:in 'ActiveStorage::Attachment#blob_account_matches_record'
    test/models/user/avatar_test.rb:38:in 'block in <class:AvatarTest>'

bin/rails test test/models/user/avatar_test.rb:37

E

Error:
User::AvatarTest#test_rejects_images_that_are_too_tall:
NoMethodError: undefined method 'account_id' for an instance of ActiveStorage::Blob
    config/initializers/active_storage_no_reuse.rb:35:in 'ActiveStorage::Attachment#blob_account_matches_record'
    test/models/user/avatar_test.rb:46:in 'block in <class:AvatarTest>'

bin/rails test test/models/user/avatar_test.rb:45

.................................E

Error:
Notification::BundleMailerTest#test_renders_avatar_with_external_image_URL_when_avatar_is_attached:
NoMethodError: undefined method 'account_id' for an instance of ActiveStorage::Blob
    config/initializers/active_storage_no_reuse.rb:35:in 'ActiveStorage::Attachment#blob_account_matches_record'
    test/mailers/notification/bundle_mailer_test.rb:27:in 'block in <class:BundleMailerTest>'

bin/rails test test/mailers/notification/bundle_mailer_test.rb:26

.........E

Error:
Users::DataExportsControllerTest#test_show_as_JSON_is_forbidden_for_other_users:
NoMethodError: undefined method 'account_id' for an instance of ActiveStorage::Blob
    config/initializers/active_storage_no_reuse.rb:35:in 'ActiveStorage::Attachment#blob_account_matches_record'
    app/models/export.rb:31:in 'Export#build'
    test/controllers/users/data_exports_controller_test.rb:155:in 'block in <class:DataExportsControllerTest>'

bin/rails test test/controllers/users/data_exports_controller_test.rb:152

........E

Error:
Users::DataExportsControllerTest#test_show_is_forbidden_for_other_users:
NoMethodError: undefined method 'account_id' for an instance of ActiveStorage::Blob
    config/initializers/active_storage_no_reuse.rb:35:in 'ActiveStorage::Attachment#blob_account_matches_record'
    app/models/export.rb:31:in 'Export#build'
    test/controllers/users/data_exports_controller_test.rb:145:in 'block in <class:DataExportsControllerTest>'

bin/rails test test/controllers/users/data_exports_controller_test.rb:142

..E

Error:
Users::DataExportsControllerTest#test_show_as_JSON_with_completed_export:
NoMethodError: undefined method 'account_id' for an instance of ActiveStorage::Blob
    config/initializers/active_storage_no_reuse.rb:35:in 'ActiveStorage::Attachment#blob_account_matches_record'
    app/models/export.rb:31:in 'Export#build'
    test/controllers/users/data_exports_controller_test.rb:86:in 'block in <class:DataExportsControllerTest>'

bin/rails test test/controllers/users/data_exports_controller_test.rb:84

..........E

Error:
Filter::SearchTest#test_deduplicate_multiple_results:
DRb::DRbRemoteError: SQLite3::SQLException: no such column: search_queries.account_id:
DELETE FROM "search_queries" WHERE "search_queries"."account_id" = ?
                                   ^ (ActiveRecord::StatementInvalid)
    test/test_helpers/search_test_helper.rb:26:in 'SearchTestHelper#teardown_search_test'

bin/rails test test/models/filter/search_test.rb:6

.......E

Error:
Storage::NoReuseTest#test_allows_attaching_blob_to_untracked_record_type:
NoMethodError: undefined method 'account_id' for an instance of ActiveStorage::Blob
    config/initializers/active_storage_no_reuse.rb:35:in 'ActiveStorage::Attachment#blob_account_matches_record'
    app/models/user/avatar.rb:48:in 'User::Avatar#avatar_dimensions_allowed'
    test/models/storage/no_reuse_test.rb:167:in 'block in <class:NoReuseTest>'

bin/rails test test/models/storage/no_reuse_test.rb:158

..F

Failure:
Storage::NoReuseTest#test_rejects_cross-account_blob_attachment [test/models/storage/no_reuse_test.rb:150]:
[ActiveRecord::RecordNotSaved] exception expected, not
Class: <NoMethodError>
Message: <"undefined method 'account_id' for an instance of ActiveStorage::Blob">
---Backtrace---
config/initializers/active_storage_no_reuse.rb:35:in 'ActiveStorage::Attachment#blob_account_matches_record'
test/models/storage/no_reuse_test.rb:151:in 'block (2 levels) in <class:NoReuseTest>'
test/models/storage/no_reuse_test.rb:150:in 'block in <class:NoReuseTest>'
---------------

bin/rails test test/models/storage/no_reuse_test.rb:139

.E

Error:
Storage::NoReuseTest#test_rejects_attaching_blob_that_already_has_tracked_attachment:
NoMethodError: undefined method 'account_id' for an instance of ActiveStorage::Blob
    config/initializers/active_storage_no_reuse.rb:35:in 'ActiveStorage::Attachment#blob_account_matches_record'
    test/models/storage/no_reuse_test.rb:23:in 'block in <class:NoReuseTest>'

bin/rails test test/models/storage/no_reuse_test.rb:15

E

Error:
Storage::NoReuseTest#test_allows_multiple_attachments_of_same_blob_to_untracked_record_types:
NoMethodError: undefined method 'account_id' for an instance of ActiveStorage::Blob
    config/initializers/active_storage_no_reuse.rb:35:in 'ActiveStorage::Attachment#blob_account_matches_record'
    app/models/user/avatar.rb:48:in 'User::Avatar#avatar_dimensions_allowed'
    test/models/storage/no_reuse_test.rb:182:in 'block in <class:NoReuseTest>'

bin/rails test test/models/storage/no_reuse_test.rb:173

...E

Error:
Storage::TrackedTest#test_board_transfer_creates_transfer_in_entry_for_new_board:
NoMethodError: undefined method 'account_id' for an instance of ActiveStorage::Blob
    config/initializers/active_storage_no_reuse.rb:35:in 'ActiveStorage::Attachment#blob_account_matches_record'
    test/models/storage/tracked_test.rb:65:in 'block in <class:TrackedTest>'

bin/rails test test/models/storage/tracked_test.rb:64

E

Error:
Storage::TrackedTest#test_attachments_for_storage_returns_all_direct_attachments:
NoMethodError: undefined method 'account_id' for an instance of ActiveStorage::Blob
    config/initializers/active_storage_no_reuse.rb:35:in 'ActiveStorage::Attachment#blob_account_matches_record'
    test/models/storage/tracked_test.rb:248:in 'block in <class:TrackedTest>'

bin/rails test test/models/storage/tracked_test.rb:247

E

Error:
Storage::TrackedTest#test_board_transfer_moves_card_image_and_description_embed_together:
NoMethodError: undefined method 'account_id' for an instance of ActiveStorage::Blob
    config/initializers/active_storage_no_reuse.rb:35:in 'ActiveStorage::Attachment#blob_account_matches_record'
    test/models/storage/tracked_test.rb:141:in 'block in <class:TrackedTest>'

bin/rails test test/models/storage/tracked_test.rb:140

E

Error:
Storage::TrackedTest#test_board_transfer_creates_transfer_out_entry_for_old_board:
NoMethodError: undefined method 'account_id' for an instance of ActiveStorage::Blob
    config/initializers/active_storage_no_reuse.rb:35:in 'ActiveStorage::Attachment#blob_account_matches_record'
    test/models/storage/tracked_test.rb:48:in 'block in <class:TrackedTest>'

bin/rails test test/models/storage/tracked_test.rb:47

E

Error:
Storage::TrackedTest#test_storage_bytes_sums_all_attachment_blob_sizes:
NoMethodError: undefined method 'account_id' for an instance of ActiveStorage::Blob
    config/initializers/active_storage_no_reuse.rb:35:in 'ActiveStorage::Attachment#blob_account_matches_record'
    test/models/storage/tracked_test.rb:17:in 'block in <class:TrackedTest>'

bin/rails test test/models/storage/tracked_test.rb:16

.E

Error:
Storage::TrackedTest#test_board_transfer_correctly_moves_storage_between_boards:
NoMethodError: undefined method 'account_id' for an instance of ActiveStorage::Blob
    config/initializers/active_storage_no_reuse.rb:35:in 'ActiveStorage::Attachment#blob_account_matches_record'
    test/models/storage/tracked_test.rb:214:in 'block in <class:TrackedTest>'

bin/rails test test/models/storage/tracked_test.rb:213

..............E

Error:
User::AvatarTest#test_accepts_images_within_dimension_limits:
NoMethodError: undefined method 'account_id' for an instance of ActiveStorage::Blob
    config/initializers/active_storage_no_reuse.rb:35:in 'ActiveStorage::Attachment#blob_account_matches_record'
    test/models/user/avatar_test.rb:54:in 'block in <class:AvatarTest>'

bin/rails test test/models/user/avatar_test.rb:53

E

Error:
User::AvatarTest#test_thumb_variant_is_processed_immediately_on_attachment:
NoMethodError: undefined method 'account_id' for an instance of ActiveStorage::Blob
    config/initializers/active_storage_no_reuse.rb:35:in 'ActiveStorage::Attachment#blob_account_matches_record'
    test/models/user/avatar_test.rb:32:in 'block in <class:AvatarTest>'

bin/rails test test/models/user/avatar_test.rb:31

E

Error:
User::AvatarTest#test_allows_valid_image_content_types:
NoMethodError: undefined method 'account_id' for an instance of ActiveStorage::Blob
    config/initializers/active_storage_no_reuse.rb:35:in 'ActiveStorage::Attachment#blob_account_matches_record'
    test/models/user/avatar_test.rb:19:in 'block in <class:AvatarTest>'

bin/rails test test/models/user/avatar_test.rb:18

E

Error:
User::AvatarTest#test_avatar_thumbnail_returns_variant_for_variable_images:
NoMethodError: undefined method 'account_id' for an instance of ActiveStorage::Blob
    config/initializers/active_storage_no_reuse.rb:35:in 'ActiveStorage::Attachment#blob_account_matches_record'
    test/models/user/avatar_test.rb:5:in 'block in <class:AvatarTest>'

bin/rails test test/models/user/avatar_test.rb:4

.E

Error:
Storage::TotaledTest#test_reconcile_storage_no-op_when_ledger_matches_reality:
NoMethodError: undefined method 'account_id' for an instance of ActiveStorage::Blob
    config/initializers/active_storage_no_reuse.rb:35:in 'ActiveStorage::Attachment#blob_account_matches_record'
    test/models/storage/totaled_test.rb:245:in 'block in <class:TotaledTest>'

bin/rails test test/models/storage/totaled_test.rb:242

..E

Error:
Storage::TotaledTest#test_reconcile_storage_aborts_when_entry_added_during_scan:
NoMethodError: undefined method 'account_id' for an instance of ActiveStorage::Blob
    config/initializers/active_storage_no_reuse.rb:35:in 'ActiveStorage::Attachment#blob_account_matches_record'
    test/models/storage/totaled_test.rb:280:in 'block in <class:TotaledTest>'

bin/rails test test/models/storage/totaled_test.rb:277

..E

Error:
Storage::TotaledTest#test_storage_total_is_destroyed_when_owner_is_destroyed:
ActiveRecord::StatementInvalid: SQLite3::SQLException: no such column: search_queries.account_id:
DELETE FROM "search_queries" WHERE "search_queries"."account_id" = ?
                                   ^
    test/models/storage/totaled_test.rb:182:in 'block in <class:TotaledTest>'

bin/rails test test/models/storage/totaled_test.rb:173

.........E

Error:
Storage::TotaledTest#test_reconcile_storage_creates_entry_for_drift:
NoMethodError: undefined method 'account_id' for an instance of ActiveStorage::Blob
    config/initializers/active_storage_no_reuse.rb:35:in 'ActiveStorage::Attachment#blob_account_matches_record'
    test/models/storage/totaled_test.rb:229:in 'block in <class:TotaledTest>'

bin/rails test test/models/storage/totaled_test.rb:226

.............................................E

Error:
Storage::NoReuseTest#test_purge_later_touches_the_record_to_invalidate_cache:
NoMethodError: undefined method 'account_id' for an instance of ActiveStorage::Blob
    config/initializers/active_storage_no_reuse.rb:35:in 'ActiveStorage::Attachment#blob_account_matches_record'
    test/models/storage/no_reuse_test.rb:75:in 'block in <class:NoReuseTest>'

bin/rails test test/models/storage/no_reuse_test.rb:73

..E

Error:
Storage::NoReuseTest#test_purge_touches_the_record_to_invalidate_cache:
NoMethodError: undefined method 'account_id' for an instance of ActiveStorage::Blob
    config/initializers/active_storage_no_reuse.rb:35:in 'ActiveStorage::Attachment#blob_account_matches_record'
    test/models/storage/no_reuse_test.rb:62:in 'block in <class:NoReuseTest>'

bin/rails test test/models/storage/no_reuse_test.rb:60

............................

Finished in 26.922174s, 57.2762 runs/s, 199.8353 assertions/s.
1542 runs, 5380 assertions, 1 failures, 139 errors, 2 skips

You have skipped tests. Run with --verbose for details.
