Running 1542 tests in parallel using 2 processes
Run options: --seed 56300

# Running:

..................................................................................................................................................................................................................................................................S......................................................................................................................................................S............................................................................................................................................................................................................................................................................................................................................................................................................................................................................................................................................................................................................................................................................................................................................................................................................................................................................................................................................................................................................................................................................................................................................................................

Finished in 30.406267s, 50.7132 runs/s, 191.7039 assertions/s.
1542 runs, 5829 assertions, 0 failures, 0 errors, 2 skips

You have skipped tests. Run with --verbose for details.
Running 7 tests in a single process (parallelization threshold is 50)
Run options: --seed 36749

# Running:

......Dropped database 'tmp/legacy.sqlite3'
== 20260710120000 AddAccountIdToRemainingTables: migrating ====================
-- column_exists?("accesses", :account_id)
   -> 0.0017s
-- add_column("accesses", :account_id, :uuid)
   -> 0.0011s
-- column_exists?("action_text_rich_texts", :account_id)
   -> 0.0011s
-- add_column("action_text_rich_texts", :account_id, :uuid)
   -> 0.0014s
-- column_exists?("active_storage_attachments", :account_id)
   -> 0.0009s
-- add_column("active_storage_attachments", :account_id, :uuid)
   -> 0.0007s
-- column_exists?("active_storage_blobs", :account_id)
   -> 0.0008s
-- add_column("active_storage_blobs", :account_id, :uuid)
   -> 0.0012s
-- column_exists?("active_storage_variant_records", :account_id)
   -> 0.0009s
-- add_column("active_storage_variant_records", :account_id, :uuid)
   -> 0.0007s
-- column_exists?("assignments", :account_id)
   -> 0.0011s
-- add_column("assignments", :account_id, :uuid)
   -> 0.0007s
-- column_exists?("board_publications", :account_id)
   -> 0.0007s
-- add_column("board_publications", :account_id, :uuid)
   -> 0.0006s
-- column_exists?("card_activity_spikes", :account_id)
   -> 0.0006s
-- add_column("card_activity_spikes", :account_id, :uuid)
   -> 0.0010s
-- column_exists?("card_goldnesses", :account_id)
   -> 0.0003s
-- add_column("card_goldnesses", :account_id, :uuid)
   -> 0.0011s
-- column_exists?("card_not_nows", :account_id)
   -> 0.0007s
-- add_column("card_not_nows", :account_id, :uuid)
   -> 0.0006s
-- column_exists?("closures", :account_id)
   -> 0.0011s
-- add_column("closures", :account_id, :uuid)
   -> 0.0006s
-- column_exists?("entropies", :account_id)
   -> 0.0006s
-- add_column("entropies", :account_id, :uuid)
   -> 0.0007s
-- column_exists?("mentions", :account_id)
   -> 0.0009s
-- add_column("mentions", :account_id, :uuid)
   -> 0.0007s
-- column_exists?("pins", :account_id)
   -> 0.0010s
-- add_column("pins", :account_id, :uuid)
   -> 0.0013s
-- column_exists?("reactions", :account_id)
   -> 0.0024s
-- add_column("reactions", :account_id, :uuid)
   -> 0.0007s
-- column_exists?("search_queries", :account_id)
   -> 0.0010s
-- add_column("search_queries", :account_id, :uuid)
   -> 0.0013s
-- column_exists?("taggings", :account_id)
   -> 0.0003s
-- add_column("taggings", :account_id, :uuid)
   -> 0.0014s
-- column_exists?("user_settings", :account_id)
   -> 0.0023s
-- add_column("user_settings", :account_id, :uuid)
   -> 0.0007s
-- column_exists?("watches", :account_id)
   -> 0.0008s
-- add_column("watches", :account_id, :uuid)
   -> 0.0006s
-- column_exists?("webhook_delinquency_trackers", :account_id)
   -> 0.0005s
-- add_column("webhook_delinquency_trackers", :account_id, :uuid)
   -> 0.0006s
-- column_exists?("webhook_deliveries", :account_id)
   -> 0.0008s
-- add_column("webhook_deliveries", :account_id, :uuid)
   -> 0.0006s
-- quote_table_name("boards")
   -> 0.0000s
-- quote_table_name("users")
   -> 0.0000s
-- quote_table_name("users")
   -> 0.0000s
-- quote_table_name("users")
   -> 0.0000s
-- quote_table_name("boards")
   -> 0.0000s
-- execute("UPDATE \"boards\"\nSET account_id = (SELECT \"users\".account_id FROM \"users\" WHERE \"users\".id = \"boards\".creator_id)\nWHERE account_id IS NULL\n")
   -> 0.0003s
-- quote_table_name("cards")
   -> 0.0000s
-- quote_table_name("boards")
   -> 0.0000s
-- quote_table_name("boards")
   -> 0.0000s
-- quote_table_name("boards")
   -> 0.0000s
-- quote_table_name("cards")
   -> 0.0000s
-- execute("UPDATE \"cards\"\nSET account_id = (SELECT \"boards\".account_id FROM \"boards\" WHERE \"boards\".id = \"cards\".board_id)\nWHERE account_id IS NULL\n")
   -> 0.0003s
-- quote_table_name("columns")
   -> 0.0000s
-- quote_table_name("boards")
   -> 0.0000s
-- quote_table_name("boards")
   -> 0.0000s
-- quote_table_name("boards")
   -> 0.0000s
-- quote_table_name("columns")
   -> 0.0000s
-- execute("UPDATE \"columns\"\nSET account_id = (SELECT \"boards\".account_id FROM \"boards\" WHERE \"boards\".id = \"columns\".board_id)\nWHERE account_id IS NULL\n")
   -> 0.0018s
-- quote_table_name("comments")
   -> 0.0000s
-- quote_table_name("cards")
   -> 0.0000s
-- quote_table_name("cards")
   -> 0.0000s
-- quote_table_name("cards")
   -> 0.0000s
-- quote_table_name("comments")
   -> 0.0000s
-- execute("UPDATE \"comments\"\nSET account_id = (SELECT \"cards\".account_id FROM \"cards\" WHERE \"cards\".id = \"comments\".card_id)\nWHERE account_id IS NULL\n")
   -> 0.0001s
-- quote_table_name("events")
   -> 0.0000s
-- quote_table_name("boards")
   -> 0.0000s
-- quote_table_name("boards")
   -> 0.0000s
-- quote_table_name("boards")
   -> 0.0000s
-- quote_table_name("events")
   -> 0.0000s
-- execute("UPDATE \"events\"\nSET account_id = (SELECT \"boards\".account_id FROM \"boards\" WHERE \"boards\".id = \"events\".board_id)\nWHERE account_id IS NULL\n")
   -> 0.0001s
-- quote_table_name("filters")
   -> 0.0000s
-- quote_table_name("users")
   -> 0.0000s
-- quote_table_name("users")
   -> 0.0000s
-- quote_table_name("users")
   -> 0.0000s
-- quote_table_name("filters")
   -> 0.0000s
-- execute("UPDATE \"filters\"\nSET account_id = (SELECT \"users\".account_id FROM \"users\" WHERE \"users\".id = \"filters\".creator_id)\nWHERE account_id IS NULL\n")
   -> 0.0001s
-- quote_table_name("notification_bundles")
   -> 0.0000s
-- quote_table_name("users")
   -> 0.0000s
-- quote_table_name("users")
   -> 0.0000s
-- quote_table_name("users")
   -> 0.0000s
-- quote_table_name("notification_bundles")
   -> 0.0000s
-- execute("UPDATE \"notification_bundles\"\nSET account_id = (SELECT \"users\".account_id FROM \"users\" WHERE \"users\".id = \"notification_bundles\".user_id)\nWHERE account_id IS NULL\n")
   -> 0.0001s
-- quote_table_name("notifications")
   -> 0.0000s
-- quote_table_name("users")
   -> 0.0000s
-- quote_table_name("users")
   -> 0.0000s
-- quote_table_name("users")
   -> 0.0000s
-- quote_table_name("notifications")
   -> 0.0000s
-- execute("UPDATE \"notifications\"\nSET account_id = (SELECT \"users\".account_id FROM \"users\" WHERE \"users\".id = \"notifications\".user_id)\nWHERE account_id IS NULL\n")
   -> 0.0001s
-- quote_table_name("push_subscriptions")
   -> 0.0000s
-- quote_table_name("users")
   -> 0.0000s
-- quote_table_name("users")
   -> 0.0000s
-- quote_table_name("users")
   -> 0.0000s
-- quote_table_name("push_subscriptions")
   -> 0.0000s
-- execute("UPDATE \"push_subscriptions\"\nSET account_id = (SELECT \"users\".account_id FROM \"users\" WHERE \"users\".id = \"push_subscriptions\".user_id)\nWHERE account_id IS NULL\n")
   -> 0.0001s
-- quote_table_name("steps")
   -> 0.0000s
-- quote_table_name("cards")
   -> 0.0000s
-- quote_table_name("cards")
   -> 0.0000s
-- quote_table_name("cards")
   -> 0.0000s
-- quote_table_name("steps")
   -> 0.0000s
-- execute("UPDATE \"steps\"\nSET account_id = (SELECT \"cards\".account_id FROM \"cards\" WHERE \"cards\".id = \"steps\".card_id)\nWHERE account_id IS NULL\n")
   -> 0.0001s
-- quote_table_name("webhooks")
   -> 0.0000s
-- quote_table_name("boards")
   -> 0.0000s
-- quote_table_name("boards")
   -> 0.0000s
-- quote_table_name("boards")
   -> 0.0000s
-- quote_table_name("webhooks")
   -> 0.0000s
-- execute("UPDATE \"webhooks\"\nSET account_id = (SELECT \"boards\".account_id FROM \"boards\" WHERE \"boards\".id = \"webhooks\".board_id)\nWHERE account_id IS NULL\n")
   -> 0.0001s
-- quote_table_name("tags")
   -> 0.0000s
-- quote_table_name("cards")
   -> 0.0000s
-- quote_table_name("cards")
   -> 0.0000s
-- quote_table_name("taggings")
   -> 0.0000s
-- quote_table_name("taggings")
   -> 0.0000s
-- quote_table_name("cards")
   -> 0.0000s
-- quote_table_name("taggings")
   -> 0.0000s
-- quote_table_name("tags")
   -> 0.0000s
-- execute("UPDATE \"tags\"\nSET account_id = (SELECT \"cards\".account_id FROM \"cards\" INNER JOIN \"taggings\" ON \"taggings\".card_id = \"cards\".id WHERE \"taggings\".tag_id = \"tags\".id LIMIT 1)\nWHERE account_id IS NULL\n")
   -> 0.0001s
-- quote_table_name("accesses")
   -> 0.0000s
-- quote_table_name("boards")
   -> 0.0000s
-- quote_table_name("boards")
   -> 0.0000s
-- quote_table_name("boards")
   -> 0.0000s
-- quote_table_name("accesses")
   -> 0.0000s
-- execute("UPDATE \"accesses\"\nSET account_id = (SELECT \"boards\".account_id FROM \"boards\" WHERE \"boards\".id = \"accesses\".board_id)\nWHERE account_id IS NULL\n")
   -> 0.0001s
-- quote_table_name("assignments")
   -> 0.0000s
-- quote_table_name("cards")
   -> 0.0000s
-- quote_table_name("cards")
   -> 0.0000s
-- quote_table_name("cards")
   -> 0.0000s
-- quote_table_name("assignments")
   -> 0.0000s
-- execute("UPDATE \"assignments\"\nSET account_id = (SELECT \"cards\".account_id FROM \"cards\" WHERE \"cards\".id = \"assignments\".card_id)\nWHERE account_id IS NULL\n")
   -> 0.0001s
-- quote_table_name("board_publications")
   -> 0.0000s
-- quote_table_name("boards")
   -> 0.0000s
-- quote_table_name("boards")
   -> 0.0000s
-- quote_table_name("boards")
   -> 0.0000s
-- quote_table_name("board_publications")
   -> 0.0000s
-- execute("UPDATE \"board_publications\"\nSET account_id = (SELECT \"boards\".account_id FROM \"boards\" WHERE \"boards\".id = \"board_publications\".board_id)\nWHERE account_id IS NULL\n")
   -> 0.0001s
-- quote_table_name("card_activity_spikes")
   -> 0.0000s
-- quote_table_name("cards")
   -> 0.0000s
-- quote_table_name("cards")
   -> 0.0000s
-- quote_table_name("cards")
   -> 0.0000s
-- quote_table_name("card_activity_spikes")
   -> 0.0000s
-- execute("UPDATE \"card_activity_spikes\"\nSET account_id = (SELECT \"cards\".account_id FROM \"cards\" WHERE \"cards\".id = \"card_activity_spikes\".card_id)\nWHERE account_id IS NULL\n")
   -> 0.0001s
-- quote_table_name("card_goldnesses")
   -> 0.0000s
-- quote_table_name("cards")
   -> 0.0000s
-- quote_table_name("cards")
   -> 0.0000s
-- quote_table_name("cards")
   -> 0.0000s
-- quote_table_name("card_goldnesses")
   -> 0.0000s
-- execute("UPDATE \"card_goldnesses\"\nSET account_id = (SELECT \"cards\".account_id FROM \"cards\" WHERE \"cards\".id = \"card_goldnesses\".card_id)\nWHERE account_id IS NULL\n")
   -> 0.0001s
-- quote_table_name("card_not_nows")
   -> 0.0000s
-- quote_table_name("cards")
   -> 0.0000s
-- quote_table_name("cards")
   -> 0.0000s
-- quote_table_name("cards")
   -> 0.0000s
-- quote_table_name("card_not_nows")
   -> 0.0000s
-- execute("UPDATE \"card_not_nows\"\nSET account_id = (SELECT \"cards\".account_id FROM \"cards\" WHERE \"cards\".id = \"card_not_nows\".card_id)\nWHERE account_id IS NULL\n")
   -> 0.0001s
-- quote_table_name("closures")
   -> 0.0000s
-- quote_table_name("cards")
   -> 0.0000s
-- quote_table_name("cards")
   -> 0.0000s
-- quote_table_name("cards")
   -> 0.0000s
-- quote_table_name("closures")
   -> 0.0000s
-- execute("UPDATE \"closures\"\nSET account_id = (SELECT \"cards\".account_id FROM \"cards\" WHERE \"cards\".id = \"closures\".card_id)\nWHERE account_id IS NULL\n")
   -> 0.0001s
-- quote_table_name("entropies")
   -> 0.0000s
-- execute("UPDATE \"entropies\"\nSET account_id = container_id\nWHERE account_id IS NULL AND container_type = 'Account'\n")
   -> 0.0001s
-- quote_table_name("entropies")
   -> 0.0000s
-- quote_table_name("boards")
   -> 0.0000s
-- quote_table_name("boards")
   -> 0.0000s
-- quote_table_name("boards")
   -> 0.0000s
-- quote_table_name("entropies")
   -> 0.0000s
-- execute("UPDATE \"entropies\"\nSET account_id = (SELECT \"boards\".account_id FROM \"boards\" WHERE \"boards\".id = \"entropies\".container_id)\nWHERE account_id IS NULL AND container_type = 'Board'\n")
   -> 0.0001s
-- quote_table_name("mentions")
   -> 0.0000s
-- quote_table_name("cards")
   -> 0.0000s
-- quote_table_name("cards")
   -> 0.0000s
-- quote_table_name("cards")
   -> 0.0000s
-- quote_table_name("mentions")
   -> 0.0000s
-- execute("UPDATE \"mentions\"\nSET account_id = (SELECT \"cards\".account_id FROM \"cards\" WHERE \"cards\".id = \"mentions\".source_id)\nWHERE account_id IS NULL AND source_type = 'Card'\n")
   -> 0.0001s
-- quote_table_name("mentions")
   -> 0.0000s
-- quote_table_name("comments")
   -> 0.0000s
-- quote_table_name("comments")
   -> 0.0000s
-- quote_table_name("comments")
   -> 0.0000s
-- quote_table_name("mentions")
   -> 0.0000s
-- execute("UPDATE \"mentions\"\nSET account_id = (SELECT \"comments\".account_id FROM \"comments\" WHERE \"comments\".id = \"mentions\".source_id)\nWHERE account_id IS NULL AND source_type = 'Comment'\n")
   -> 0.0001s
-- quote_table_name("pins")
   -> 0.0000s
-- quote_table_name("cards")
   -> 0.0000s
-- quote_table_name("cards")
   -> 0.0000s
-- quote_table_name("cards")
   -> 0.0000s
-- quote_table_name("pins")
   -> 0.0000s
-- execute("UPDATE \"pins\"\nSET account_id = (SELECT \"cards\".account_id FROM \"cards\" WHERE \"cards\".id = \"pins\".card_id)\nWHERE account_id IS NULL\n")
   -> 0.0001s
-- quote_table_name("reactions")
   -> 0.0000s
-- quote_table_name("cards")
   -> 0.0000s
-- quote_table_name("cards")
   -> 0.0000s
-- quote_table_name("cards")
   -> 0.0000s
-- quote_table_name("reactions")
   -> 0.0000s
-- execute("UPDATE \"reactions\"\nSET account_id = (SELECT \"cards\".account_id FROM \"cards\" WHERE \"cards\".id = \"reactions\".reactable_id)\nWHERE account_id IS NULL AND reactable_type = 'Card'\n")
   -> 0.0001s
-- quote_table_name("reactions")
   -> 0.0000s
-- quote_table_name("comments")
   -> 0.0000s
-- quote_table_name("comments")
   -> 0.0000s
-- quote_table_name("comments")
   -> 0.0000s
-- quote_table_name("reactions")
   -> 0.0000s
-- execute("UPDATE \"reactions\"\nSET account_id = (SELECT \"comments\".account_id FROM \"comments\" WHERE \"comments\".id = \"reactions\".reactable_id)\nWHERE account_id IS NULL AND reactable_type = 'Comment'\n")
   -> 0.0001s
-- quote_table_name("taggings")
   -> 0.0000s
-- quote_table_name("cards")
   -> 0.0000s
-- quote_table_name("cards")
   -> 0.0000s
-- quote_table_name("cards")
   -> 0.0000s
-- quote_table_name("taggings")
   -> 0.0000s
-- execute("UPDATE \"taggings\"\nSET account_id = (SELECT \"cards\".account_id FROM \"cards\" WHERE \"cards\".id = \"taggings\".card_id)\nWHERE account_id IS NULL\n")
   -> 0.0001s
-- quote_table_name("watches")
   -> 0.0000s
-- quote_table_name("cards")
   -> 0.0000s
-- quote_table_name("cards")
   -> 0.0000s
-- quote_table_name("cards")
   -> 0.0000s
-- quote_table_name("watches")
   -> 0.0000s
-- execute("UPDATE \"watches\"\nSET account_id = (SELECT \"cards\".account_id FROM \"cards\" WHERE \"cards\".id = \"watches\".card_id)\nWHERE account_id IS NULL\n")
   -> 0.0001s
-- quote_table_name("webhook_delinquency_trackers")
   -> 0.0000s
-- quote_table_name("webhooks")
   -> 0.0000s
-- quote_table_name("webhooks")
   -> 0.0000s
-- quote_table_name("webhooks")
   -> 0.0000s
-- quote_table_name("webhook_delinquency_trackers")
   -> 0.0000s
-- execute("UPDATE \"webhook_delinquency_trackers\"\nSET account_id = (SELECT \"webhooks\".account_id FROM \"webhooks\" WHERE \"webhooks\".id = \"webhook_delinquency_trackers\".webhook_id)\nWHERE account_id IS NULL\n")
   -> 0.0001s
-- quote_table_name("webhook_deliveries")
   -> 0.0000s
-- quote_table_name("webhooks")
   -> 0.0000s
-- quote_table_name("webhooks")
   -> 0.0000s
-- quote_table_name("webhooks")
   -> 0.0000s
-- quote_table_name("webhook_deliveries")
   -> 0.0000s
-- execute("UPDATE \"webhook_deliveries\"\nSET account_id = (SELECT \"webhooks\".account_id FROM \"webhooks\" WHERE \"webhooks\".id = \"webhook_deliveries\".webhook_id)\nWHERE account_id IS NULL\n")
   -> 0.0001s
-- quote_table_name("webhook_deliveries")
   -> 0.0000s
-- quote_table_name("events")
   -> 0.0000s
-- quote_table_name("events")
   -> 0.0000s
-- quote_table_name("events")
   -> 0.0000s
-- quote_table_name("webhook_deliveries")
   -> 0.0000s
-- execute("UPDATE \"webhook_deliveries\"\nSET account_id = (SELECT \"events\".account_id FROM \"events\" WHERE \"events\".id = \"webhook_deliveries\".event_id)\nWHERE account_id IS NULL\n")
   -> 0.0001s
-- quote_table_name("search_queries")
   -> 0.0000s
-- quote_table_name("users")
   -> 0.0000s
-- quote_table_name("users")
   -> 0.0000s
-- quote_table_name("users")
   -> 0.0000s
-- quote_table_name("search_queries")
   -> 0.0000s
-- execute("UPDATE \"search_queries\"\nSET account_id = (SELECT \"users\".account_id FROM \"users\" WHERE \"users\".id = \"search_queries\".user_id)\nWHERE account_id IS NULL\n")
   -> 0.0001s
-- quote_table_name("user_settings")
   -> 0.0000s
-- quote_table_name("users")
   -> 0.0000s
-- quote_table_name("users")
   -> 0.0000s
-- quote_table_name("users")
   -> 0.0000s
-- quote_table_name("user_settings")
   -> 0.0000s
-- execute("UPDATE \"user_settings\"\nSET account_id = (SELECT \"users\".account_id FROM \"users\" WHERE \"users\".id = \"user_settings\".user_id)\nWHERE account_id IS NULL\n")
   -> 0.0001s
-- quote_table_name("action_text_rich_texts")
   -> 0.0000s
-- quote_table_name("cards")
   -> 0.0000s
-- quote_table_name("cards")
   -> 0.0000s
-- quote_table_name("cards")
   -> 0.0000s
-- quote_table_name("action_text_rich_texts")
   -> 0.0000s
-- execute("UPDATE \"action_text_rich_texts\"\nSET account_id = (SELECT \"cards\".account_id FROM \"cards\" WHERE \"cards\".id = \"action_text_rich_texts\".record_id)\nWHERE account_id IS NULL AND record_type = 'Card'\n")
   -> 0.0001s
-- quote_table_name("action_text_rich_texts")
   -> 0.0000s
-- quote_table_name("comments")
   -> 0.0000s
-- quote_table_name("comments")
   -> 0.0000s
-- quote_table_name("comments")
   -> 0.0000s
-- quote_table_name("action_text_rich_texts")
   -> 0.0000s
-- execute("UPDATE \"action_text_rich_texts\"\nSET account_id = (SELECT \"comments\".account_id FROM \"comments\" WHERE \"comments\".id = \"action_text_rich_texts\".record_id)\nWHERE account_id IS NULL AND record_type = 'Comment'\n")
   -> 0.0001s
-- quote_table_name("action_text_rich_texts")
   -> 0.0000s
-- quote_table_name("boards")
   -> 0.0000s
-- quote_table_name("boards")
   -> 0.0000s
-- quote_table_name("boards")
   -> 0.0000s
-- quote_table_name("action_text_rich_texts")
   -> 0.0000s
-- execute("UPDATE \"action_text_rich_texts\"\nSET account_id = (SELECT \"boards\".account_id FROM \"boards\" WHERE \"boards\".id = \"action_text_rich_texts\".record_id)\nWHERE account_id IS NULL AND record_type = 'Board'\n")
   -> 0.0001s
-- quote_table_name("active_storage_attachments")
   -> 0.0000s
-- quote_table_name("cards")
   -> 0.0000s
-- quote_table_name("cards")
   -> 0.0000s
-- quote_table_name("cards")
   -> 0.0000s
-- quote_table_name("active_storage_attachments")
   -> 0.0000s
-- execute("UPDATE \"active_storage_attachments\"\nSET account_id = (SELECT \"cards\".account_id FROM \"cards\" WHERE \"cards\".id = \"active_storage_attachments\".record_id)\nWHERE account_id IS NULL AND record_type = 'Card'\n")
   -> 0.0001s
-- quote_table_name("active_storage_attachments")
   -> 0.0000s
-- quote_table_name("users")
   -> 0.0000s
-- quote_table_name("users")
   -> 0.0000s
-- quote_table_name("users")
   -> 0.0000s
-- quote_table_name("active_storage_attachments")
   -> 0.0000s
-- execute("UPDATE \"active_storage_attachments\"\nSET account_id = (SELECT \"users\".account_id FROM \"users\" WHERE \"users\".id = \"active_storage_attachments\".record_id)\nWHERE account_id IS NULL AND record_type = 'User'\n")
   -> 0.0001s
-- quote_table_name("active_storage_attachments")
   -> 0.0000s
-- quote_table_name("comments")
   -> 0.0000s
-- quote_table_name("comments")
   -> 0.0000s
-- quote_table_name("comments")
   -> 0.0000s
-- quote_table_name("active_storage_attachments")
   -> 0.0000s
-- execute("UPDATE \"active_storage_attachments\"\nSET account_id = (SELECT \"comments\".account_id FROM \"comments\" WHERE \"comments\".id = \"active_storage_attachments\".record_id)\nWHERE account_id IS NULL AND record_type = 'Comment'\n")
   -> 0.0001s
-- quote_table_name("active_storage_attachments")
   -> 0.0000s
-- quote_table_name("boards")
   -> 0.0000s
-- quote_table_name("boards")
   -> 0.0000s
-- quote_table_name("boards")
   -> 0.0000s
-- quote_table_name("active_storage_attachments")
   -> 0.0000s
-- execute("UPDATE \"active_storage_attachments\"\nSET account_id = (SELECT \"boards\".account_id FROM \"boards\" WHERE \"boards\".id = \"active_storage_attachments\".record_id)\nWHERE account_id IS NULL AND record_type = 'Board'\n")
   -> 0.0001s
-- quote_table_name("active_storage_attachments")
   -> 0.0000s
-- quote_table_name("exports")
   -> 0.0000s
-- quote_table_name("exports")
   -> 0.0000s
-- quote_table_name("exports")
   -> 0.0000s
-- quote_table_name("active_storage_attachments")
   -> 0.0000s
-- execute("UPDATE \"active_storage_attachments\"\nSET account_id = (SELECT \"exports\".account_id FROM \"exports\" WHERE \"exports\".id = \"active_storage_attachments\".record_id)\nWHERE account_id IS NULL AND record_type IN ('Export', 'Account::Export', 'User::DataExport')\n")
   -> 0.0001s
-- quote_table_name("active_storage_attachments")
   -> 0.0000s
-- quote_table_name("account_imports")
   -> 0.0000s
-- quote_table_name("account_imports")
   -> 0.0000s
-- quote_table_name("account_imports")
   -> 0.0000s
-- quote_table_name("active_storage_attachments")
   -> 0.0000s
-- execute("UPDATE \"active_storage_attachments\"\nSET account_id = (SELECT \"account_imports\".account_id FROM \"account_imports\" WHERE \"account_imports\".id = \"active_storage_attachments\".record_id)\nWHERE account_id IS NULL AND record_type = 'Account::Import'\n")
   -> 0.0001s
-- quote_table_name("active_storage_attachments")
   -> 0.0000s
-- quote_table_name("action_text_rich_texts")
   -> 0.0000s
-- quote_table_name("action_text_rich_texts")
   -> 0.0000s
-- quote_table_name("action_text_rich_texts")
   -> 0.0000s
-- quote_table_name("active_storage_attachments")
   -> 0.0000s
-- execute("UPDATE \"active_storage_attachments\"\nSET account_id = (SELECT \"action_text_rich_texts\".account_id FROM \"action_text_rich_texts\" WHERE \"action_text_rich_texts\".id = \"active_storage_attachments\".record_id)\nWHERE account_id IS NULL AND record_type = 'ActionText::RichText'\n")
   -> 0.0001s
-- quote_table_name("active_storage_blobs")
   -> 0.0000s
-- quote_table_name("active_storage_attachments")
   -> 0.0000s
-- quote_table_name("active_storage_attachments")
   -> 0.0000s
-- quote_table_name("active_storage_attachments")
   -> 0.0000s
-- quote_table_name("active_storage_blobs")
   -> 0.0000s
-- quote_table_name("active_storage_attachments")
   -> 0.0000s
-- execute("UPDATE \"active_storage_blobs\"\nSET account_id = (SELECT \"active_storage_attachments\".account_id FROM \"active_storage_attachments\" WHERE \"active_storage_attachments\".blob_id = \"active_storage_blobs\".id AND \"active_storage_attachments\".account_id IS NOT NULL LIMIT 1)\nWHERE account_id IS NULL\n")
   -> 0.0001s
-- quote_table_name("active_storage_variant_records")
   -> 0.0000s
-- quote_table_name("active_storage_blobs")
   -> 0.0000s
-- quote_table_name("active_storage_blobs")
   -> 0.0000s
-- quote_table_name("active_storage_blobs")
   -> 0.0000s
-- quote_table_name("active_storage_variant_records")
   -> 0.0000s
-- execute("UPDATE \"active_storage_variant_records\"\nSET account_id = (SELECT \"active_storage_blobs\".account_id FROM \"active_storage_blobs\" WHERE \"active_storage_blobs\".id = \"active_storage_variant_records\".blob_id)\nWHERE account_id IS NULL\n")
   -> 0.0001s
-- quote_table_name("active_storage_attachments")
   -> 0.0000s
-- quote_table_name("active_storage_variant_records")
   -> 0.0000s
-- quote_table_name("active_storage_variant_records")
   -> 0.0000s
-- quote_table_name("active_storage_variant_records")
   -> 0.0000s
-- quote_table_name("active_storage_attachments")
   -> 0.0000s
-- execute("UPDATE \"active_storage_attachments\"\nSET account_id = (SELECT \"active_storage_variant_records\".account_id FROM \"active_storage_variant_records\" WHERE \"active_storage_variant_records\".id = \"active_storage_attachments\".record_id)\nWHERE account_id IS NULL AND record_type = 'ActiveStorage::VariantRecord'\n")
   -> 0.0001s
-- quote_table_name("active_storage_blobs")
   -> 0.0000s
-- quote_table_name("active_storage_attachments")
   -> 0.0000s
-- quote_table_name("active_storage_attachments")
   -> 0.0000s
-- quote_table_name("active_storage_attachments")
   -> 0.0000s
-- quote_table_name("active_storage_blobs")
   -> 0.0000s
-- quote_table_name("active_storage_attachments")
   -> 0.0000s
-- execute("UPDATE \"active_storage_blobs\"\nSET account_id = (SELECT \"active_storage_attachments\".account_id FROM \"active_storage_attachments\" WHERE \"active_storage_attachments\".blob_id = \"active_storage_blobs\".id AND \"active_storage_attachments\".account_id IS NOT NULL LIMIT 1)\nWHERE account_id IS NULL\n")
   -> 0.0001s
-- quote_table_name("account_imports")
   -> 0.0000s
-- execute("DELETE FROM \"account_imports\" WHERE account_id IS NULL")
   -> 0.0001s
-- quote_table_name("account_join_codes")
   -> 0.0000s
-- execute("DELETE FROM \"account_join_codes\" WHERE account_id IS NULL")
   -> 0.0001s
-- quote_table_name("boards")
   -> 0.0000s
-- execute("DELETE FROM \"boards\" WHERE account_id IS NULL")
   -> 0.0001s
-- quote_table_name("cards")
   -> 0.0000s
-- execute("DELETE FROM \"cards\" WHERE account_id IS NULL")
   -> 0.0001s
-- quote_table_name("columns")
   -> 0.0000s
-- execute("DELETE FROM \"columns\" WHERE account_id IS NULL")
   -> 0.0001s
-- quote_table_name("comments")
   -> 0.0000s
-- execute("DELETE FROM \"comments\" WHERE account_id IS NULL")
   -> 0.0001s
-- quote_table_name("events")
   -> 0.0000s
-- execute("DELETE FROM \"events\" WHERE account_id IS NULL")
   -> 0.0001s
-- quote_table_name("filters")
   -> 0.0000s
-- execute("DELETE FROM \"filters\" WHERE account_id IS NULL")
   -> 0.0001s
-- quote_table_name("notification_bundles")
   -> 0.0000s
-- execute("DELETE FROM \"notification_bundles\" WHERE account_id IS NULL")
   -> 0.0001s
-- quote_table_name("notifications")
   -> 0.0000s
-- execute("DELETE FROM \"notifications\" WHERE account_id IS NULL")
   -> 0.0001s
-- quote_table_name("push_subscriptions")
   -> 0.0000s
-- execute("DELETE FROM \"push_subscriptions\" WHERE account_id IS NULL")
   -> 0.0001s
-- quote_table_name("steps")
   -> 0.0000s
-- execute("DELETE FROM \"steps\" WHERE account_id IS NULL")
   -> 0.0001s
-- quote_table_name("tags")
   -> 0.0000s
-- execute("DELETE FROM \"tags\" WHERE account_id IS NULL")
   -> 0.0001s
-- quote_table_name("users")
   -> 0.0000s
-- execute("DELETE FROM \"users\" WHERE account_id IS NULL")
   -> 0.0001s
-- quote_table_name("webhooks")
   -> 0.0000s
-- execute("DELETE FROM \"webhooks\" WHERE account_id IS NULL")
   -> 0.0001s
-- quote_table_name("accesses")
   -> 0.0000s
-- execute("DELETE FROM \"accesses\" WHERE account_id IS NULL")
   -> 0.0001s
-- quote_table_name("action_text_rich_texts")
   -> 0.0000s
-- execute("DELETE FROM \"action_text_rich_texts\" WHERE account_id IS NULL")
   -> 0.0001s
-- quote_table_name("active_storage_attachments")
   -> 0.0000s
-- execute("DELETE FROM \"active_storage_attachments\" WHERE account_id IS NULL")
   -> 0.0001s
-- quote_table_name("active_storage_blobs")
   -> 0.0000s
-- execute("DELETE FROM \"active_storage_blobs\" WHERE account_id IS NULL")
   -> 0.0001s
-- quote_table_name("active_storage_variant_records")
   -> 0.0000s
-- execute("DELETE FROM \"active_storage_variant_records\" WHERE account_id IS NULL")
   -> 0.0001s
-- quote_table_name("assignments")
   -> 0.0000s
-- execute("DELETE FROM \"assignments\" WHERE account_id IS NULL")
   -> 0.0001s
-- quote_table_name("board_publications")
   -> 0.0000s
-- execute("DELETE FROM \"board_publications\" WHERE account_id IS NULL")
   -> 0.0001s
-- quote_table_name("card_activity_spikes")
   -> 0.0000s
-- execute("DELETE FROM \"card_activity_spikes\" WHERE account_id IS NULL")
   -> 0.0001s
-- quote_table_name("card_goldnesses")
   -> 0.0000s
-- execute("DELETE FROM \"card_goldnesses\" WHERE account_id IS NULL")
   -> 0.0001s
-- quote_table_name("card_not_nows")
   -> 0.0000s
-- execute("DELETE FROM \"card_not_nows\" WHERE account_id IS NULL")
   -> 0.0001s
-- quote_table_name("closures")
   -> 0.0000s
-- execute("DELETE FROM \"closures\" WHERE account_id IS NULL")
   -> 0.0001s
-- quote_table_name("entropies")
   -> 0.0000s
-- execute("DELETE FROM \"entropies\" WHERE account_id IS NULL")
   -> 0.0001s
-- quote_table_name("mentions")
   -> 0.0000s
-- execute("DELETE FROM \"mentions\" WHERE account_id IS NULL")
   -> 0.0001s
-- quote_table_name("pins")
   -> 0.0000s
-- execute("DELETE FROM \"pins\" WHERE account_id IS NULL")
   -> 0.0001s
-- quote_table_name("reactions")
   -> 0.0000s
-- execute("DELETE FROM \"reactions\" WHERE account_id IS NULL")
   -> 0.0001s
-- quote_table_name("search_queries")
   -> 0.0000s
-- execute("DELETE FROM \"search_queries\" WHERE account_id IS NULL")
   -> 0.0001s
-- quote_table_name("taggings")
   -> 0.0000s
-- execute("DELETE FROM \"taggings\" WHERE account_id IS NULL")
   -> 0.0001s
-- quote_table_name("user_settings")
   -> 0.0000s
-- execute("DELETE FROM \"user_settings\" WHERE account_id IS NULL")
   -> 0.0001s
-- quote_table_name("watches")
   -> 0.0000s
-- execute("DELETE FROM \"watches\" WHERE account_id IS NULL")
   -> 0.0001s
-- quote_table_name("webhook_delinquency_trackers")
   -> 0.0000s
-- execute("DELETE FROM \"webhook_delinquency_trackers\" WHERE account_id IS NULL")
   -> 0.0001s
-- quote_table_name("webhook_deliveries")
   -> 0.0000s
-- execute("DELETE FROM \"webhook_deliveries\" WHERE account_id IS NULL")
   -> 0.0001s
-- quote_table_name("account_imports")
   -> 0.0000s
-- quote_table_name("accounts")
   -> 0.0000s
-- execute("DELETE FROM \"account_imports\" WHERE account_id IS NOT NULL AND account_id NOT IN (SELECT id FROM \"accounts\")")
   -> 0.0001s
-- quote_table_name("account_join_codes")
   -> 0.0000s
-- quote_table_name("accounts")
   -> 0.0000s
-- execute("DELETE FROM \"account_join_codes\" WHERE account_id IS NOT NULL AND account_id NOT IN (SELECT id FROM \"accounts\")")
   -> 0.0001s
-- quote_table_name("boards")
   -> 0.0000s
-- quote_table_name("accounts")
   -> 0.0000s
-- execute("DELETE FROM \"boards\" WHERE account_id IS NOT NULL AND account_id NOT IN (SELECT id FROM \"accounts\")")
   -> 0.0001s
-- quote_table_name("cards")
   -> 0.0000s
-- quote_table_name("accounts")
   -> 0.0000s
-- execute("DELETE FROM \"cards\" WHERE account_id IS NOT NULL AND account_id NOT IN (SELECT id FROM \"accounts\")")
   -> 0.0001s
-- quote_table_name("columns")
   -> 0.0000s
-- quote_table_name("accounts")
   -> 0.0000s
-- execute("DELETE FROM \"columns\" WHERE account_id IS NOT NULL AND account_id NOT IN (SELECT id FROM \"accounts\")")
   -> 0.0001s
-- quote_table_name("comments")
   -> 0.0000s
-- quote_table_name("accounts")
   -> 0.0000s
-- execute("DELETE FROM \"comments\" WHERE account_id IS NOT NULL AND account_id NOT IN (SELECT id FROM \"accounts\")")
   -> 0.0001s
-- quote_table_name("events")
   -> 0.0000s
-- quote_table_name("accounts")
   -> 0.0000s
-- execute("DELETE FROM \"events\" WHERE account_id IS NOT NULL AND account_id NOT IN (SELECT id FROM \"accounts\")")
   -> 0.0001s
-- quote_table_name("filters")
   -> 0.0000s
-- quote_table_name("accounts")
   -> 0.0000s
-- execute("DELETE FROM \"filters\" WHERE account_id IS NOT NULL AND account_id NOT IN (SELECT id FROM \"accounts\")")
   -> 0.0001s
-- quote_table_name("notification_bundles")
   -> 0.0000s
-- quote_table_name("accounts")
   -> 0.0000s
-- execute("DELETE FROM \"notification_bundles\" WHERE account_id IS NOT NULL AND account_id NOT IN (SELECT id FROM \"accounts\")")
   -> 0.0001s
-- quote_table_name("notifications")
   -> 0.0000s
-- quote_table_name("accounts")
   -> 0.0000s
-- execute("DELETE FROM \"notifications\" WHERE account_id IS NOT NULL AND account_id NOT IN (SELECT id FROM \"accounts\")")
   -> 0.0001s
-- quote_table_name("push_subscriptions")
   -> 0.0000s
-- quote_table_name("accounts")
   -> 0.0000s
-- execute("DELETE FROM \"push_subscriptions\" WHERE account_id IS NOT NULL AND account_id NOT IN (SELECT id FROM \"accounts\")")
   -> 0.0001s
-- quote_table_name("steps")
   -> 0.0000s
-- quote_table_name("accounts")
   -> 0.0000s
-- execute("DELETE FROM \"steps\" WHERE account_id IS NOT NULL AND account_id NOT IN (SELECT id FROM \"accounts\")")
   -> 0.0001s
-- quote_table_name("tags")
   -> 0.0000s
-- quote_table_name("accounts")
   -> 0.0000s
-- execute("DELETE FROM \"tags\" WHERE account_id IS NOT NULL AND account_id NOT IN (SELECT id FROM \"accounts\")")
   -> 0.0001s
-- quote_table_name("users")
   -> 0.0000s
-- quote_table_name("accounts")
   -> 0.0000s
-- execute("DELETE FROM \"users\" WHERE account_id IS NOT NULL AND account_id NOT IN (SELECT id FROM \"accounts\")")
   -> 0.0001s
-- quote_table_name("webhooks")
   -> 0.0000s
-- quote_table_name("accounts")
   -> 0.0000s
-- execute("DELETE FROM \"webhooks\" WHERE account_id IS NOT NULL AND account_id NOT IN (SELECT id FROM \"accounts\")")
   -> 0.0001s
-- quote_table_name("accesses")
   -> 0.0000s
-- quote_table_name("accounts")
   -> 0.0000s
-- execute("DELETE FROM \"accesses\" WHERE account_id IS NOT NULL AND account_id NOT IN (SELECT id FROM \"accounts\")")
   -> 0.0001s
-- quote_table_name("action_text_rich_texts")
   -> 0.0000s
-- quote_table_name("accounts")
   -> 0.0000s
-- execute("DELETE FROM \"action_text_rich_texts\" WHERE account_id IS NOT NULL AND account_id NOT IN (SELECT id FROM \"accounts\")")
   -> 0.0001s
-- quote_table_name("active_storage_attachments")
   -> 0.0000s
-- quote_table_name("accounts")
   -> 0.0000s
-- execute("DELETE FROM \"active_storage_attachments\" WHERE account_id IS NOT NULL AND account_id NOT IN (SELECT id FROM \"accounts\")")
   -> 0.0001s
-- quote_table_name("active_storage_blobs")
   -> 0.0000s
-- quote_table_name("accounts")
   -> 0.0000s
-- execute("DELETE FROM \"active_storage_blobs\" WHERE account_id IS NOT NULL AND account_id NOT IN (SELECT id FROM \"accounts\")")
   -> 0.0001s
-- quote_table_name("active_storage_variant_records")
   -> 0.0000s
-- quote_table_name("accounts")
   -> 0.0000s
-- execute("DELETE FROM \"active_storage_variant_records\" WHERE account_id IS NOT NULL AND account_id NOT IN (SELECT id FROM \"accounts\")")
   -> 0.0001s
-- quote_table_name("assignments")
   -> 0.0000s
-- quote_table_name("accounts")
   -> 0.0000s
-- execute("DELETE FROM \"assignments\" WHERE account_id IS NOT NULL AND account_id NOT IN (SELECT id FROM \"accounts\")")
   -> 0.0001s
-- quote_table_name("board_publications")
   -> 0.0000s
-- quote_table_name("accounts")
   -> 0.0000s
-- execute("DELETE FROM \"board_publications\" WHERE account_id IS NOT NULL AND account_id NOT IN (SELECT id FROM \"accounts\")")
   -> 0.0001s
-- quote_table_name("card_activity_spikes")
   -> 0.0000s
-- quote_table_name("accounts")
   -> 0.0000s
-- execute("DELETE FROM \"card_activity_spikes\" WHERE account_id IS NOT NULL AND account_id NOT IN (SELECT id FROM \"accounts\")")
   -> 0.0001s
-- quote_table_name("card_goldnesses")
   -> 0.0000s
-- quote_table_name("accounts")
   -> 0.0000s
-- execute("DELETE FROM \"card_goldnesses\" WHERE account_id IS NOT NULL AND account_id NOT IN (SELECT id FROM \"accounts\")")
   -> 0.0001s
-- quote_table_name("card_not_nows")
   -> 0.0000s
-- quote_table_name("accounts")
   -> 0.0000s
-- execute("DELETE FROM \"card_not_nows\" WHERE account_id IS NOT NULL AND account_id NOT IN (SELECT id FROM \"accounts\")")
   -> 0.0001s
-- quote_table_name("closures")
   -> 0.0000s
-- quote_table_name("accounts")
   -> 0.0000s
-- execute("DELETE FROM \"closures\" WHERE account_id IS NOT NULL AND account_id NOT IN (SELECT id FROM \"accounts\")")
   -> 0.0001s
-- quote_table_name("entropies")
   -> 0.0000s
-- quote_table_name("accounts")
   -> 0.0000s
-- execute("DELETE FROM \"entropies\" WHERE account_id IS NOT NULL AND account_id NOT IN (SELECT id FROM \"accounts\")")
   -> 0.0001s
-- quote_table_name("mentions")
   -> 0.0000s
-- quote_table_name("accounts")
   -> 0.0000s
-- execute("DELETE FROM \"mentions\" WHERE account_id IS NOT NULL AND account_id NOT IN (SELECT id FROM \"accounts\")")
   -> 0.0001s
-- quote_table_name("pins")
   -> 0.0000s
-- quote_table_name("accounts")
   -> 0.0000s
-- execute("DELETE FROM \"pins\" WHERE account_id IS NOT NULL AND account_id NOT IN (SELECT id FROM \"accounts\")")
   -> 0.0001s
-- quote_table_name("reactions")
   -> 0.0000s
-- quote_table_name("accounts")
   -> 0.0000s
-- execute("DELETE FROM \"reactions\" WHERE account_id IS NOT NULL AND account_id NOT IN (SELECT id FROM \"accounts\")")
   -> 0.0001s
-- quote_table_name("search_queries")
   -> 0.0000s
-- quote_table_name("accounts")
   -> 0.0000s
-- execute("DELETE FROM \"search_queries\" WHERE account_id IS NOT NULL AND account_id NOT IN (SELECT id FROM \"accounts\")")
   -> 0.0001s
-- quote_table_name("taggings")
   -> 0.0000s
-- quote_table_name("accounts")
   -> 0.0000s
-- execute("DELETE FROM \"taggings\" WHERE account_id IS NOT NULL AND account_id NOT IN (SELECT id FROM \"accounts\")")
   -> 0.0001s
-- quote_table_name("user_settings")
   -> 0.0000s
-- quote_table_name("accounts")
   -> 0.0000s
-- execute("DELETE FROM \"user_settings\" WHERE account_id IS NOT NULL AND account_id NOT IN (SELECT id FROM \"accounts\")")
   -> 0.0001s
-- quote_table_name("watches")
   -> 0.0000s
-- quote_table_name("accounts")
   -> 0.0000s
-- execute("DELETE FROM \"watches\" WHERE account_id IS NOT NULL AND account_id NOT IN (SELECT id FROM \"accounts\")")
   -> 0.0001s
-- quote_table_name("webhook_delinquency_trackers")
   -> 0.0000s
-- quote_table_name("accounts")
   -> 0.0000s
-- execute("DELETE FROM \"webhook_delinquency_trackers\" WHERE account_id IS NOT NULL AND account_id NOT IN (SELECT id FROM \"accounts\")")
   -> 0.0005s
-- quote_table_name("webhook_deliveries")
   -> 0.0000s
-- quote_table_name("accounts")
   -> 0.0000s
-- execute("DELETE FROM \"webhook_deliveries\" WHERE account_id IS NOT NULL AND account_id NOT IN (SELECT id FROM \"accounts\")")
   -> 0.0001s
-- change_column_null("account_imports", :account_id, false)
   -> 0.0064s
-- change_column_null("account_join_codes", :account_id, false)
   -> 0.0063s
-- change_column_null("boards", :account_id, false)
   -> 0.0050s
-- change_column_null("cards", :account_id, false)
   -> 0.0128s
-- change_column_null("columns", :account_id, false)
   -> 0.0078s
-- change_column_null("comments", :account_id, false)
   -> 0.0048s
-- change_column_null("events", :account_id, false)
   -> 0.0089s
-- change_column_null("filters", :account_id, false)
   -> 0.0042s
-- change_column_null("notification_bundles", :account_id, false)
   -> 0.0065s
-- change_column_null("notifications", :account_id, false)
   -> 0.0099s
-- change_column_null("push_subscriptions", :account_id, false)
   -> 0.0047s
-- change_column_null("steps", :account_id, false)
   -> 0.0053s
-- change_column_null("tags", :account_id, false)
   -> 0.0039s
-- change_column_null("users", :account_id, false)
   -> 0.0069s
-- change_column_null("webhooks", :account_id, false)
   -> 0.0049s
-- change_column_null("accesses", :account_id, false)
   -> 0.0097s
-- change_column_null("action_text_rich_texts", :account_id, false)
   -> 0.0046s
-- change_column_null("active_storage_attachments", :account_id, false)
   -> 0.0055s
-- change_column_null("active_storage_blobs", :account_id, false)
   -> 0.0050s
-- change_column_null("active_storage_variant_records", :account_id, false)
   -> 0.0271s
-- change_column_null("assignments", :account_id, false)
   -> 0.0060s
-- change_column_null("board_publications", :account_id, false)
   -> 0.0061s
-- change_column_null("card_activity_spikes", :account_id, false)
   -> 0.0043s
-- change_column_null("card_goldnesses", :account_id, false)
   -> 0.0043s
-- change_column_null("card_not_nows", :account_id, false)
   -> 0.0050s
-- change_column_null("closures", :account_id, false)
   -> 0.0057s
-- change_column_null("entropies", :account_id, false)
   -> 0.0057s
-- change_column_null("mentions", :account_id, false)
   -> 0.0066s
-- change_column_null("pins", :account_id, false)
   -> 0.0058s
-- change_column_null("reactions", :account_id, false)
   -> 0.0054s
-- change_column_null("search_queries", :account_id, false)
   -> 0.0062s
-- change_column_null("taggings", :account_id, false)
   -> 0.0048s
-- change_column_null("user_settings", :account_id, false)
   -> 0.0054s
-- change_column_null("watches", :account_id, false)
   -> 0.0063s
-- change_column_null("webhook_delinquency_trackers", :account_id, false)
   -> 0.0043s
-- change_column_null("webhook_deliveries", :account_id, false)
   -> 0.0064s
-- index_exists?("account_imports", :account_id)
   -> 0.0002s
-- index_exists?("account_join_codes", :account_id)
   -> 0.0001s
-- add_index("account_join_codes", :account_id)
   -> 0.0002s
-- index_exists?("boards", :account_id)
   -> 0.0001s
-- add_index("boards", :account_id)
   -> 0.0001s
-- index_exists?("cards", :account_id)
   -> 0.0004s
-- add_index("cards", :account_id)
   -> 0.0001s
-- index_exists?("columns", :account_id)
   -> 0.0002s
-- add_index("columns", :account_id)
   -> 0.0001s
-- index_exists?("comments", :account_id)
   -> 0.0001s
-- add_index("comments", :account_id)
   -> 0.0001s
-- index_exists?("events", :account_id)
   -> 0.0004s
-- add_index("events", :account_id)
   -> 0.0001s
-- index_exists?("filters", :account_id)
   -> 0.0001s
-- add_index("filters", :account_id)
   -> 0.0001s
-- index_exists?("notification_bundles", :account_id)
   -> 0.0003s
-- add_index("notification_bundles", :account_id)
   -> 0.0001s
-- index_exists?("notifications", :account_id)
   -> 0.0004s
-- add_index("notifications", :account_id)
   -> 0.0001s
-- index_exists?("push_subscriptions", :account_id)
   -> 0.0001s
-- add_index("push_subscriptions", :account_id)
   -> 0.0001s
-- index_exists?("steps", :account_id)
   -> 0.0002s
-- add_index("steps", :account_id)
   -> 0.0001s
-- index_exists?("tags", :account_id)
   -> 0.0001s
-- add_index("tags", :account_id)
   -> 0.0001s
-- index_exists?("users", :account_id)
   -> 0.0003s
-- add_index("users", :account_id)
   -> 0.0001s
-- index_exists?("webhooks", :account_id)
   -> 0.0001s
-- add_index("webhooks", :account_id)
   -> 0.0001s
-- index_exists?("accesses", :account_id)
   -> 0.0003s
-- add_index("accesses", :account_id)
   -> 0.0001s
-- index_exists?("action_text_rich_texts", :account_id)
   -> 0.0001s
-- add_index("action_text_rich_texts", :account_id)
   -> 0.0002s
-- index_exists?("active_storage_attachments", :account_id)
   -> 0.0002s
-- add_index("active_storage_attachments", :account_id)
   -> 0.0001s
-- index_exists?("active_storage_blobs", :account_id)
   -> 0.0001s
-- add_index("active_storage_blobs", :account_id)
   -> 0.0001s
-- index_exists?("active_storage_variant_records", :account_id)
   -> 0.0001s
-- add_index("active_storage_variant_records", :account_id)
   -> 0.0001s
-- index_exists?("assignments", :account_id)
   -> 0.0002s
-- add_index("assignments", :account_id)
   -> 0.0001s
-- index_exists?("board_publications", :account_id)
   -> 0.0002s
-- add_index("board_publications", :account_id)
   -> 0.0001s
-- index_exists?("card_activity_spikes", :account_id)
   -> 0.0001s
-- add_index("card_activity_spikes", :account_id)
   -> 0.0001s
-- index_exists?("card_goldnesses", :account_id)
   -> 0.0001s
-- add_index("card_goldnesses", :account_id)
   -> 0.0001s
-- index_exists?("card_not_nows", :account_id)
   -> 0.0002s
-- add_index("card_not_nows", :account_id)
   -> 0.0001s
-- index_exists?("closures", :account_id)
   -> 0.0003s
-- add_index("closures", :account_id)
   -> 0.0002s
-- index_exists?("entropies", :account_id)
   -> 0.0002s
-- add_index("entropies", :account_id)
   -> 0.0001s
-- index_exists?("mentions", :account_id)
   -> 0.0003s
-- add_index("mentions", :account_id)
   -> 0.0001s
-- index_exists?("pins", :account_id)
   -> 0.0003s
-- add_index("pins", :account_id)
   -> 0.0001s
-- index_exists?("reactions", :account_id)
   -> 0.0002s
-- add_index("reactions", :account_id)
   -> 0.0002s
-- index_exists?("search_queries", :account_id)
   -> 0.0003s
-- add_index("search_queries", :account_id)
   -> 0.0001s
-- index_exists?("taggings", :account_id)
   -> 0.0002s
-- add_index("taggings", :account_id)
   -> 0.0001s
-- index_exists?("user_settings", :account_id)
   -> 0.0002s
-- add_index("user_settings", :account_id)
   -> 0.0001s
-- index_exists?("watches", :account_id)
   -> 0.0003s
-- add_index("watches", :account_id)
   -> 0.0001s
-- index_exists?("webhook_delinquency_trackers", :account_id)
   -> 0.0001s
-- add_index("webhook_delinquency_trackers", :account_id)
   -> 0.0001s
-- index_exists?("webhook_deliveries", :account_id)
   -> 0.0003s
-- add_index("webhook_deliveries", :account_id)
   -> 0.0002s
-- index_exists?(:tags, :title, {name: "index_tags_on_title"})
   -> 0.0002s
-- remove_index(:tags, {name: "index_tags_on_title"})
   -> 0.0001s
-- index_exists?(:tags, [:account_id, :title])
   -> 0.0001s
-- add_index(:tags, [:account_id, :title], {unique: true})
   -> 0.0002s
== 20260710120000 AddAccountIdToRemainingTables: migrated (0.3085s) ===========

== 20260710120000 AddAccountIdToRemainingTables: reverting ====================
-- index_exists?(:tags, [:account_id, :title])
   -> 0.0011s
-- remove_index(:tags, {column: [:account_id, :title]})
   -> 0.0014s
-- index_exists?(:tags, :title, {name: "index_tags_on_title"})
   -> 0.0008s
-- add_index(:tags, :title, {unique: true, name: "index_tags_on_title"})
   -> 0.0003s
-- index_exists?("accesses", :account_id)
   -> 0.0009s
-- remove_index("accesses", :account_id)
   -> 0.0018s
-- index_exists?("action_text_rich_texts", :account_id)
   -> 0.0002s
-- remove_index("action_text_rich_texts", :account_id)
   -> 0.0010s
-- index_exists?("active_storage_attachments", :account_id)
   -> 0.0016s
-- remove_index("active_storage_attachments", :account_id)
   -> 0.0010s
-- index_exists?("active_storage_blobs", :account_id)
   -> 0.0008s
-- remove_index("active_storage_blobs", :account_id)
   -> 0.0010s
-- index_exists?("active_storage_variant_records", :account_id)
   -> 0.0008s
-- remove_index("active_storage_variant_records", :account_id)
   -> 0.0009s
-- index_exists?("assignments", :account_id)
   -> 0.0009s
-- remove_index("assignments", :account_id)
   -> 0.0017s
-- index_exists?("board_publications", :account_id)
   -> 0.0003s
-- remove_index("board_publications", :account_id)
   -> 0.0010s
-- index_exists?("card_activity_spikes", :account_id)
   -> 0.0014s
-- remove_index("card_activity_spikes", :account_id)
   -> 0.0003s
-- index_exists?("card_goldnesses", :account_id)
   -> 0.0007s
-- remove_index("card_goldnesses", :account_id)
   -> 0.0016s
-- index_exists?("card_not_nows", :account_id)
   -> 0.0010s
-- remove_index("card_not_nows", :account_id)
   -> 0.0010s
-- index_exists?("closures", :account_id)
   -> 0.0010s
-- remove_index("closures", :account_id)
   -> 0.0019s
-- index_exists?("entropies", :account_id)
   -> 0.0009s
-- remove_index("entropies", :account_id)
   -> 0.0012s
-- index_exists?("mentions", :account_id)
   -> 0.0008s
-- remove_index("mentions", :account_id)
   -> 0.0016s
-- index_exists?("pins", :account_id)
   -> 0.0009s
-- remove_index("pins", :account_id)
   -> 0.0008s
-- index_exists?("reactions", :account_id)
   -> 0.0006s
-- remove_index("reactions", :account_id)
   -> 0.0014s
-- index_exists?("search_queries", :account_id)
   -> 0.0007s
-- remove_index("search_queries", :account_id)
   -> 0.0009s
-- index_exists?("taggings", :account_id)
   -> 0.0005s
-- remove_index("taggings", :account_id)
   -> 0.0012s
-- index_exists?("user_settings", :account_id)
   -> 0.0003s
-- remove_index("user_settings", :account_id)
   -> 0.0012s
-- index_exists?("watches", :account_id)
   -> 0.0013s
-- remove_index("watches", :account_id)
   -> 0.0006s
-- index_exists?("webhook_delinquency_trackers", :account_id)
   -> 0.0006s
-- remove_index("webhook_delinquency_trackers", :account_id)
   -> 0.0011s
-- index_exists?("webhook_deliveries", :account_id)
   -> 0.0022s
-- remove_index("webhook_deliveries", :account_id)
   -> 0.0018s
-- index_exists?("account_join_codes", :account_id)
   -> 0.0007s
-- remove_index("account_join_codes", :account_id)
   -> 0.0026s
-- index_exists?("boards", :account_id)
   -> 0.0014s
-- remove_index("boards", :account_id)
   -> 0.0009s
-- index_exists?("cards", :account_id)
   -> 0.0013s
-- remove_index("cards", :account_id)
   -> 0.0008s
-- index_exists?("columns", :account_id)
   -> 0.0007s
-- remove_index("columns", :account_id)
   -> 0.0027s
-- index_exists?("comments", :account_id)
   -> 0.0002s
-- remove_index("comments", :account_id)
   -> 0.0003s
-- index_exists?("events", :account_id)
   -> 0.0005s
-- remove_index("events", :account_id)
   -> 0.0005s
-- index_exists?("filters", :account_id)
   -> 0.0002s
-- remove_index("filters", :account_id)
   -> 0.0003s
-- index_exists?("notification_bundles", :account_id)
   -> 0.0003s
-- remove_index("notification_bundles", :account_id)
   -> 0.0005s
-- index_exists?("notifications", :account_id)
   -> 0.0011s
-- remove_index("notifications", :account_id)
   -> 0.0006s
-- index_exists?("push_subscriptions", :account_id)
   -> 0.0002s
-- remove_index("push_subscriptions", :account_id)
   -> 0.0003s
-- index_exists?("steps", :account_id)
   -> 0.0003s
-- remove_index("steps", :account_id)
   -> 0.0004s
-- index_exists?("tags", :account_id)
   -> 0.0002s
-- remove_index("tags", :account_id)
   -> 0.0003s
-- index_exists?("users", :account_id)
   -> 0.0011s
-- remove_index("users", :account_id)
   -> 0.0005s
-- index_exists?("webhooks", :account_id)
   -> 0.0002s
-- remove_index("webhooks", :account_id)
   -> 0.0003s
-- change_column_null("account_imports", :account_id, true)
   -> 0.0067s
-- change_column_null("account_join_codes", :account_id, true)
   -> 0.0053s
-- change_column_null("boards", :account_id, true)
   -> 0.0045s
-- change_column_null("cards", :account_id, true)
   -> 0.0106s
-- change_column_null("columns", :account_id, true)
   -> 0.0058s
-- change_column_null("comments", :account_id, true)
   -> 0.0045s
-- change_column_null("events", :account_id, true)
   -> 0.0126s
-- change_column_null("filters", :account_id, true)
   -> 0.0043s
-- change_column_null("notification_bundles", :account_id, true)
   -> 0.0063s
-- change_column_null("notifications", :account_id, true)
   -> 0.0098s
-- change_column_null("push_subscriptions", :account_id, true)
   -> 0.0051s
-- change_column_null("steps", :account_id, true)
   -> 0.0055s
-- change_column_null("tags", :account_id, true)
   -> 0.0039s
-- change_column_null("users", :account_id, true)
   -> 0.0071s
-- change_column_null("webhooks", :account_id, true)
   -> 0.0052s
-- change_column_null("accesses", :account_id, true)
   -> 0.0081s
-- change_column_null("action_text_rich_texts", :account_id, true)
   -> 0.0047s
-- change_column_null("active_storage_attachments", :account_id, true)
   -> 0.0054s
-- change_column_null("active_storage_blobs", :account_id, true)
   -> 0.0049s
-- change_column_null("active_storage_variant_records", :account_id, true)
   -> 0.0040s
-- change_column_null("assignments", :account_id, true)
   -> 0.0056s
-- change_column_null("board_publications", :account_id, true)
   -> 0.0286s
-- change_column_null("card_activity_spikes", :account_id, true)
   -> 0.0046s
-- change_column_null("card_goldnesses", :account_id, true)
   -> 0.0043s
-- change_column_null("card_not_nows", :account_id, true)
   -> 0.0060s
-- change_column_null("closures", :account_id, true)
   -> 0.0063s
-- change_column_null("entropies", :account_id, true)
   -> 0.0057s
-- change_column_null("mentions", :account_id, true)
   -> 0.0068s
-- change_column_null("pins", :account_id, true)
   -> 0.0059s
-- change_column_null("reactions", :account_id, true)
   -> 0.0057s
-- change_column_null("search_queries", :account_id, true)
   -> 0.0060s
-- change_column_null("taggings", :account_id, true)
   -> 0.0052s
-- change_column_null("user_settings", :account_id, true)
   -> 0.0052s
-- change_column_null("watches", :account_id, true)
   -> 0.0063s
-- change_column_null("webhook_delinquency_trackers", :account_id, true)
   -> 0.0041s
-- change_column_null("webhook_deliveries", :account_id, true)
   -> 0.0070s
-- column_exists?("accesses", :account_id)
   -> 0.0003s
-- remove_column("accesses", :account_id)
   -> 0.0074s
-- column_exists?("action_text_rich_texts", :account_id)
   -> 0.0003s
-- remove_column("action_text_rich_texts", :account_id)
   -> 0.0042s
-- column_exists?("active_storage_attachments", :account_id)
   -> 0.0003s
-- remove_column("active_storage_attachments", :account_id)
   -> 0.0050s
-- column_exists?("active_storage_blobs", :account_id)
   -> 0.0003s
-- remove_column("active_storage_blobs", :account_id)
   -> 0.0045s
-- column_exists?("active_storage_variant_records", :account_id)
   -> 0.0002s
-- remove_column("active_storage_variant_records", :account_id)
   -> 0.0036s
-- column_exists?("assignments", :account_id)
   -> 0.0003s
-- remove_column("assignments", :account_id)
   -> 0.0049s
-- column_exists?("board_publications", :account_id)
   -> 0.0002s
-- remove_column("board_publications", :account_id)
   -> 0.0047s
-- column_exists?("card_activity_spikes", :account_id)
   -> 0.0002s
-- remove_column("card_activity_spikes", :account_id)
   -> 0.0037s
-- column_exists?("card_goldnesses", :account_id)
   -> 0.0002s
-- remove_column("card_goldnesses", :account_id)
   -> 0.0037s
-- column_exists?("card_not_nows", :account_id)
   -> 0.0003s
-- remove_column("card_not_nows", :account_id)
   -> 0.0048s
-- column_exists?("closures", :account_id)
   -> 0.0003s
-- remove_column("closures", :account_id)
   -> 0.0220s
-- column_exists?("entropies", :account_id)
   -> 0.0003s
-- remove_column("entropies", :account_id)
   -> 0.0064s
-- column_exists?("mentions", :account_id)
   -> 0.0003s
-- remove_column("mentions", :account_id)
   -> 0.0072s
-- column_exists?("pins", :account_id)
   -> 0.0003s
-- remove_column("pins", :account_id)
   -> 0.0060s
-- column_exists?("reactions", :account_id)
   -> 0.0003s
-- remove_column("reactions", :account_id)
   -> 0.0057s
-- column_exists?("search_queries", :account_id)
   -> 0.0006s
-- remove_column("search_queries", :account_id)
   -> 0.0058s
-- column_exists?("taggings", :account_id)
   -> 0.0002s
-- remove_column("taggings", :account_id)
   -> 0.0049s
-- column_exists?("user_settings", :account_id)
   -> 0.0003s
-- remove_column("user_settings", :account_id)
   -> 0.0056s
-- column_exists?("watches", :account_id)
   -> 0.0003s
-- remove_column("watches", :account_id)
   -> 0.0061s
-- column_exists?("webhook_delinquency_trackers", :account_id)
   -> 0.0003s
-- remove_column("webhook_delinquency_trackers", :account_id)
   -> 0.0045s
-- column_exists?("webhook_deliveries", :account_id)
   -> 0.0004s
-- remove_column("webhook_deliveries", :account_id)
   -> 0.0090s
== 20260710120000 AddAccountIdToRemainingTables: reverted (0.4429s) ===========

== 20260710120000 AddAccountIdToRemainingTables: migrating ====================
-- column_exists?("accesses", :account_id)
   -> 0.0018s
-- add_column("accesses", :account_id, :uuid)
   -> 0.0017s
-- column_exists?("action_text_rich_texts", :account_id)
   -> 0.0009s
-- add_column("action_text_rich_texts", :account_id, :uuid)
   -> 0.0006s
-- column_exists?("active_storage_attachments", :account_id)
   -> 0.0016s
-- add_column("active_storage_attachments", :account_id, :uuid)
   -> 0.0007s
-- column_exists?("active_storage_blobs", :account_id)
   -> 0.0010s
-- add_column("active_storage_blobs", :account_id, :uuid)
   -> 0.0007s
-- column_exists?("active_storage_variant_records", :account_id)
   -> 0.0009s
-- add_column("active_storage_variant_records", :account_id, :uuid)
   -> 0.0013s
-- column_exists?("assignments", :account_id)
   -> 0.0008s
-- add_column("assignments", :account_id, :uuid)
   -> 0.0006s
-- column_exists?("board_publications", :account_id)
   -> 0.0016s
-- add_column("board_publications", :account_id, :uuid)
   -> 0.0013s
-- column_exists?("card_activity_spikes", :account_id)
   -> 0.0002s
-- add_column("card_activity_spikes", :account_id, :uuid)
   -> 0.0013s
-- column_exists?("card_goldnesses", :account_id)
   -> 0.0003s
-- add_column("card_goldnesses", :account_id, :uuid)
   -> 0.0006s
-- column_exists?("card_not_nows", :account_id)
   -> 0.0016s
-- add_column("card_not_nows", :account_id, :uuid)
   -> 0.0006s
-- column_exists?("closures", :account_id)
   -> 0.0009s
-- add_column("closures", :account_id, :uuid)
   -> 0.0007s
-- column_exists?("entropies", :account_id)
   -> 0.0015s
-- add_column("entropies", :account_id, :uuid)
   -> 0.0010s
-- column_exists?("mentions", :account_id)
   -> 0.0004s
-- add_column("mentions", :account_id, :uuid)
   -> 0.0006s
-- column_exists?("pins", :account_id)
   -> 0.0007s
-- add_column("pins", :account_id, :uuid)
   -> 0.0018s
-- column_exists?("reactions", :account_id)
   -> 0.0010s
-- add_column("reactions", :account_id, :uuid)
   -> 0.0007s
-- column_exists?("search_queries", :account_id)
   -> 0.0003s
-- add_column("search_queries", :account_id, :uuid)
   -> 0.0010s
-- column_exists?("taggings", :account_id)
   -> 0.0003s
-- add_column("taggings", :account_id, :uuid)
   -> 0.0014s
-- column_exists?("user_settings", :account_id)
   -> 0.0010s
-- add_column("user_settings", :account_id, :uuid)
   -> 0.0006s
-- column_exists?("watches", :account_id)
   -> 0.0023s
-- add_column("watches", :account_id, :uuid)
   -> 0.0007s
-- column_exists?("webhook_delinquency_trackers", :account_id)
   -> 0.0023s
-- add_column("webhook_delinquency_trackers", :account_id, :uuid)
   -> 0.0007s
-- column_exists?("webhook_deliveries", :account_id)
   -> 0.0010s
-- add_column("webhook_deliveries", :account_id, :uuid)
   -> 0.0014s
-- quote_table_name("boards")
   -> 0.0000s
-- quote_table_name("users")
   -> 0.0000s
-- quote_table_name("users")
   -> 0.0000s
-- quote_table_name("users")
   -> 0.0000s
-- quote_table_name("boards")
   -> 0.0000s
-- execute("UPDATE \"boards\"\nSET account_id = (SELECT \"users\".account_id FROM \"users\" WHERE \"users\".id = \"boards\".creator_id)\nWHERE account_id IS NULL\n")
   -> 0.0001s
-- quote_table_name("cards")
   -> 0.0000s
-- quote_table_name("boards")
   -> 0.0000s
-- quote_table_name("boards")
   -> 0.0000s
-- quote_table_name("boards")
   -> 0.0000s
-- quote_table_name("cards")
   -> 0.0000s
-- execute("UPDATE \"cards\"\nSET account_id = (SELECT \"boards\".account_id FROM \"boards\" WHERE \"boards\".id = \"cards\".board_id)\nWHERE account_id IS NULL\n")
   -> 0.0001s
-- quote_table_name("columns")
   -> 0.0000s
-- quote_table_name("boards")
   -> 0.0000s
-- quote_table_name("boards")
   -> 0.0000s
-- quote_table_name("boards")
   -> 0.0000s
-- quote_table_name("columns")
   -> 0.0007s
-- execute("UPDATE \"columns\"\nSET account_id = (SELECT \"boards\".account_id FROM \"boards\" WHERE \"boards\".id = \"columns\".board_id)\nWHERE account_id IS NULL\n")
   -> 0.0001s
-- quote_table_name("comments")
   -> 0.0000s
-- quote_table_name("cards")
   -> 0.0000s
-- quote_table_name("cards")
   -> 0.0000s
-- quote_table_name("cards")
   -> 0.0000s
-- quote_table_name("comments")
   -> 0.0000s
-- execute("UPDATE \"comments\"\nSET account_id = (SELECT \"cards\".account_id FROM \"cards\" WHERE \"cards\".id = \"comments\".card_id)\nWHERE account_id IS NULL\n")
   -> 0.0007s
-- quote_table_name("events")
   -> 0.0000s
-- quote_table_name("boards")
   -> 0.0000s
-- quote_table_name("boards")
   -> 0.0000s
-- quote_table_name("boards")
   -> 0.0000s
-- quote_table_name("events")
   -> 0.0000s
-- execute("UPDATE \"events\"\nSET account_id = (SELECT \"boards\".account_id FROM \"boards\" WHERE \"boards\".id = \"events\".board_id)\nWHERE account_id IS NULL\n")
   -> 0.0001s
-- quote_table_name("filters")
   -> 0.0000s
-- quote_table_name("users")
   -> 0.0000s
-- quote_table_name("users")
   -> 0.0000s
-- quote_table_name("users")
   -> 0.0000s
-- quote_table_name("filters")
   -> 0.0000s
-- execute("UPDATE \"filters\"\nSET account_id = (SELECT \"users\".account_id FROM \"users\" WHERE \"users\".id = \"filters\".creator_id)\nWHERE account_id IS NULL\n")
   -> 0.0001s
-- quote_table_name("notification_bundles")
   -> 0.0000s
-- quote_table_name("users")
   -> 0.0000s
-- quote_table_name("users")
   -> 0.0000s
-- quote_table_name("users")
   -> 0.0000s
-- quote_table_name("notification_bundles")
   -> 0.0000s
-- execute("UPDATE \"notification_bundles\"\nSET account_id = (SELECT \"users\".account_id FROM \"users\" WHERE \"users\".id = \"notification_bundles\".user_id)\nWHERE account_id IS NULL\n")
   -> 0.0009s
-- quote_table_name("notifications")
   -> 0.0000s
-- quote_table_name("users")
   -> 0.0000s
-- quote_table_name("users")
   -> 0.0000s
-- quote_table_name("users")
   -> 0.0000s
-- quote_table_name("notifications")
   -> 0.0000s
-- execute("UPDATE \"notifications\"\nSET account_id = (SELECT \"users\".account_id FROM \"users\" WHERE \"users\".id = \"notifications\".user_id)\nWHERE account_id IS NULL\n")
   -> 0.0001s
-- quote_table_name("push_subscriptions")
   -> 0.0000s
-- quote_table_name("users")
   -> 0.0000s
-- quote_table_name("users")
   -> 0.0000s
-- quote_table_name("users")
   -> 0.0000s
-- quote_table_name("push_subscriptions")
   -> 0.0000s
-- execute("UPDATE \"push_subscriptions\"\nSET account_id = (SELECT \"users\".account_id FROM \"users\" WHERE \"users\".id = \"push_subscriptions\".user_id)\nWHERE account_id IS NULL\n")
   -> 0.0001s
-- quote_table_name("steps")
   -> 0.0000s
-- quote_table_name("cards")
   -> 0.0000s
-- quote_table_name("cards")
   -> 0.0000s
-- quote_table_name("cards")
   -> 0.0000s
-- quote_table_name("steps")
   -> 0.0000s
-- execute("UPDATE \"steps\"\nSET account_id = (SELECT \"cards\".account_id FROM \"cards\" WHERE \"cards\".id = \"steps\".card_id)\nWHERE account_id IS NULL\n")
   -> 0.0001s
-- quote_table_name("webhooks")
   -> 0.0000s
-- quote_table_name("boards")
   -> 0.0000s
-- quote_table_name("boards")
   -> 0.0000s
-- quote_table_name("boards")
   -> 0.0000s
-- quote_table_name("webhooks")
   -> 0.0000s
-- execute("UPDATE \"webhooks\"\nSET account_id = (SELECT \"boards\".account_id FROM \"boards\" WHERE \"boards\".id = \"webhooks\".board_id)\nWHERE account_id IS NULL\n")
   -> 0.0001s
-- quote_table_name("tags")
   -> 0.0000s
-- quote_table_name("cards")
   -> 0.0000s
-- quote_table_name("cards")
   -> 0.0000s
-- quote_table_name("taggings")
   -> 0.0000s
-- quote_table_name("taggings")
   -> 0.0000s
-- quote_table_name("cards")
   -> 0.0000s
-- quote_table_name("taggings")
   -> 0.0000s
-- quote_table_name("tags")
   -> 0.0000s
-- execute("UPDATE \"tags\"\nSET account_id = (SELECT \"cards\".account_id FROM \"cards\" INNER JOIN \"taggings\" ON \"taggings\".card_id = \"cards\".id WHERE \"taggings\".tag_id = \"tags\".id LIMIT 1)\nWHERE account_id IS NULL\n")
   -> 0.0001s
-- quote_table_name("accesses")
   -> 0.0000s
-- quote_table_name("boards")
   -> 0.0000s
-- quote_table_name("boards")
   -> 0.0000s
-- quote_table_name("boards")
   -> 0.0000s
-- quote_table_name("accesses")
   -> 0.0000s
-- execute("UPDATE \"accesses\"\nSET account_id = (SELECT \"boards\".account_id FROM \"boards\" WHERE \"boards\".id = \"accesses\".board_id)\nWHERE account_id IS NULL\n")
   -> 0.0010s
-- quote_table_name("assignments")
   -> 0.0000s
-- quote_table_name("cards")
   -> 0.0000s
-- quote_table_name("cards")
   -> 0.0000s
-- quote_table_name("cards")
   -> 0.0000s
-- quote_table_name("assignments")
   -> 0.0000s
-- execute("UPDATE \"assignments\"\nSET account_id = (SELECT \"cards\".account_id FROM \"cards\" WHERE \"cards\".id = \"assignments\".card_id)\nWHERE account_id IS NULL\n")
   -> 0.0001s
-- quote_table_name("board_publications")
   -> 0.0000s
-- quote_table_name("boards")
   -> 0.0000s
-- quote_table_name("boards")
   -> 0.0000s
-- quote_table_name("boards")
   -> 0.0000s
-- quote_table_name("board_publications")
   -> 0.0000s
-- execute("UPDATE \"board_publications\"\nSET account_id = (SELECT \"boards\".account_id FROM \"boards\" WHERE \"boards\".id = \"board_publications\".board_id)\nWHERE account_id IS NULL\n")
   -> 0.0003s
-- quote_table_name("card_activity_spikes")
   -> 0.0000s
-- quote_table_name("cards")
   -> 0.0000s
-- quote_table_name("cards")
   -> 0.0000s
-- quote_table_name("cards")
   -> 0.0000s
-- quote_table_name("card_activity_spikes")
   -> 0.0000s
-- execute("UPDATE \"card_activity_spikes\"\nSET account_id = (SELECT \"cards\".account_id FROM \"cards\" WHERE \"cards\".id = \"card_activity_spikes\".card_id)\nWHERE account_id IS NULL\n")
   -> 0.0001s
-- quote_table_name("card_goldnesses")
   -> 0.0000s
-- quote_table_name("cards")
   -> 0.0000s
-- quote_table_name("cards")
   -> 0.0000s
-- quote_table_name("cards")
   -> 0.0000s
-- quote_table_name("card_goldnesses")
   -> 0.0000s
-- execute("UPDATE \"card_goldnesses\"\nSET account_id = (SELECT \"cards\".account_id FROM \"cards\" WHERE \"cards\".id = \"card_goldnesses\".card_id)\nWHERE account_id IS NULL\n")
   -> 0.0007s
-- quote_table_name("card_not_nows")
   -> 0.0000s
-- quote_table_name("cards")
   -> 0.0000s
-- quote_table_name("cards")
   -> 0.0000s
-- quote_table_name("cards")
   -> 0.0000s
-- quote_table_name("card_not_nows")
   -> 0.0000s
-- execute("UPDATE \"card_not_nows\"\nSET account_id = (SELECT \"cards\".account_id FROM \"cards\" WHERE \"cards\".id = \"card_not_nows\".card_id)\nWHERE account_id IS NULL\n")
   -> 0.0001s
-- quote_table_name("closures")
   -> 0.0000s
-- quote_table_name("cards")
   -> 0.0000s
-- quote_table_name("cards")
   -> 0.0000s
-- quote_table_name("cards")
   -> 0.0000s
-- quote_table_name("closures")
   -> 0.0000s
-- execute("UPDATE \"closures\"\nSET account_id = (SELECT \"cards\".account_id FROM \"cards\" WHERE \"cards\".id = \"closures\".card_id)\nWHERE account_id IS NULL\n")
   -> 0.0001s
-- quote_table_name("entropies")
   -> 0.0000s
-- execute("UPDATE \"entropies\"\nSET account_id = container_id\nWHERE account_id IS NULL AND container_type = 'Account'\n")
   -> 0.0007s
-- quote_table_name("entropies")
   -> 0.0000s
-- quote_table_name("boards")
   -> 0.0000s
-- quote_table_name("boards")
   -> 0.0000s
-- quote_table_name("boards")
   -> 0.0000s
-- quote_table_name("entropies")
   -> 0.0000s
-- execute("UPDATE \"entropies\"\nSET account_id = (SELECT \"boards\".account_id FROM \"boards\" WHERE \"boards\".id = \"entropies\".container_id)\nWHERE account_id IS NULL AND container_type = 'Board'\n")
   -> 0.0009s
-- quote_table_name("mentions")
   -> 0.0000s
-- quote_table_name("cards")
   -> 0.0000s
-- quote_table_name("cards")
   -> 0.0000s
-- quote_table_name("cards")
   -> 0.0000s
-- quote_table_name("mentions")
   -> 0.0000s
-- execute("UPDATE \"mentions\"\nSET account_id = (SELECT \"cards\".account_id FROM \"cards\" WHERE \"cards\".id = \"mentions\".source_id)\nWHERE account_id IS NULL AND source_type = 'Card'\n")
   -> 0.0001s
-- quote_table_name("mentions")
   -> 0.0000s
-- quote_table_name("comments")
   -> 0.0000s
-- quote_table_name("comments")
   -> 0.0000s
-- quote_table_name("comments")
   -> 0.0000s
-- quote_table_name("mentions")
   -> 0.0000s
-- execute("UPDATE \"mentions\"\nSET account_id = (SELECT \"comments\".account_id FROM \"comments\" WHERE \"comments\".id = \"mentions\".source_id)\nWHERE account_id IS NULL AND source_type = 'Comment'\n")
   -> 0.0001s
-- quote_table_name("pins")
   -> 0.0000s
-- quote_table_name("cards")
   -> 0.0000s
-- quote_table_name("cards")
   -> 0.0000s
-- quote_table_name("cards")
   -> 0.0000s
-- quote_table_name("pins")
   -> 0.0000s
-- execute("UPDATE \"pins\"\nSET account_id = (SELECT \"cards\".account_id FROM \"cards\" WHERE \"cards\".id = \"pins\".card_id)\nWHERE account_id IS NULL\n")
   -> 0.0004s
-- quote_table_name("reactions")
   -> 0.0000s
-- quote_table_name("cards")
   -> 0.0000s
-- quote_table_name("cards")
   -> 0.0000s
-- quote_table_name("cards")
   -> 0.0000s
-- quote_table_name("reactions")
   -> 0.0000s
-- execute("UPDATE \"reactions\"\nSET account_id = (SELECT \"cards\".account_id FROM \"cards\" WHERE \"cards\".id = \"reactions\".reactable_id)\nWHERE account_id IS NULL AND reactable_type = 'Card'\n")
   -> 0.0001s
-- quote_table_name("reactions")
   -> 0.0000s
-- quote_table_name("comments")
   -> 0.0000s
-- quote_table_name("comments")
   -> 0.0000s
-- quote_table_name("comments")
   -> 0.0000s
-- quote_table_name("reactions")
   -> 0.0000s
-- execute("UPDATE \"reactions\"\nSET account_id = (SELECT \"comments\".account_id FROM \"comments\" WHERE \"comments\".id = \"reactions\".reactable_id)\nWHERE account_id IS NULL AND reactable_type = 'Comment'\n")
   -> 0.0001s
-- quote_table_name("taggings")
   -> 0.0000s
-- quote_table_name("cards")
   -> 0.0000s
-- quote_table_name("cards")
   -> 0.0000s
-- quote_table_name("cards")
   -> 0.0000s
-- quote_table_name("taggings")
   -> 0.0000s
-- execute("UPDATE \"taggings\"\nSET account_id = (SELECT \"cards\".account_id FROM \"cards\" WHERE \"cards\".id = \"taggings\".card_id)\nWHERE account_id IS NULL\n")
   -> 0.0003s
-- quote_table_name("watches")
   -> 0.0000s
-- quote_table_name("cards")
   -> 0.0000s
-- quote_table_name("cards")
   -> 0.0000s
-- quote_table_name("cards")
   -> 0.0000s
-- quote_table_name("watches")
   -> 0.0000s
-- execute("UPDATE \"watches\"\nSET account_id = (SELECT \"cards\".account_id FROM \"cards\" WHERE \"cards\".id = \"watches\".card_id)\nWHERE account_id IS NULL\n")
   -> 0.0001s
-- quote_table_name("webhook_delinquency_trackers")
   -> 0.0000s
-- quote_table_name("webhooks")
   -> 0.0000s
-- quote_table_name("webhooks")
   -> 0.0000s
-- quote_table_name("webhooks")
   -> 0.0000s
-- quote_table_name("webhook_delinquency_trackers")
   -> 0.0000s
-- execute("UPDATE \"webhook_delinquency_trackers\"\nSET account_id = (SELECT \"webhooks\".account_id FROM \"webhooks\" WHERE \"webhooks\".id = \"webhook_delinquency_trackers\".webhook_id)\nWHERE account_id IS NULL\n")
   -> 0.0001s
-- quote_table_name("webhook_deliveries")
   -> 0.0000s
-- quote_table_name("webhooks")
   -> 0.0000s
-- quote_table_name("webhooks")
   -> 0.0000s
-- quote_table_name("webhooks")
   -> 0.0000s
-- quote_table_name("webhook_deliveries")
   -> 0.0000s
-- execute("UPDATE \"webhook_deliveries\"\nSET account_id = (SELECT \"webhooks\".account_id FROM \"webhooks\" WHERE \"webhooks\".id = \"webhook_deliveries\".webhook_id)\nWHERE account_id IS NULL\n")
   -> 0.0001s
-- quote_table_name("webhook_deliveries")
   -> 0.0000s
-- quote_table_name("events")
   -> 0.0000s
-- quote_table_name("events")
   -> 0.0000s
-- quote_table_name("events")
   -> 0.0000s
-- quote_table_name("webhook_deliveries")
   -> 0.0000s
-- execute("UPDATE \"webhook_deliveries\"\nSET account_id = (SELECT \"events\".account_id FROM \"events\" WHERE \"events\".id = \"webhook_deliveries\".event_id)\nWHERE account_id IS NULL\n")
   -> 0.0001s
-- quote_table_name("search_queries")
   -> 0.0000s
-- quote_table_name("users")
   -> 0.0000s
-- quote_table_name("users")
   -> 0.0000s
-- quote_table_name("users")
   -> 0.0000s
-- quote_table_name("search_queries")
   -> 0.0000s
-- execute("UPDATE \"search_queries\"\nSET account_id = (SELECT \"users\".account_id FROM \"users\" WHERE \"users\".id = \"search_queries\".user_id)\nWHERE account_id IS NULL\n")
   -> 0.0005s
-- quote_table_name("user_settings")
   -> 0.0000s
-- quote_table_name("users")
   -> 0.0000s
-- quote_table_name("users")
   -> 0.0000s
-- quote_table_name("users")
   -> 0.0000s
-- quote_table_name("user_settings")
   -> 0.0000s
-- execute("UPDATE \"user_settings\"\nSET account_id = (SELECT \"users\".account_id FROM \"users\" WHERE \"users\".id = \"user_settings\".user_id)\nWHERE account_id IS NULL\n")
   -> 0.0001s
-- quote_table_name("action_text_rich_texts")
   -> 0.0000s
-- quote_table_name("cards")
   -> 0.0000s
-- quote_table_name("cards")
   -> 0.0000s
-- quote_table_name("cards")
   -> 0.0000s
-- quote_table_name("action_text_rich_texts")
   -> 0.0000s
-- execute("UPDATE \"action_text_rich_texts\"\nSET account_id = (SELECT \"cards\".account_id FROM \"cards\" WHERE \"cards\".id = \"action_text_rich_texts\".record_id)\nWHERE account_id IS NULL AND record_type = 'Card'\n")
   -> 0.0001s
-- quote_table_name("action_text_rich_texts")
   -> 0.0000s
-- quote_table_name("comments")
   -> 0.0000s
-- quote_table_name("comments")
   -> 0.0000s
-- quote_table_name("comments")
   -> 0.0000s
-- quote_table_name("action_text_rich_texts")
   -> 0.0000s
-- execute("UPDATE \"action_text_rich_texts\"\nSET account_id = (SELECT \"comments\".account_id FROM \"comments\" WHERE \"comments\".id = \"action_text_rich_texts\".record_id)\nWHERE account_id IS NULL AND record_type = 'Comment'\n")
   -> 0.0001s
-- quote_table_name("action_text_rich_texts")
   -> 0.0000s
-- quote_table_name("boards")
   -> 0.0000s
-- quote_table_name("boards")
   -> 0.0000s
-- quote_table_name("boards")
   -> 0.0000s
-- quote_table_name("action_text_rich_texts")
   -> 0.0000s
-- execute("UPDATE \"action_text_rich_texts\"\nSET account_id = (SELECT \"boards\".account_id FROM \"boards\" WHERE \"boards\".id = \"action_text_rich_texts\".record_id)\nWHERE account_id IS NULL AND record_type = 'Board'\n")
   -> 0.0003s
-- quote_table_name("active_storage_attachments")
   -> 0.0000s
-- quote_table_name("cards")
   -> 0.0000s
-- quote_table_name("cards")
   -> 0.0000s
-- quote_table_name("cards")
   -> 0.0000s
-- quote_table_name("active_storage_attachments")
   -> 0.0000s
-- execute("UPDATE \"active_storage_attachments\"\nSET account_id = (SELECT \"cards\".account_id FROM \"cards\" WHERE \"cards\".id = \"active_storage_attachments\".record_id)\nWHERE account_id IS NULL AND record_type = 'Card'\n")
   -> 0.0001s
-- quote_table_name("active_storage_attachments")
   -> 0.0000s
-- quote_table_name("users")
   -> 0.0000s
-- quote_table_name("users")
   -> 0.0000s
-- quote_table_name("users")
   -> 0.0000s
-- quote_table_name("active_storage_attachments")
   -> 0.0000s
-- execute("UPDATE \"active_storage_attachments\"\nSET account_id = (SELECT \"users\".account_id FROM \"users\" WHERE \"users\".id = \"active_storage_attachments\".record_id)\nWHERE account_id IS NULL AND record_type = 'User'\n")
   -> 0.0005s
-- quote_table_name("active_storage_attachments")
   -> 0.0000s
-- quote_table_name("comments")
   -> 0.0000s
-- quote_table_name("comments")
   -> 0.0000s
-- quote_table_name("comments")
   -> 0.0000s
-- quote_table_name("active_storage_attachments")
   -> 0.0000s
-- execute("UPDATE \"active_storage_attachments\"\nSET account_id = (SELECT \"comments\".account_id FROM \"comments\" WHERE \"comments\".id = \"active_storage_attachments\".record_id)\nWHERE account_id IS NULL AND record_type = 'Comment'\n")
   -> 0.0001s
-- quote_table_name("active_storage_attachments")
   -> 0.0000s
-- quote_table_name("boards")
   -> 0.0000s
-- quote_table_name("boards")
   -> 0.0000s
-- quote_table_name("boards")
   -> 0.0000s
-- quote_table_name("active_storage_attachments")
   -> 0.0000s
-- execute("UPDATE \"active_storage_attachments\"\nSET account_id = (SELECT \"boards\".account_id FROM \"boards\" WHERE \"boards\".id = \"active_storage_attachments\".record_id)\nWHERE account_id IS NULL AND record_type = 'Board'\n")
   -> 0.0001s
-- quote_table_name("active_storage_attachments")
   -> 0.0000s
-- quote_table_name("exports")
   -> 0.0000s
-- quote_table_name("exports")
   -> 0.0000s
-- quote_table_name("exports")
   -> 0.0000s
-- quote_table_name("active_storage_attachments")
   -> 0.0000s
-- execute("UPDATE \"active_storage_attachments\"\nSET account_id = (SELECT \"exports\".account_id FROM \"exports\" WHERE \"exports\".id = \"active_storage_attachments\".record_id)\nWHERE account_id IS NULL AND record_type IN ('Export', 'Account::Export', 'User::DataExport')\n")
   -> 0.0001s
-- quote_table_name("active_storage_attachments")
   -> 0.0000s
-- quote_table_name("account_imports")
   -> 0.0000s
-- quote_table_name("account_imports")
   -> 0.0000s
-- quote_table_name("account_imports")
   -> 0.0000s
-- quote_table_name("active_storage_attachments")
   -> 0.0000s
-- execute("UPDATE \"active_storage_attachments\"\nSET account_id = (SELECT \"account_imports\".account_id FROM \"account_imports\" WHERE \"account_imports\".id = \"active_storage_attachments\".record_id)\nWHERE account_id IS NULL AND record_type = 'Account::Import'\n")
   -> 0.0005s
-- quote_table_name("active_storage_attachments")
   -> 0.0000s
-- quote_table_name("action_text_rich_texts")
   -> 0.0000s
-- quote_table_name("action_text_rich_texts")
   -> 0.0000s
-- quote_table_name("action_text_rich_texts")
   -> 0.0000s
-- quote_table_name("active_storage_attachments")
   -> 0.0000s
-- execute("UPDATE \"active_storage_attachments\"\nSET account_id = (SELECT \"action_text_rich_texts\".account_id FROM \"action_text_rich_texts\" WHERE \"action_text_rich_texts\".id = \"active_storage_attachments\".record_id)\nWHERE account_id IS NULL AND record_type = 'ActionText::RichText'\n")
   -> 0.0001s
-- quote_table_name("active_storage_blobs")
   -> 0.0000s
-- quote_table_name("active_storage_attachments")
   -> 0.0000s
-- quote_table_name("active_storage_attachments")
   -> 0.0000s
-- quote_table_name("active_storage_attachments")
   -> 0.0000s
-- quote_table_name("active_storage_blobs")
   -> 0.0000s
-- quote_table_name("active_storage_attachments")
   -> 0.0000s
-- execute("UPDATE \"active_storage_blobs\"\nSET account_id = (SELECT \"active_storage_attachments\".account_id FROM \"active_storage_attachments\" WHERE \"active_storage_attachments\".blob_id = \"active_storage_blobs\".id AND \"active_storage_attachments\".account_id IS NOT NULL LIMIT 1)\nWHERE account_id IS NULL\n")
   -> 0.0001s
-- quote_table_name("active_storage_variant_records")
   -> 0.0000s
-- quote_table_name("active_storage_blobs")
   -> 0.0000s
-- quote_table_name("active_storage_blobs")
   -> 0.0000s
-- quote_table_name("active_storage_blobs")
   -> 0.0000s
-- quote_table_name("active_storage_variant_records")
   -> 0.0000s
-- execute("UPDATE \"active_storage_variant_records\"\nSET account_id = (SELECT \"active_storage_blobs\".account_id FROM \"active_storage_blobs\" WHERE \"active_storage_blobs\".id = \"active_storage_variant_records\".blob_id)\nWHERE account_id IS NULL\n")
   -> 0.0006s
-- quote_table_name("active_storage_attachments")
   -> 0.0000s
-- quote_table_name("active_storage_variant_records")
   -> 0.0000s
-- quote_table_name("active_storage_variant_records")
   -> 0.0000s
-- quote_table_name("active_storage_variant_records")
   -> 0.0000s
-- quote_table_name("active_storage_attachments")
   -> 0.0000s
-- execute("UPDATE \"active_storage_attachments\"\nSET account_id = (SELECT \"active_storage_variant_records\".account_id FROM \"active_storage_variant_records\" WHERE \"active_storage_variant_records\".id = \"active_storage_attachments\".record_id)\nWHERE account_id IS NULL AND record_type = 'ActiveStorage::VariantRecord'\n")
   -> 0.0002s
-- quote_table_name("active_storage_blobs")
   -> 0.0000s
-- quote_table_name("active_storage_attachments")
   -> 0.0000s
-- quote_table_name("active_storage_attachments")
   -> 0.0000s
-- quote_table_name("active_storage_attachments")
   -> 0.0000s
-- quote_table_name("active_storage_blobs")
   -> 0.0000s
-- quote_table_name("active_storage_attachments")
   -> 0.0000s
-- execute("UPDATE \"active_storage_blobs\"\nSET account_id = (SELECT \"active_storage_attachments\".account_id FROM \"active_storage_attachments\" WHERE \"active_storage_attachments\".blob_id = \"active_storage_blobs\".id AND \"active_storage_attachments\".account_id IS NOT NULL LIMIT 1)\nWHERE account_id IS NULL\n")
   -> 0.0001s
-- quote_table_name("account_imports")
   -> 0.0000s
-- execute("DELETE FROM \"account_imports\" WHERE account_id IS NULL")
   -> 0.0001s
-- quote_table_name("account_join_codes")
   -> 0.0000s
-- execute("DELETE FROM \"account_join_codes\" WHERE account_id IS NULL")
   -> 0.0001s
-- quote_table_name("boards")
   -> 0.0000s
-- execute("DELETE FROM \"boards\" WHERE account_id IS NULL")
   -> 0.0001s
-- quote_table_name("cards")
   -> 0.0000s
-- execute("DELETE FROM \"cards\" WHERE account_id IS NULL")
   -> 0.0005s
-- quote_table_name("columns")
   -> 0.0000s
-- execute("DELETE FROM \"columns\" WHERE account_id IS NULL")
   -> 0.0001s
-- quote_table_name("comments")
   -> 0.0000s
-- execute("DELETE FROM \"comments\" WHERE account_id IS NULL")
   -> 0.0001s
-- quote_table_name("events")
   -> 0.0000s
-- execute("DELETE FROM \"events\" WHERE account_id IS NULL")
   -> 0.0001s
-- quote_table_name("filters")
   -> 0.0000s
-- execute("DELETE FROM \"filters\" WHERE account_id IS NULL")
   -> 0.0001s
-- quote_table_name("notification_bundles")
   -> 0.0000s
-- execute("DELETE FROM \"notification_bundles\" WHERE account_id IS NULL")
   -> 0.0009s
-- quote_table_name("notifications")
   -> 0.0000s
-- execute("DELETE FROM \"notifications\" WHERE account_id IS NULL")
   -> 0.0001s
-- quote_table_name("push_subscriptions")
   -> 0.0000s
-- execute("DELETE FROM \"push_subscriptions\" WHERE account_id IS NULL")
   -> 0.0007s
-- quote_table_name("steps")
   -> 0.0000s
-- execute("DELETE FROM \"steps\" WHERE account_id IS NULL")
   -> 0.0007s
-- quote_table_name("tags")
   -> 0.0000s
-- execute("DELETE FROM \"tags\" WHERE account_id IS NULL")
   -> 0.0001s
-- quote_table_name("users")
   -> 0.0000s
-- execute("DELETE FROM \"users\" WHERE account_id IS NULL")
   -> 0.0001s
-- quote_table_name("webhooks")
   -> 0.0000s
-- execute("DELETE FROM \"webhooks\" WHERE account_id IS NULL")
   -> 0.0001s
-- quote_table_name("accesses")
   -> 0.0000s
-- execute("DELETE FROM \"accesses\" WHERE account_id IS NULL")
   -> 0.0007s
-- quote_table_name("action_text_rich_texts")
   -> 0.0000s
-- execute("DELETE FROM \"action_text_rich_texts\" WHERE account_id IS NULL")
   -> 0.0001s
-- quote_table_name("active_storage_attachments")
   -> 0.0000s
-- execute("DELETE FROM \"active_storage_attachments\" WHERE account_id IS NULL")
   -> 0.0001s
-- quote_table_name("active_storage_blobs")
   -> 0.0000s
-- execute("DELETE FROM \"active_storage_blobs\" WHERE account_id IS NULL")
   -> 0.0007s
-- quote_table_name("active_storage_variant_records")
   -> 0.0000s
-- execute("DELETE FROM \"active_storage_variant_records\" WHERE account_id IS NULL")
   -> 0.0001s
-- quote_table_name("assignments")
   -> 0.0000s
-- execute("DELETE FROM \"assignments\" WHERE account_id IS NULL")
   -> 0.0001s
-- quote_table_name("board_publications")
   -> 0.0000s
-- execute("DELETE FROM \"board_publications\" WHERE account_id IS NULL")
   -> 0.0001s
-- quote_table_name("card_activity_spikes")
   -> 0.0000s
-- execute("DELETE FROM \"card_activity_spikes\" WHERE account_id IS NULL")
   -> 0.0001s
-- quote_table_name("card_goldnesses")
   -> 0.0000s
-- execute("DELETE FROM \"card_goldnesses\" WHERE account_id IS NULL")
   -> 0.0007s
-- quote_table_name("card_not_nows")
   -> 0.0000s
-- execute("DELETE FROM \"card_not_nows\" WHERE account_id IS NULL")
   -> 0.0001s
-- quote_table_name("closures")
   -> 0.0000s
-- execute("DELETE FROM \"closures\" WHERE account_id IS NULL")
   -> 0.0001s
-- quote_table_name("entropies")
   -> 0.0000s
-- execute("DELETE FROM \"entropies\" WHERE account_id IS NULL")
   -> 0.0022s
-- quote_table_name("mentions")
   -> 0.0000s
-- execute("DELETE FROM \"mentions\" WHERE account_id IS NULL")
   -> 0.0001s
-- quote_table_name("pins")
   -> 0.0000s
-- execute("DELETE FROM \"pins\" WHERE account_id IS NULL")
   -> 0.0001s
-- quote_table_name("reactions")
   -> 0.0000s
-- execute("DELETE FROM \"reactions\" WHERE account_id IS NULL")
   -> 0.0001s
-- quote_table_name("search_queries")
   -> 0.0000s
-- execute("DELETE FROM \"search_queries\" WHERE account_id IS NULL")
   -> 0.0001s
-- quote_table_name("taggings")
   -> 0.0000s
-- execute("DELETE FROM \"taggings\" WHERE account_id IS NULL")
   -> 0.0007s
-- quote_table_name("user_settings")
   -> 0.0000s
-- execute("DELETE FROM \"user_settings\" WHERE account_id IS NULL")
   -> 0.0001s
-- quote_table_name("watches")
   -> 0.0000s
-- execute("DELETE FROM \"watches\" WHERE account_id IS NULL")
   -> 0.0001s
-- quote_table_name("webhook_delinquency_trackers")
   -> 0.0000s
-- execute("DELETE FROM \"webhook_delinquency_trackers\" WHERE account_id IS NULL")
   -> 0.0001s
-- quote_table_name("webhook_deliveries")
   -> 0.0000s
-- execute("DELETE FROM \"webhook_deliveries\" WHERE account_id IS NULL")
   -> 0.0001s
-- quote_table_name("account_imports")
   -> 0.0000s
-- quote_table_name("accounts")
   -> 0.0000s
-- execute("DELETE FROM \"account_imports\" WHERE account_id IS NOT NULL AND account_id NOT IN (SELECT id FROM \"accounts\")")
   -> 0.0001s
-- quote_table_name("account_join_codes")
   -> 0.0000s
-- quote_table_name("accounts")
   -> 0.0000s
-- execute("DELETE FROM \"account_join_codes\" WHERE account_id IS NOT NULL AND account_id NOT IN (SELECT id FROM \"accounts\")")
   -> 0.0001s
-- quote_table_name("boards")
   -> 0.0000s
-- quote_table_name("accounts")
   -> 0.0000s
-- execute("DELETE FROM \"boards\" WHERE account_id IS NOT NULL AND account_id NOT IN (SELECT id FROM \"accounts\")")
   -> 0.0001s
-- quote_table_name("cards")
   -> 0.0000s
-- quote_table_name("accounts")
   -> 0.0000s
-- execute("DELETE FROM \"cards\" WHERE account_id IS NOT NULL AND account_id NOT IN (SELECT id FROM \"accounts\")")
   -> 0.0001s
-- quote_table_name("columns")
   -> 0.0000s
-- quote_table_name("accounts")
   -> 0.0000s
-- execute("DELETE FROM \"columns\" WHERE account_id IS NOT NULL AND account_id NOT IN (SELECT id FROM \"accounts\")")
   -> 0.0004s
-- quote_table_name("comments")
   -> 0.0000s
-- quote_table_name("accounts")
   -> 0.0000s
-- execute("DELETE FROM \"comments\" WHERE account_id IS NOT NULL AND account_id NOT IN (SELECT id FROM \"accounts\")")
   -> 0.0001s
-- quote_table_name("events")
   -> 0.0000s
-- quote_table_name("accounts")
   -> 0.0000s
-- execute("DELETE FROM \"events\" WHERE account_id IS NOT NULL AND account_id NOT IN (SELECT id FROM \"accounts\")")
   -> 0.0001s
-- quote_table_name("filters")
   -> 0.0000s
-- quote_table_name("accounts")
   -> 0.0000s
-- execute("DELETE FROM \"filters\" WHERE account_id IS NOT NULL AND account_id NOT IN (SELECT id FROM \"accounts\")")
   -> 0.0001s
-- quote_table_name("notification_bundles")
   -> 0.0000s
-- quote_table_name("accounts")
   -> 0.0000s
-- execute("DELETE FROM \"notification_bundles\" WHERE account_id IS NOT NULL AND account_id NOT IN (SELECT id FROM \"accounts\")")
   -> 0.0003s
-- quote_table_name("notifications")
   -> 0.0000s
-- quote_table_name("accounts")
   -> 0.0000s
-- execute("DELETE FROM \"notifications\" WHERE account_id IS NOT NULL AND account_id NOT IN (SELECT id FROM \"accounts\")")
   -> 0.0003s
-- quote_table_name("push_subscriptions")
   -> 0.0000s
-- quote_table_name("accounts")
   -> 0.0000s
-- execute("DELETE FROM \"push_subscriptions\" WHERE account_id IS NOT NULL AND account_id NOT IN (SELECT id FROM \"accounts\")")
   -> 0.0001s
-- quote_table_name("steps")
   -> 0.0000s
-- quote_table_name("accounts")
   -> 0.0000s
-- execute("DELETE FROM \"steps\" WHERE account_id IS NOT NULL AND account_id NOT IN (SELECT id FROM \"accounts\")")
   -> 0.0001s
-- quote_table_name("tags")
   -> 0.0000s
-- quote_table_name("accounts")
   -> 0.0000s
-- execute("DELETE FROM \"tags\" WHERE account_id IS NOT NULL AND account_id NOT IN (SELECT id FROM \"accounts\")")
   -> 0.0001s
-- quote_table_name("users")
   -> 0.0000s
-- quote_table_name("accounts")
   -> 0.0000s
-- execute("DELETE FROM \"users\" WHERE account_id IS NOT NULL AND account_id NOT IN (SELECT id FROM \"accounts\")")
   -> 0.0003s
-- quote_table_name("webhooks")
   -> 0.0000s
-- quote_table_name("accounts")
   -> 0.0000s
-- execute("DELETE FROM \"webhooks\" WHERE account_id IS NOT NULL AND account_id NOT IN (SELECT id FROM \"accounts\")")
   -> 0.0001s
-- quote_table_name("accesses")
   -> 0.0000s
-- quote_table_name("accounts")
   -> 0.0000s
-- execute("DELETE FROM \"accesses\" WHERE account_id IS NOT NULL AND account_id NOT IN (SELECT id FROM \"accounts\")")
   -> 0.0001s
-- quote_table_name("action_text_rich_texts")
   -> 0.0000s
-- quote_table_name("accounts")
   -> 0.0000s
-- execute("DELETE FROM \"action_text_rich_texts\" WHERE account_id IS NOT NULL AND account_id NOT IN (SELECT id FROM \"accounts\")")
   -> 0.0001s
-- quote_table_name("active_storage_attachments")
   -> 0.0000s
-- quote_table_name("accounts")
   -> 0.0000s
-- execute("DELETE FROM \"active_storage_attachments\" WHERE account_id IS NOT NULL AND account_id NOT IN (SELECT id FROM \"accounts\")")
   -> 0.0003s
-- quote_table_name("active_storage_blobs")
   -> 0.0000s
-- quote_table_name("accounts")
   -> 0.0000s
-- execute("DELETE FROM \"active_storage_blobs\" WHERE account_id IS NOT NULL AND account_id NOT IN (SELECT id FROM \"accounts\")")
   -> 0.0001s
-- quote_table_name("active_storage_variant_records")
   -> 0.0000s
-- quote_table_name("accounts")
   -> 0.0000s
-- execute("DELETE FROM \"active_storage_variant_records\" WHERE account_id IS NOT NULL AND account_id NOT IN (SELECT id FROM \"accounts\")")
   -> 0.0003s
-- quote_table_name("assignments")
   -> 0.0000s
-- quote_table_name("accounts")
   -> 0.0000s
-- execute("DELETE FROM \"assignments\" WHERE account_id IS NOT NULL AND account_id NOT IN (SELECT id FROM \"accounts\")")
   -> 0.0001s
-- quote_table_name("board_publications")
   -> 0.0000s
-- quote_table_name("accounts")
   -> 0.0000s
-- execute("DELETE FROM \"board_publications\" WHERE account_id IS NOT NULL AND account_id NOT IN (SELECT id FROM \"accounts\")")
   -> 0.0001s
-- quote_table_name("card_activity_spikes")
   -> 0.0000s
-- quote_table_name("accounts")
   -> 0.0000s
-- execute("DELETE FROM \"card_activity_spikes\" WHERE account_id IS NOT NULL AND account_id NOT IN (SELECT id FROM \"accounts\")")
   -> 0.0001s
-- quote_table_name("card_goldnesses")
   -> 0.0000s
-- quote_table_name("accounts")
   -> 0.0000s
-- execute("DELETE FROM \"card_goldnesses\" WHERE account_id IS NOT NULL AND account_id NOT IN (SELECT id FROM \"accounts\")")
   -> 0.0002s
-- quote_table_name("card_not_nows")
   -> 0.0000s
-- quote_table_name("accounts")
   -> 0.0000s
-- execute("DELETE FROM \"card_not_nows\" WHERE account_id IS NOT NULL AND account_id NOT IN (SELECT id FROM \"accounts\")")
   -> 0.0001s
-- quote_table_name("closures")
   -> 0.0000s
-- quote_table_name("accounts")
   -> 0.0000s
-- execute("DELETE FROM \"closures\" WHERE account_id IS NOT NULL AND account_id NOT IN (SELECT id FROM \"accounts\")")
   -> 0.0001s
-- quote_table_name("entropies")
   -> 0.0000s
-- quote_table_name("accounts")
   -> 0.0000s
-- execute("DELETE FROM \"entropies\" WHERE account_id IS NOT NULL AND account_id NOT IN (SELECT id FROM \"accounts\")")
   -> 0.0001s
-- quote_table_name("mentions")
   -> 0.0000s
-- quote_table_name("accounts")
   -> 0.0000s
-- execute("DELETE FROM \"mentions\" WHERE account_id IS NOT NULL AND account_id NOT IN (SELECT id FROM \"accounts\")")
   -> 0.0001s
-- quote_table_name("pins")
   -> 0.0000s
-- quote_table_name("accounts")
   -> 0.0000s
-- execute("DELETE FROM \"pins\" WHERE account_id IS NOT NULL AND account_id NOT IN (SELECT id FROM \"accounts\")")
   -> 0.0001s
-- quote_table_name("reactions")
   -> 0.0000s
-- quote_table_name("accounts")
   -> 0.0000s
-- execute("DELETE FROM \"reactions\" WHERE account_id IS NOT NULL AND account_id NOT IN (SELECT id FROM \"accounts\")")
   -> 0.0001s
-- quote_table_name("search_queries")
   -> 0.0000s
-- quote_table_name("accounts")
   -> 0.0000s
-- execute("DELETE FROM \"search_queries\" WHERE account_id IS NOT NULL AND account_id NOT IN (SELECT id FROM \"accounts\")")
   -> 0.0001s
-- quote_table_name("taggings")
   -> 0.0000s
-- quote_table_name("accounts")
   -> 0.0000s
-- execute("DELETE FROM \"taggings\" WHERE account_id IS NOT NULL AND account_id NOT IN (SELECT id FROM \"accounts\")")
   -> 0.0001s
-- quote_table_name("user_settings")
   -> 0.0000s
-- quote_table_name("accounts")
   -> 0.0000s
-- execute("DELETE FROM \"user_settings\" WHERE account_id IS NOT NULL AND account_id NOT IN (SELECT id FROM \"accounts\")")
   -> 0.0001s
-- quote_table_name("watches")
   -> 0.0000s
-- quote_table_name("accounts")
   -> 0.0000s
-- execute("DELETE FROM \"watches\" WHERE account_id IS NOT NULL AND account_id NOT IN (SELECT id FROM \"accounts\")")
   -> 0.0001s
-- quote_table_name("webhook_delinquency_trackers")
   -> 0.0000s
-- quote_table_name("accounts")
   -> 0.0000s
-- execute("DELETE FROM \"webhook_delinquency_trackers\" WHERE account_id IS NOT NULL AND account_id NOT IN (SELECT id FROM \"accounts\")")
   -> 0.0001s
-- quote_table_name("webhook_deliveries")
   -> 0.0000s
-- quote_table_name("accounts")
   -> 0.0000s
-- execute("DELETE FROM \"webhook_deliveries\" WHERE account_id IS NOT NULL AND account_id NOT IN (SELECT id FROM \"accounts\")")
   -> 0.0001s
-- change_column_null("account_imports", :account_id, false)
   -> 0.0069s
-- change_column_null("account_join_codes", :account_id, false)
   -> 0.0049s
-- change_column_null("boards", :account_id, false)
   -> 0.0053s
-- change_column_null("cards", :account_id, false)
   -> 0.0111s
-- change_column_null("columns", :account_id, false)
   -> 0.0076s
-- change_column_null("comments", :account_id, false)
   -> 0.0041s
-- change_column_null("events", :account_id, false)
   -> 0.0129s
-- change_column_null("filters", :account_id, false)
   -> 0.0048s
-- change_column_null("notification_bundles", :account_id, false)
   -> 0.0063s
-- change_column_null("notifications", :account_id, false)
   -> 0.0095s
-- change_column_null("push_subscriptions", :account_id, false)
   -> 0.0047s
-- change_column_null("steps", :account_id, false)
   -> 0.0053s
-- change_column_null("tags", :account_id, false)
   -> 0.0038s
-- change_column_null("users", :account_id, false)
   -> 0.0069s
-- change_column_null("webhooks", :account_id, false)
   -> 0.0049s
-- change_column_null("accesses", :account_id, false)
   -> 0.0078s
-- change_column_null("action_text_rich_texts", :account_id, false)
   -> 0.0045s
-- change_column_null("active_storage_attachments", :account_id, false)
   -> 0.0055s
-- change_column_null("active_storage_blobs", :account_id, false)
   -> 0.0050s
-- change_column_null("active_storage_variant_records", :account_id, false)
   -> 0.0038s
-- change_column_null("assignments", :account_id, false)
   -> 0.0054s
-- change_column_null("board_publications", :account_id, false)
   -> 0.0053s
-- change_column_null("card_activity_spikes", :account_id, false)
   -> 0.0041s
-- change_column_null("card_goldnesses", :account_id, false)
   -> 0.0271s
-- change_column_null("card_not_nows", :account_id, false)
   -> 0.0058s
-- change_column_null("closures", :account_id, false)
   -> 0.0071s
-- change_column_null("entropies", :account_id, false)
   -> 0.0065s
-- change_column_null("mentions", :account_id, false)
   -> 0.0067s
-- change_column_null("pins", :account_id, false)
   -> 0.0064s
-- change_column_null("reactions", :account_id, false)
   -> 0.0061s
-- change_column_null("search_queries", :account_id, false)
   -> 0.0068s
-- change_column_null("taggings", :account_id, false)
   -> 0.0052s
-- change_column_null("user_settings", :account_id, false)
   -> 0.0055s
-- change_column_null("watches", :account_id, false)
   -> 0.0068s
-- change_column_null("webhook_delinquency_trackers", :account_id, false)
   -> 0.0044s
-- change_column_null("webhook_deliveries", :account_id, false)
   -> 0.0068s
-- index_exists?("account_imports", :account_id)
   -> 0.0005s
-- index_exists?("account_join_codes", :account_id)
   -> 0.0001s
-- add_index("account_join_codes", :account_id)
   -> 0.0002s
-- index_exists?("boards", :account_id)
   -> 0.0001s
-- add_index("boards", :account_id)
   -> 0.0002s
-- index_exists?("cards", :account_id)
   -> 0.0004s
-- add_index("cards", :account_id)
   -> 0.0002s
-- index_exists?("columns", :account_id)
   -> 0.0002s
-- add_index("columns", :account_id)
   -> 0.0001s
-- index_exists?("comments", :account_id)
   -> 0.0001s
-- add_index("comments", :account_id)
   -> 0.0002s
-- index_exists?("events", :account_id)
   -> 0.0004s
-- add_index("events", :account_id)
   -> 0.0001s
-- index_exists?("filters", :account_id)
   -> 0.0001s
-- add_index("filters", :account_id)
   -> 0.0002s
-- index_exists?("notification_bundles", :account_id)
   -> 0.0004s
-- add_index("notification_bundles", :account_id)
   -> 0.0001s
-- index_exists?("notifications", :account_id)
   -> 0.0004s
-- add_index("notifications", :account_id)
   -> 0.0002s
-- index_exists?("push_subscriptions", :account_id)
   -> 0.0001s
-- add_index("push_subscriptions", :account_id)
   -> 0.0001s
-- index_exists?("steps", :account_id)
   -> 0.0002s
-- add_index("steps", :account_id)
   -> 0.0002s
-- index_exists?("tags", :account_id)
   -> 0.0003s
-- add_index("tags", :account_id)
   -> 0.0002s
-- index_exists?("users", :account_id)
   -> 0.0003s
-- add_index("users", :account_id)
   -> 0.0001s
-- index_exists?("webhooks", :account_id)
   -> 0.0002s
-- add_index("webhooks", :account_id)
   -> 0.0002s
-- index_exists?("accesses", :account_id)
   -> 0.0004s
-- add_index("accesses", :account_id)
   -> 0.0002s
-- index_exists?("action_text_rich_texts", :account_id)
   -> 0.0002s
-- add_index("action_text_rich_texts", :account_id)
   -> 0.0002s
-- index_exists?("active_storage_attachments", :account_id)
   -> 0.0002s
-- add_index("active_storage_attachments", :account_id)
   -> 0.0001s
-- index_exists?("active_storage_blobs", :account_id)
   -> 0.0001s
-- add_index("active_storage_blobs", :account_id)
   -> 0.0001s
-- index_exists?("active_storage_variant_records", :account_id)
   -> 0.0001s
-- add_index("active_storage_variant_records", :account_id)
   -> 0.0001s
-- index_exists?("assignments", :account_id)
   -> 0.0002s
-- add_index("assignments", :account_id)
   -> 0.0001s
-- index_exists?("board_publications", :account_id)
   -> 0.0002s
-- add_index("board_publications", :account_id)
   -> 0.0001s
-- index_exists?("card_activity_spikes", :account_id)
   -> 0.0002s
-- add_index("card_activity_spikes", :account_id)
   -> 0.0002s
-- index_exists?("card_goldnesses", :account_id)
   -> 0.0002s
-- add_index("card_goldnesses", :account_id)
   -> 0.0002s
-- index_exists?("card_not_nows", :account_id)
   -> 0.0002s
-- add_index("card_not_nows", :account_id)
   -> 0.0002s
-- index_exists?("closures", :account_id)
   -> 0.0003s
-- add_index("closures", :account_id)
   -> 0.0002s
-- index_exists?("entropies", :account_id)
   -> 0.0002s
-- add_index("entropies", :account_id)
   -> 0.0001s
-- index_exists?("mentions", :account_id)
   -> 0.0004s
-- add_index("mentions", :account_id)
   -> 0.0002s
-- index_exists?("pins", :account_id)
   -> 0.0003s
-- add_index("pins", :account_id)
   -> 0.0002s
-- index_exists?("reactions", :account_id)
   -> 0.0002s
-- add_index("reactions", :account_id)
   -> 0.0002s
-- index_exists?("search_queries", :account_id)
   -> 0.0003s
-- add_index("search_queries", :account_id)
   -> 0.0002s
-- index_exists?("taggings", :account_id)
   -> 0.0002s
-- add_index("taggings", :account_id)
   -> 0.0002s
-- index_exists?("user_settings", :account_id)
   -> 0.0002s
-- add_index("user_settings", :account_id)
   -> 0.0002s
-- index_exists?("watches", :account_id)
   -> 0.0004s
-- add_index("watches", :account_id)
   -> 0.0002s
-- index_exists?("webhook_delinquency_trackers", :account_id)
   -> 0.0002s
-- add_index("webhook_delinquency_trackers", :account_id)
   -> 0.0002s
-- index_exists?("webhook_deliveries", :account_id)
   -> 0.0004s
-- add_index("webhook_deliveries", :account_id)
   -> 0.0002s
-- index_exists?(:tags, :title, {name: "index_tags_on_title"})
   -> 0.0003s
-- remove_index(:tags, {name: "index_tags_on_title"})
   -> 0.0002s
-- index_exists?(:tags, [:account_id, :title])
   -> 0.0002s
-- add_index(:tags, [:account_id, :title], {unique: true})
   -> 0.0002s
== 20260710120000 AddAccountIdToRemainingTables: migrated (0.3400s) ===========

.

Finished in 8.655746s, 0.8087 runs/s, 1.2708 assertions/s.
7 runs, 11 assertions, 0 failures, 0 errors, 0 skips
