Running 1542 tests in parallel using 2 processes
Run options: --seed 11267

# Running:

........................................................................................................................................................................................................................................S....S........................................................................................................................................................................................................................................................................................................................................................................................................................................................................................................................................................................................................................................................................................................................................................................................................................................................................................................................................................................................................................................................................................................................................................................................................................................................................................................................................................

Finished in 28.559943s, 53.9917 runs/s, 204.0970 assertions/s.
1542 runs, 5829 assertions, 0 failures, 0 errors, 2 skips

You have skipped tests. Run with --verbose for details.
Running 7 tests in a single process (parallelization threshold is 50)
Run options: --seed 28953

# Running:

.....Dropped database 'tmp/legacy.sqlite3'
== 20260710120000 AddAccountIdToAllAccountData: migrating =====================
-- table_exists?(:accesses)
   -> 0.0001s
-- table_exists?(:account_cancellations)
   -> 0.0001s
-- table_exists?(:account_imports)
   -> 0.0001s
-- table_exists?(:account_join_codes)
   -> 0.0001s
-- table_exists?(:action_text_rich_texts)
   -> 0.0001s
-- table_exists?(:active_storage_attachments)
   -> 0.0001s
-- table_exists?(:active_storage_blobs)
   -> 0.0001s
-- table_exists?(:active_storage_variant_records)
   -> 0.0001s
-- table_exists?(:assignments)
   -> 0.0001s
-- table_exists?(:board_publications)
   -> 0.0001s
-- table_exists?(:boards)
   -> 0.0001s
-- table_exists?(:card_activity_spikes)
   -> 0.0001s
-- table_exists?(:card_goldnesses)
   -> 0.0001s
-- table_exists?(:card_not_nows)
   -> 0.0001s
-- table_exists?(:cards)
   -> 0.0001s
-- table_exists?(:closures)
   -> 0.0001s
-- table_exists?(:columns)
   -> 0.0001s
-- table_exists?(:comments)
   -> 0.0001s
-- table_exists?(:entropies)
   -> 0.0001s
-- table_exists?(:events)
   -> 0.0001s
-- table_exists?(:exports)
   -> 0.0001s
-- table_exists?(:filters)
   -> 0.0001s
-- table_exists?(:mentions)
   -> 0.0001s
-- table_exists?(:notification_bundles)
   -> 0.0001s
-- table_exists?(:notifications)
   -> 0.0001s
-- table_exists?(:pins)
   -> 0.0001s
-- table_exists?(:push_subscriptions)
   -> 0.0001s
-- table_exists?(:reactions)
   -> 0.0001s
-- table_exists?(:search_queries)
   -> 0.0001s
-- table_exists?(:search_records)
   -> 0.0001s
-- table_exists?(:steps)
   -> 0.0001s
-- table_exists?(:storage_entries)
   -> 0.0001s
-- table_exists?(:storage_totals)
   -> 0.0001s
-- table_exists?(:taggings)
   -> 0.0001s
-- table_exists?(:tags)
   -> 0.0001s
-- table_exists?(:user_settings)
   -> 0.0001s
-- table_exists?(:users)
   -> 0.0001s
-- table_exists?(:watches)
   -> 0.0001s
-- table_exists?(:webhook_delinquency_trackers)
   -> 0.0001s
-- table_exists?(:webhook_deliveries)
   -> 0.0001s
-- table_exists?(:webhooks)
   -> 0.0001s
-- column_exists?(:accesses, :account_id)
   -> 0.0009s
-- add_column(:accesses, :account_id, :uuid)
   -> 0.0009s
-- column_exists?(:account_cancellations, :account_id)
   -> 0.0003s
-- column_exists?(:account_imports, :account_id)
   -> 0.0003s
-- column_exists?(:account_join_codes, :account_id)
   -> 0.0003s
-- column_exists?(:action_text_rich_texts, :account_id)
   -> 0.0008s
-- add_column(:action_text_rich_texts, :account_id, :uuid)
   -> 0.0006s
-- column_exists?(:active_storage_attachments, :account_id)
   -> 0.0003s
-- add_column(:active_storage_attachments, :account_id, :uuid)
   -> 0.0006s
-- column_exists?(:active_storage_blobs, :account_id)
   -> 0.0003s
-- add_column(:active_storage_blobs, :account_id, :uuid)
   -> 0.0006s
-- column_exists?(:active_storage_variant_records, :account_id)
   -> 0.0002s
-- add_column(:active_storage_variant_records, :account_id, :uuid)
   -> 0.0006s
-- column_exists?(:assignments, :account_id)
   -> 0.0003s
-- add_column(:assignments, :account_id, :uuid)
   -> 0.0006s
-- column_exists?(:board_publications, :account_id)
   -> 0.0002s
-- add_column(:board_publications, :account_id, :uuid)
   -> 0.0006s
-- column_exists?(:boards, :account_id)
   -> 0.0003s
-- column_exists?(:card_activity_spikes, :account_id)
   -> 0.0002s
-- add_column(:card_activity_spikes, :account_id, :uuid)
   -> 0.0006s
-- column_exists?(:card_goldnesses, :account_id)
   -> 0.0002s
-- add_column(:card_goldnesses, :account_id, :uuid)
   -> 0.0006s
-- column_exists?(:card_not_nows, :account_id)
   -> 0.0003s
-- add_column(:card_not_nows, :account_id, :uuid)
   -> 0.0006s
-- column_exists?(:cards, :account_id)
   -> 0.0006s
-- column_exists?(:closures, :account_id)
   -> 0.0002s
-- add_column(:closures, :account_id, :uuid)
   -> 0.0006s
-- column_exists?(:columns, :account_id)
   -> 0.0003s
-- column_exists?(:comments, :account_id)
   -> 0.0003s
-- column_exists?(:entropies, :account_id)
   -> 0.0002s
-- add_column(:entropies, :account_id, :uuid)
   -> 0.0006s
-- column_exists?(:events, :account_id)
   -> 0.0004s
-- column_exists?(:exports, :account_id)
   -> 0.0003s
-- column_exists?(:filters, :account_id)
   -> 0.0003s
-- column_exists?(:mentions, :account_id)
   -> 0.0003s
-- add_column(:mentions, :account_id, :uuid)
   -> 0.0006s
-- column_exists?(:notification_bundles, :account_id)
   -> 0.0003s
-- column_exists?(:notifications, :account_id)
   -> 0.0003s
-- column_exists?(:pins, :account_id)
   -> 0.0002s
-- add_column(:pins, :account_id, :uuid)
   -> 0.0006s
-- column_exists?(:push_subscriptions, :account_id)
   -> 0.0004s
-- column_exists?(:reactions, :account_id)
   -> 0.0003s
-- add_column(:reactions, :account_id, :uuid)
   -> 0.0008s
-- column_exists?(:search_queries, :account_id)
   -> 0.0003s
-- add_column(:search_queries, :account_id, :uuid)
   -> 0.0006s
-- column_exists?(:search_records, :account_id)
   -> 0.0003s
-- column_exists?(:steps, :account_id)
   -> 0.0003s
-- column_exists?(:storage_entries, :account_id)
   -> 0.0003s
-- column_exists?(:storage_totals, :account_id)
   -> 0.0003s
-- add_column(:storage_totals, :account_id, :uuid)
   -> 0.0006s
-- column_exists?(:taggings, :account_id)
   -> 0.0003s
-- add_column(:taggings, :account_id, :uuid)
   -> 0.0006s
-- column_exists?(:tags, :account_id)
   -> 0.0002s
-- column_exists?(:user_settings, :account_id)
   -> 0.0003s
-- add_column(:user_settings, :account_id, :uuid)
   -> 0.0006s
-- column_exists?(:users, :account_id)
   -> 0.0003s
-- column_exists?(:watches, :account_id)
   -> 0.0002s
-- add_column(:watches, :account_id, :uuid)
   -> 0.0006s
-- column_exists?(:webhook_delinquency_trackers, :account_id)
   -> 0.0003s
-- add_column(:webhook_delinquency_trackers, :account_id, :uuid)
   -> 0.0006s
-- column_exists?(:webhook_deliveries, :account_id)
   -> 0.0003s
-- add_column(:webhook_deliveries, :account_id, :uuid)
   -> 0.0006s
-- column_exists?(:webhooks, :account_id)
   -> 0.0003s
-- quote_table_name(:boards)
   -> 0.0000s
-- quote_table_name(:users)
   -> 0.0000s
-- quote_table_name(:users)
   -> 0.0000s
-- quote_table_name(:users)
   -> 0.0000s
-- quote_table_name(:boards)
   -> 0.0000s
-- quote_column_name(:creator_id)
   -> 0.0000s
-- execute("UPDATE \"boards\" SET account_id = ( SELECT \"users\".account_id FROM \"users\" WHERE \"users\".id = \"boards\".\"creator_id\" LIMIT 1 ) WHERE account_id IS NULL")
   -> 0.0001s
-- quote_table_name(:cards)
   -> 0.0000s
-- quote_table_name(:boards)
   -> 0.0000s
-- quote_table_name(:boards)
   -> 0.0000s
-- quote_table_name(:boards)
   -> 0.0000s
-- quote_table_name(:cards)
   -> 0.0000s
-- quote_column_name(:board_id)
   -> 0.0000s
-- execute("UPDATE \"cards\" SET account_id = ( SELECT \"boards\".account_id FROM \"boards\" WHERE \"boards\".id = \"cards\".\"board_id\" LIMIT 1 ) WHERE account_id IS NULL")
   -> 0.0001s
-- quote_table_name(:columns)
   -> 0.0000s
-- quote_table_name(:boards)
   -> 0.0000s
-- quote_table_name(:boards)
   -> 0.0000s
-- quote_table_name(:boards)
   -> 0.0000s
-- quote_table_name(:columns)
   -> 0.0000s
-- quote_column_name(:board_id)
   -> 0.0000s
-- execute("UPDATE \"columns\" SET account_id = ( SELECT \"boards\".account_id FROM \"boards\" WHERE \"boards\".id = \"columns\".\"board_id\" LIMIT 1 ) WHERE account_id IS NULL")
   -> 0.0001s
-- quote_table_name(:comments)
   -> 0.0000s
-- quote_table_name(:cards)
   -> 0.0000s
-- quote_table_name(:cards)
   -> 0.0000s
-- quote_table_name(:cards)
   -> 0.0000s
-- quote_table_name(:comments)
   -> 0.0000s
-- quote_column_name(:card_id)
   -> 0.0000s
-- execute("UPDATE \"comments\" SET account_id = ( SELECT \"cards\".account_id FROM \"cards\" WHERE \"cards\".id = \"comments\".\"card_id\" LIMIT 1 ) WHERE account_id IS NULL")
   -> 0.0001s
-- quote_table_name(:events)
   -> 0.0000s
-- quote_table_name(:boards)
   -> 0.0000s
-- quote_table_name(:boards)
   -> 0.0000s
-- quote_table_name(:boards)
   -> 0.0000s
-- quote_table_name(:events)
   -> 0.0000s
-- quote_column_name(:board_id)
   -> 0.0000s
-- execute("UPDATE \"events\" SET account_id = ( SELECT \"boards\".account_id FROM \"boards\" WHERE \"boards\".id = \"events\".\"board_id\" LIMIT 1 ) WHERE account_id IS NULL")
   -> 0.0001s
-- quote_table_name(:filters)
   -> 0.0000s
-- quote_table_name(:users)
   -> 0.0000s
-- quote_table_name(:users)
   -> 0.0000s
-- quote_table_name(:users)
   -> 0.0000s
-- quote_table_name(:filters)
   -> 0.0000s
-- quote_column_name(:creator_id)
   -> 0.0000s
-- execute("UPDATE \"filters\" SET account_id = ( SELECT \"users\".account_id FROM \"users\" WHERE \"users\".id = \"filters\".\"creator_id\" LIMIT 1 ) WHERE account_id IS NULL")
   -> 0.0001s
-- quote_table_name(:notification_bundles)
   -> 0.0000s
-- quote_table_name(:users)
   -> 0.0000s
-- quote_table_name(:users)
   -> 0.0000s
-- quote_table_name(:users)
   -> 0.0000s
-- quote_table_name(:notification_bundles)
   -> 0.0000s
-- quote_column_name(:user_id)
   -> 0.0000s
-- execute("UPDATE \"notification_bundles\" SET account_id = ( SELECT \"users\".account_id FROM \"users\" WHERE \"users\".id = \"notification_bundles\".\"user_id\" LIMIT 1 ) WHERE account_id IS NULL")
   -> 0.0001s
-- quote_table_name(:notifications)
   -> 0.0000s
-- quote_table_name(:users)
   -> 0.0000s
-- quote_table_name(:users)
   -> 0.0000s
-- quote_table_name(:users)
   -> 0.0000s
-- quote_table_name(:notifications)
   -> 0.0000s
-- quote_column_name(:user_id)
   -> 0.0000s
-- execute("UPDATE \"notifications\" SET account_id = ( SELECT \"users\".account_id FROM \"users\" WHERE \"users\".id = \"notifications\".\"user_id\" LIMIT 1 ) WHERE account_id IS NULL")
   -> 0.0001s
-- quote_table_name(:push_subscriptions)
   -> 0.0000s
-- quote_table_name(:users)
   -> 0.0000s
-- quote_table_name(:users)
   -> 0.0000s
-- quote_table_name(:users)
   -> 0.0000s
-- quote_table_name(:push_subscriptions)
   -> 0.0000s
-- quote_column_name(:user_id)
   -> 0.0000s
-- execute("UPDATE \"push_subscriptions\" SET account_id = ( SELECT \"users\".account_id FROM \"users\" WHERE \"users\".id = \"push_subscriptions\".\"user_id\" LIMIT 1 ) WHERE account_id IS NULL")
   -> 0.0001s
-- quote_table_name(:steps)
   -> 0.0000s
-- quote_table_name(:cards)
   -> 0.0000s
-- quote_table_name(:cards)
   -> 0.0000s
-- quote_table_name(:cards)
   -> 0.0000s
-- quote_table_name(:steps)
   -> 0.0000s
-- quote_column_name(:card_id)
   -> 0.0000s
-- execute("UPDATE \"steps\" SET account_id = ( SELECT \"cards\".account_id FROM \"cards\" WHERE \"cards\".id = \"steps\".\"card_id\" LIMIT 1 ) WHERE account_id IS NULL")
   -> 0.0001s
-- quote_table_name(:webhooks)
   -> 0.0000s
-- quote_table_name(:boards)
   -> 0.0000s
-- quote_table_name(:boards)
   -> 0.0000s
-- quote_table_name(:boards)
   -> 0.0000s
-- quote_table_name(:webhooks)
   -> 0.0000s
-- quote_column_name(:board_id)
   -> 0.0000s
-- execute("UPDATE \"webhooks\" SET account_id = ( SELECT \"boards\".account_id FROM \"boards\" WHERE \"boards\".id = \"webhooks\".\"board_id\" LIMIT 1 ) WHERE account_id IS NULL")
   -> 0.0001s
-- quote_table_name(:accesses)
   -> 0.0000s
-- quote_table_name(:boards)
   -> 0.0000s
-- quote_table_name(:boards)
   -> 0.0000s
-- quote_table_name(:boards)
   -> 0.0000s
-- quote_table_name(:accesses)
   -> 0.0000s
-- quote_column_name(:board_id)
   -> 0.0000s
-- execute("UPDATE \"accesses\" SET account_id = ( SELECT \"boards\".account_id FROM \"boards\" WHERE \"boards\".id = \"accesses\".\"board_id\" LIMIT 1 ) WHERE account_id IS NULL")
   -> 0.0005s
-- quote_table_name(:assignments)
   -> 0.0000s
-- quote_table_name(:cards)
   -> 0.0000s
-- quote_table_name(:cards)
   -> 0.0000s
-- quote_table_name(:cards)
   -> 0.0000s
-- quote_table_name(:assignments)
   -> 0.0000s
-- quote_column_name(:card_id)
   -> 0.0000s
-- execute("UPDATE \"assignments\" SET account_id = ( SELECT \"cards\".account_id FROM \"cards\" WHERE \"cards\".id = \"assignments\".\"card_id\" LIMIT 1 ) WHERE account_id IS NULL")
   -> 0.0001s
-- quote_table_name(:board_publications)
   -> 0.0000s
-- quote_table_name(:boards)
   -> 0.0000s
-- quote_table_name(:boards)
   -> 0.0000s
-- quote_table_name(:boards)
   -> 0.0000s
-- quote_table_name(:board_publications)
   -> 0.0000s
-- quote_column_name(:board_id)
   -> 0.0000s
-- execute("UPDATE \"board_publications\" SET account_id = ( SELECT \"boards\".account_id FROM \"boards\" WHERE \"boards\".id = \"board_publications\".\"board_id\" LIMIT 1 ) WHERE account_id IS NULL")
   -> 0.0001s
-- quote_table_name(:card_activity_spikes)
   -> 0.0000s
-- quote_table_name(:cards)
   -> 0.0000s
-- quote_table_name(:cards)
   -> 0.0000s
-- quote_table_name(:cards)
   -> 0.0000s
-- quote_table_name(:card_activity_spikes)
   -> 0.0000s
-- quote_column_name(:card_id)
   -> 0.0000s
-- execute("UPDATE \"card_activity_spikes\" SET account_id = ( SELECT \"cards\".account_id FROM \"cards\" WHERE \"cards\".id = \"card_activity_spikes\".\"card_id\" LIMIT 1 ) WHERE account_id IS NULL")
   -> 0.0001s
-- quote_table_name(:card_goldnesses)
   -> 0.0000s
-- quote_table_name(:cards)
   -> 0.0000s
-- quote_table_name(:cards)
   -> 0.0000s
-- quote_table_name(:cards)
   -> 0.0000s
-- quote_table_name(:card_goldnesses)
   -> 0.0000s
-- quote_column_name(:card_id)
   -> 0.0000s
-- execute("UPDATE \"card_goldnesses\" SET account_id = ( SELECT \"cards\".account_id FROM \"cards\" WHERE \"cards\".id = \"card_goldnesses\".\"card_id\" LIMIT 1 ) WHERE account_id IS NULL")
   -> 0.0001s
-- quote_table_name(:card_not_nows)
   -> 0.0000s
-- quote_table_name(:cards)
   -> 0.0000s
-- quote_table_name(:cards)
   -> 0.0000s
-- quote_table_name(:cards)
   -> 0.0000s
-- quote_table_name(:card_not_nows)
   -> 0.0000s
-- quote_column_name(:card_id)
   -> 0.0000s
-- execute("UPDATE \"card_not_nows\" SET account_id = ( SELECT \"cards\".account_id FROM \"cards\" WHERE \"cards\".id = \"card_not_nows\".\"card_id\" LIMIT 1 ) WHERE account_id IS NULL")
   -> 0.0001s
-- quote_table_name(:closures)
   -> 0.0000s
-- quote_table_name(:cards)
   -> 0.0000s
-- quote_table_name(:cards)
   -> 0.0000s
-- quote_table_name(:cards)
   -> 0.0000s
-- quote_table_name(:closures)
   -> 0.0000s
-- quote_column_name(:card_id)
   -> 0.0000s
-- execute("UPDATE \"closures\" SET account_id = ( SELECT \"cards\".account_id FROM \"cards\" WHERE \"cards\".id = \"closures\".\"card_id\" LIMIT 1 ) WHERE account_id IS NULL")
   -> 0.0001s
-- quote_table_name(:pins)
   -> 0.0000s
-- quote_table_name(:cards)
   -> 0.0000s
-- quote_table_name(:cards)
   -> 0.0000s
-- quote_table_name(:cards)
   -> 0.0000s
-- quote_table_name(:pins)
   -> 0.0000s
-- quote_column_name(:card_id)
   -> 0.0000s
-- execute("UPDATE \"pins\" SET account_id = ( SELECT \"cards\".account_id FROM \"cards\" WHERE \"cards\".id = \"pins\".\"card_id\" LIMIT 1 ) WHERE account_id IS NULL")
   -> 0.0001s
-- quote_table_name(:search_queries)
   -> 0.0000s
-- quote_table_name(:users)
   -> 0.0000s
-- quote_table_name(:users)
   -> 0.0000s
-- quote_table_name(:users)
   -> 0.0000s
-- quote_table_name(:search_queries)
   -> 0.0000s
-- quote_column_name(:user_id)
   -> 0.0000s
-- execute("UPDATE \"search_queries\" SET account_id = ( SELECT \"users\".account_id FROM \"users\" WHERE \"users\".id = \"search_queries\".\"user_id\" LIMIT 1 ) WHERE account_id IS NULL")
   -> 0.0001s
-- quote_table_name(:taggings)
   -> 0.0000s
-- quote_table_name(:cards)
   -> 0.0000s
-- quote_table_name(:cards)
   -> 0.0000s
-- quote_table_name(:cards)
   -> 0.0000s
-- quote_table_name(:taggings)
   -> 0.0000s
-- quote_column_name(:card_id)
   -> 0.0000s
-- execute("UPDATE \"taggings\" SET account_id = ( SELECT \"cards\".account_id FROM \"cards\" WHERE \"cards\".id = \"taggings\".\"card_id\" LIMIT 1 ) WHERE account_id IS NULL")
   -> 0.0001s
-- quote_table_name(:user_settings)
   -> 0.0000s
-- quote_table_name(:users)
   -> 0.0000s
-- quote_table_name(:users)
   -> 0.0000s
-- quote_table_name(:users)
   -> 0.0000s
-- quote_table_name(:user_settings)
   -> 0.0000s
-- quote_column_name(:user_id)
   -> 0.0000s
-- execute("UPDATE \"user_settings\" SET account_id = ( SELECT \"users\".account_id FROM \"users\" WHERE \"users\".id = \"user_settings\".\"user_id\" LIMIT 1 ) WHERE account_id IS NULL")
   -> 0.0001s
-- quote_table_name(:watches)
   -> 0.0000s
-- quote_table_name(:cards)
   -> 0.0000s
-- quote_table_name(:cards)
   -> 0.0000s
-- quote_table_name(:cards)
   -> 0.0000s
-- quote_table_name(:watches)
   -> 0.0000s
-- quote_column_name(:card_id)
   -> 0.0000s
-- execute("UPDATE \"watches\" SET account_id = ( SELECT \"cards\".account_id FROM \"cards\" WHERE \"cards\".id = \"watches\".\"card_id\" LIMIT 1 ) WHERE account_id IS NULL")
   -> 0.0001s
-- quote_table_name(:webhook_delinquency_trackers)
   -> 0.0000s
-- quote_table_name(:webhooks)
   -> 0.0000s
-- quote_table_name(:webhooks)
   -> 0.0000s
-- quote_table_name(:webhooks)
   -> 0.0000s
-- quote_table_name(:webhook_delinquency_trackers)
   -> 0.0000s
-- quote_column_name(:webhook_id)
   -> 0.0000s
-- execute("UPDATE \"webhook_delinquency_trackers\" SET account_id = ( SELECT \"webhooks\".account_id FROM \"webhooks\" WHERE \"webhooks\".id = \"webhook_delinquency_trackers\".\"webhook_id\" LIMIT 1 ) WHERE account_id IS NULL")
   -> 0.0001s
-- quote_table_name(:webhook_deliveries)
   -> 0.0000s
-- quote_table_name(:webhooks)
   -> 0.0000s
-- quote_table_name(:webhooks)
   -> 0.0000s
-- quote_table_name(:webhooks)
   -> 0.0000s
-- quote_table_name(:webhook_deliveries)
   -> 0.0000s
-- quote_column_name(:webhook_id)
   -> 0.0000s
-- execute("UPDATE \"webhook_deliveries\" SET account_id = ( SELECT \"webhooks\".account_id FROM \"webhooks\" WHERE \"webhooks\".id = \"webhook_deliveries\".\"webhook_id\" LIMIT 1 ) WHERE account_id IS NULL")
   -> 0.0001s
-- quote_table_name(:action_text_rich_texts)
   -> 0.0000s
-- quote_table_name(:boards)
   -> 0.0000s
-- quote_table_name(:boards)
   -> 0.0000s
-- quote_table_name(:boards)
   -> 0.0000s
-- quote_table_name(:action_text_rich_texts)
   -> 0.0000s
-- quote_column_name(:record_id)
   -> 0.0000s
-- quote_column_name(:record_type)
   -> 0.0000s
-- quote("Board")
   -> 0.0000s
-- execute("UPDATE \"action_text_rich_texts\" SET account_id = ( SELECT \"boards\".account_id FROM \"boards\" WHERE \"boards\".id = \"action_text_rich_texts\".\"record_id\" LIMIT 1 ) WHERE account_id IS NULL AND \"record_type\" = 'Board'")
   -> 0.0001s
-- quote_table_name(:action_text_rich_texts)
   -> 0.0000s
-- quote_table_name(:cards)
   -> 0.0000s
-- quote_table_name(:cards)
   -> 0.0000s
-- quote_table_name(:cards)
   -> 0.0000s
-- quote_table_name(:action_text_rich_texts)
   -> 0.0000s
-- quote_column_name(:record_id)
   -> 0.0000s
-- quote_column_name(:record_type)
   -> 0.0000s
-- quote("Card")
   -> 0.0000s
-- execute("UPDATE \"action_text_rich_texts\" SET account_id = ( SELECT \"cards\".account_id FROM \"cards\" WHERE \"cards\".id = \"action_text_rich_texts\".\"record_id\" LIMIT 1 ) WHERE account_id IS NULL AND \"record_type\" = 'Card'")
   -> 0.0001s
-- quote_table_name(:action_text_rich_texts)
   -> 0.0000s
-- quote_table_name(:comments)
   -> 0.0000s
-- quote_table_name(:comments)
   -> 0.0000s
-- quote_table_name(:comments)
   -> 0.0000s
-- quote_table_name(:action_text_rich_texts)
   -> 0.0000s
-- quote_column_name(:record_id)
   -> 0.0000s
-- quote_column_name(:record_type)
   -> 0.0000s
-- quote("Comment")
   -> 0.0000s
-- execute("UPDATE \"action_text_rich_texts\" SET account_id = ( SELECT \"comments\".account_id FROM \"comments\" WHERE \"comments\".id = \"action_text_rich_texts\".\"record_id\" LIMIT 1 ) WHERE account_id IS NULL AND \"record_type\" = 'Comment'")
   -> 0.0001s
-- quote_table_name(:entropies)
   -> 0.0000s
-- quote_table_name(:accounts)
   -> 0.0000s
-- quote_table_name(:accounts)
   -> 0.0000s
-- quote_table_name(:accounts)
   -> 0.0000s
-- quote_table_name(:entropies)
   -> 0.0000s
-- quote_column_name(:container_id)
   -> 0.0000s
-- quote_column_name(:container_type)
   -> 0.0000s
-- quote("Account")
   -> 0.0000s
-- execute("UPDATE \"entropies\" SET account_id = ( SELECT \"accounts\".id FROM \"accounts\" WHERE \"accounts\".id = \"entropies\".\"container_id\" LIMIT 1 ) WHERE account_id IS NULL AND \"container_type\" = 'Account'")
   -> 0.0001s
-- quote_table_name(:entropies)
   -> 0.0000s
-- quote_table_name(:boards)
   -> 0.0000s
-- quote_table_name(:boards)
   -> 0.0000s
-- quote_table_name(:boards)
   -> 0.0000s
-- quote_table_name(:entropies)
   -> 0.0000s
-- quote_column_name(:container_id)
   -> 0.0000s
-- quote_column_name(:container_type)
   -> 0.0000s
-- quote("Board")
   -> 0.0000s
-- execute("UPDATE \"entropies\" SET account_id = ( SELECT \"boards\".account_id FROM \"boards\" WHERE \"boards\".id = \"entropies\".\"container_id\" LIMIT 1 ) WHERE account_id IS NULL AND \"container_type\" = 'Board'")
   -> 0.0001s
-- quote_table_name(:mentions)
   -> 0.0000s
-- quote_table_name(:cards)
   -> 0.0000s
-- quote_table_name(:cards)
   -> 0.0000s
-- quote_table_name(:cards)
   -> 0.0000s
-- quote_table_name(:mentions)
   -> 0.0000s
-- quote_column_name(:source_id)
   -> 0.0000s
-- quote_column_name(:source_type)
   -> 0.0000s
-- quote("Card")
   -> 0.0000s
-- execute("UPDATE \"mentions\" SET account_id = ( SELECT \"cards\".account_id FROM \"cards\" WHERE \"cards\".id = \"mentions\".\"source_id\" LIMIT 1 ) WHERE account_id IS NULL AND \"source_type\" = 'Card'")
   -> 0.0001s
-- quote_table_name(:mentions)
   -> 0.0000s
-- quote_table_name(:comments)
   -> 0.0000s
-- quote_table_name(:comments)
   -> 0.0000s
-- quote_table_name(:comments)
   -> 0.0000s
-- quote_table_name(:mentions)
   -> 0.0000s
-- quote_column_name(:source_id)
   -> 0.0000s
-- quote_column_name(:source_type)
   -> 0.0000s
-- quote("Comment")
   -> 0.0000s
-- execute("UPDATE \"mentions\" SET account_id = ( SELECT \"comments\".account_id FROM \"comments\" WHERE \"comments\".id = \"mentions\".\"source_id\" LIMIT 1 ) WHERE account_id IS NULL AND \"source_type\" = 'Comment'")
   -> 0.0001s
-- quote_table_name(:reactions)
   -> 0.0000s
-- quote_table_name(:cards)
   -> 0.0000s
-- quote_table_name(:cards)
   -> 0.0000s
-- quote_table_name(:cards)
   -> 0.0000s
-- quote_table_name(:reactions)
   -> 0.0000s
-- quote_column_name(:reactable_id)
   -> 0.0000s
-- quote_column_name(:reactable_type)
   -> 0.0000s
-- quote("Card")
   -> 0.0000s
-- execute("UPDATE \"reactions\" SET account_id = ( SELECT \"cards\".account_id FROM \"cards\" WHERE \"cards\".id = \"reactions\".\"reactable_id\" LIMIT 1 ) WHERE account_id IS NULL AND \"reactable_type\" = 'Card'")
   -> 0.0001s
-- quote_table_name(:reactions)
   -> 0.0000s
-- quote_table_name(:comments)
   -> 0.0000s
-- quote_table_name(:comments)
   -> 0.0000s
-- quote_table_name(:comments)
   -> 0.0000s
-- quote_table_name(:reactions)
   -> 0.0000s
-- quote_column_name(:reactable_id)
   -> 0.0000s
-- quote_column_name(:reactable_type)
   -> 0.0000s
-- quote("Comment")
   -> 0.0000s
-- execute("UPDATE \"reactions\" SET account_id = ( SELECT \"comments\".account_id FROM \"comments\" WHERE \"comments\".id = \"reactions\".\"reactable_id\" LIMIT 1 ) WHERE account_id IS NULL AND \"reactable_type\" = 'Comment'")
   -> 0.0001s
-- quote_table_name(:storage_totals)
   -> 0.0000s
-- quote_table_name(:accounts)
   -> 0.0000s
-- quote_table_name(:accounts)
   -> 0.0000s
-- quote_table_name(:accounts)
   -> 0.0000s
-- quote_table_name(:storage_totals)
   -> 0.0000s
-- quote_column_name(:owner_id)
   -> 0.0000s
-- quote_column_name(:owner_type)
   -> 0.0000s
-- quote("Account")
   -> 0.0000s
-- execute("UPDATE \"storage_totals\" SET account_id = ( SELECT \"accounts\".id FROM \"accounts\" WHERE \"accounts\".id = \"storage_totals\".\"owner_id\" LIMIT 1 ) WHERE account_id IS NULL AND \"owner_type\" = 'Account'")
   -> 0.0001s
-- quote_table_name(:storage_totals)
   -> 0.0000s
-- quote_table_name(:boards)
   -> 0.0000s
-- quote_table_name(:boards)
   -> 0.0000s
-- quote_table_name(:boards)
   -> 0.0000s
-- quote_table_name(:storage_totals)
   -> 0.0000s
-- quote_column_name(:owner_id)
   -> 0.0000s
-- quote_column_name(:owner_type)
   -> 0.0000s
-- quote("Board")
   -> 0.0000s
-- execute("UPDATE \"storage_totals\" SET account_id = ( SELECT \"boards\".account_id FROM \"boards\" WHERE \"boards\".id = \"storage_totals\".\"owner_id\" LIMIT 1 ) WHERE account_id IS NULL AND \"owner_type\" = 'Board'")
   -> 0.0001s
-- quote_table_name(:active_storage_attachments)
   -> 0.0000s
-- quote_table_name(:account_imports)
   -> 0.0000s
-- quote_table_name(:account_imports)
   -> 0.0000s
-- quote_table_name(:account_imports)
   -> 0.0000s
-- quote_table_name(:active_storage_attachments)
   -> 0.0000s
-- quote_column_name(:record_id)
   -> 0.0000s
-- quote_column_name(:record_type)
   -> 0.0000s
-- quote("Account::Import")
   -> 0.0000s
-- execute("UPDATE \"active_storage_attachments\" SET account_id = ( SELECT \"account_imports\".account_id FROM \"account_imports\" WHERE \"account_imports\".id = \"active_storage_attachments\".\"record_id\" LIMIT 1 ) WHERE account_id IS NULL AND \"record_type\" = 'Account::Import'")
   -> 0.0001s
-- quote_table_name(:active_storage_attachments)
   -> 0.0000s
-- quote_table_name(:action_text_rich_texts)
   -> 0.0000s
-- quote_table_name(:action_text_rich_texts)
   -> 0.0000s
-- quote_table_name(:action_text_rich_texts)
   -> 0.0000s
-- quote_table_name(:active_storage_attachments)
   -> 0.0000s
-- quote_column_name(:record_id)
   -> 0.0000s
-- quote_column_name(:record_type)
   -> 0.0000s
-- quote("ActionText::RichText")
   -> 0.0000s
-- execute("UPDATE \"active_storage_attachments\" SET account_id = ( SELECT \"action_text_rich_texts\".account_id FROM \"action_text_rich_texts\" WHERE \"action_text_rich_texts\".id = \"active_storage_attachments\".\"record_id\" LIMIT 1 ) WHERE account_id IS NULL AND \"record_type\" = 'ActionText::RichText'")
   -> 0.0001s
-- quote_table_name(:active_storage_attachments)
   -> 0.0000s
-- quote_table_name(:boards)
   -> 0.0000s
-- quote_table_name(:boards)
   -> 0.0000s
-- quote_table_name(:boards)
   -> 0.0000s
-- quote_table_name(:active_storage_attachments)
   -> 0.0000s
-- quote_column_name(:record_id)
   -> 0.0000s
-- quote_column_name(:record_type)
   -> 0.0000s
-- quote("Board")
   -> 0.0000s
-- execute("UPDATE \"active_storage_attachments\" SET account_id = ( SELECT \"boards\".account_id FROM \"boards\" WHERE \"boards\".id = \"active_storage_attachments\".\"record_id\" LIMIT 1 ) WHERE account_id IS NULL AND \"record_type\" = 'Board'")
   -> 0.0001s
-- quote_table_name(:active_storage_attachments)
   -> 0.0000s
-- quote_table_name(:cards)
   -> 0.0000s
-- quote_table_name(:cards)
   -> 0.0000s
-- quote_table_name(:cards)
   -> 0.0000s
-- quote_table_name(:active_storage_attachments)
   -> 0.0000s
-- quote_column_name(:record_id)
   -> 0.0000s
-- quote_column_name(:record_type)
   -> 0.0000s
-- quote("Card")
   -> 0.0000s
-- execute("UPDATE \"active_storage_attachments\" SET account_id = ( SELECT \"cards\".account_id FROM \"cards\" WHERE \"cards\".id = \"active_storage_attachments\".\"record_id\" LIMIT 1 ) WHERE account_id IS NULL AND \"record_type\" = 'Card'")
   -> 0.0001s
-- quote_table_name(:active_storage_attachments)
   -> 0.0000s
-- quote_table_name(:comments)
   -> 0.0000s
-- quote_table_name(:comments)
   -> 0.0000s
-- quote_table_name(:comments)
   -> 0.0000s
-- quote_table_name(:active_storage_attachments)
   -> 0.0000s
-- quote_column_name(:record_id)
   -> 0.0000s
-- quote_column_name(:record_type)
   -> 0.0000s
-- quote("Comment")
   -> 0.0000s
-- execute("UPDATE \"active_storage_attachments\" SET account_id = ( SELECT \"comments\".account_id FROM \"comments\" WHERE \"comments\".id = \"active_storage_attachments\".\"record_id\" LIMIT 1 ) WHERE account_id IS NULL AND \"record_type\" = 'Comment'")
   -> 0.0001s
-- quote_table_name(:active_storage_attachments)
   -> 0.0000s
-- quote_table_name(:exports)
   -> 0.0000s
-- quote_table_name(:exports)
   -> 0.0000s
-- quote_table_name(:exports)
   -> 0.0000s
-- quote_table_name(:active_storage_attachments)
   -> 0.0000s
-- quote_column_name(:record_id)
   -> 0.0000s
-- quote_column_name(:record_type)
   -> 0.0000s
-- quote("Export")
   -> 0.0000s
-- execute("UPDATE \"active_storage_attachments\" SET account_id = ( SELECT \"exports\".account_id FROM \"exports\" WHERE \"exports\".id = \"active_storage_attachments\".\"record_id\" LIMIT 1 ) WHERE account_id IS NULL AND \"record_type\" = 'Export'")
   -> 0.0001s
-- quote_table_name(:active_storage_attachments)
   -> 0.0000s
-- quote_table_name(:users)
   -> 0.0000s
-- quote_table_name(:users)
   -> 0.0000s
-- quote_table_name(:users)
   -> 0.0000s
-- quote_table_name(:active_storage_attachments)
   -> 0.0000s
-- quote_column_name(:record_id)
   -> 0.0000s
-- quote_column_name(:record_type)
   -> 0.0000s
-- quote("User")
   -> 0.0000s
-- execute("UPDATE \"active_storage_attachments\" SET account_id = ( SELECT \"users\".account_id FROM \"users\" WHERE \"users\".id = \"active_storage_attachments\".\"record_id\" LIMIT 1 ) WHERE account_id IS NULL AND \"record_type\" = 'User'")
   -> 0.0001s
-- quote_table_name(:active_storage_blobs)
   -> 0.0000s
-- quote_table_name(:active_storage_attachments)
   -> 0.0000s
-- quote_table_name(:active_storage_attachments)
   -> 0.0000s
-- quote_table_name(:active_storage_attachments)
   -> 0.0000s
-- quote_column_name(:blob_id)
   -> 0.0000s
-- quote_table_name(:active_storage_blobs)
   -> 0.0000s
-- execute("UPDATE \"active_storage_blobs\" SET account_id = ( SELECT \"active_storage_attachments\".account_id FROM \"active_storage_attachments\" WHERE \"active_storage_attachments\".\"blob_id\" = \"active_storage_blobs\".id LIMIT 1 ) WHERE account_id IS NULL")
   -> 0.0001s
-- quote_table_name(:active_storage_attachments)
   -> 0.0000s
-- quote_table_name(:active_storage_blobs)
   -> 0.0000s
-- quote_table_name(:active_storage_blobs)
   -> 0.0000s
-- quote_table_name(:active_storage_blobs)
   -> 0.0000s
-- quote_table_name(:active_storage_attachments)
   -> 0.0000s
-- quote_column_name(:blob_id)
   -> 0.0000s
-- execute("UPDATE \"active_storage_attachments\" SET account_id = ( SELECT \"active_storage_blobs\".account_id FROM \"active_storage_blobs\" WHERE \"active_storage_blobs\".id = \"active_storage_attachments\".\"blob_id\" LIMIT 1 ) WHERE account_id IS NULL")
   -> 0.0001s
-- quote_table_name(:active_storage_variant_records)
   -> 0.0000s
-- quote_table_name(:active_storage_blobs)
   -> 0.0000s
-- quote_table_name(:active_storage_blobs)
   -> 0.0000s
-- quote_table_name(:active_storage_blobs)
   -> 0.0000s
-- quote_table_name(:active_storage_variant_records)
   -> 0.0000s
-- quote_column_name(:blob_id)
   -> 0.0000s
-- execute("UPDATE \"active_storage_variant_records\" SET account_id = ( SELECT \"active_storage_blobs\".account_id FROM \"active_storage_blobs\" WHERE \"active_storage_blobs\".id = \"active_storage_variant_records\".\"blob_id\" LIMIT 1 ) WHERE account_id IS NULL")
   -> 0.0001s
-- quote_table_name(:active_storage_attachments)
   -> 0.0000s
-- quote_table_name(:active_storage_variant_records)
   -> 0.0000s
-- quote_table_name(:active_storage_variant_records)
   -> 0.0000s
-- quote_table_name(:active_storage_variant_records)
   -> 0.0000s
-- quote_table_name(:active_storage_attachments)
   -> 0.0000s
-- quote_column_name(:record_id)
   -> 0.0000s
-- quote_column_name(:record_type)
   -> 0.0000s
-- quote("ActiveStorage::VariantRecord")
   -> 0.0000s
-- execute("UPDATE \"active_storage_attachments\" SET account_id = ( SELECT \"active_storage_variant_records\".account_id FROM \"active_storage_variant_records\" WHERE \"active_storage_variant_records\".id = \"active_storage_attachments\".\"record_id\" LIMIT 1 ) WHERE account_id IS NULL AND \"record_type\" = 'ActiveStorage::VariantRecord'")
   -> 0.0001s
-- table_exists?(:accesses)
   -> 0.0001s
-- table_exists?(:account_cancellations)
   -> 0.0001s
-- table_exists?(:account_imports)
   -> 0.0001s
-- table_exists?(:account_join_codes)
   -> 0.0001s
-- table_exists?(:action_text_rich_texts)
   -> 0.0001s
-- table_exists?(:active_storage_attachments)
   -> 0.0001s
-- table_exists?(:active_storage_blobs)
   -> 0.0001s
-- table_exists?(:active_storage_variant_records)
   -> 0.0001s
-- table_exists?(:assignments)
   -> 0.0001s
-- table_exists?(:board_publications)
   -> 0.0001s
-- table_exists?(:boards)
   -> 0.0001s
-- table_exists?(:card_activity_spikes)
   -> 0.0001s
-- table_exists?(:card_goldnesses)
   -> 0.0001s
-- table_exists?(:card_not_nows)
   -> 0.0001s
-- table_exists?(:cards)
   -> 0.0001s
-- table_exists?(:closures)
   -> 0.0001s
-- table_exists?(:columns)
   -> 0.0001s
-- table_exists?(:comments)
   -> 0.0001s
-- table_exists?(:entropies)
   -> 0.0001s
-- table_exists?(:events)
   -> 0.0001s
-- table_exists?(:exports)
   -> 0.0001s
-- table_exists?(:filters)
   -> 0.0001s
-- table_exists?(:mentions)
   -> 0.0001s
-- table_exists?(:notification_bundles)
   -> 0.0001s
-- table_exists?(:notifications)
   -> 0.0001s
-- table_exists?(:pins)
   -> 0.0001s
-- table_exists?(:push_subscriptions)
   -> 0.0001s
-- table_exists?(:reactions)
   -> 0.0001s
-- table_exists?(:search_queries)
   -> 0.0001s
-- table_exists?(:search_records)
   -> 0.0001s
-- table_exists?(:steps)
   -> 0.0001s
-- table_exists?(:storage_entries)
   -> 0.0001s
-- table_exists?(:storage_totals)
   -> 0.0001s
-- table_exists?(:taggings)
   -> 0.0001s
-- table_exists?(:tags)
   -> 0.0001s
-- table_exists?(:user_settings)
   -> 0.0001s
-- table_exists?(:users)
   -> 0.0001s
-- table_exists?(:watches)
   -> 0.0001s
-- table_exists?(:webhook_delinquency_trackers)
   -> 0.0001s
-- table_exists?(:webhook_deliveries)
   -> 0.0001s
-- table_exists?(:webhooks)
   -> 0.0001s
-- quote_table_name(:accesses)
   -> 0.0000s
-- quote_table_name(:accesses)
   -> 0.0000s
-- execute("DELETE FROM \"accesses\" WHERE account_id IS NULL OR NOT EXISTS ( SELECT 1 FROM accounts WHERE accounts.id = \"accesses\".account_id )")
   -> 0.0001s
-- quote_table_name(:account_cancellations)
   -> 0.0000s
-- quote_table_name(:account_cancellations)
   -> 0.0000s
-- execute("DELETE FROM \"account_cancellations\" WHERE account_id IS NULL OR NOT EXISTS ( SELECT 1 FROM accounts WHERE accounts.id = \"account_cancellations\".account_id )")
   -> 0.0001s
-- quote_table_name(:account_imports)
   -> 0.0000s
-- quote_table_name(:account_imports)
   -> 0.0000s
-- execute("DELETE FROM \"account_imports\" WHERE account_id IS NULL OR NOT EXISTS ( SELECT 1 FROM accounts WHERE accounts.id = \"account_imports\".account_id )")
   -> 0.0001s
-- quote_table_name(:account_join_codes)
   -> 0.0000s
-- quote_table_name(:account_join_codes)
   -> 0.0000s
-- execute("DELETE FROM \"account_join_codes\" WHERE account_id IS NULL OR NOT EXISTS ( SELECT 1 FROM accounts WHERE accounts.id = \"account_join_codes\".account_id )")
   -> 0.0001s
-- quote_table_name(:action_text_rich_texts)
   -> 0.0000s
-- quote_table_name(:action_text_rich_texts)
   -> 0.0000s
-- execute("DELETE FROM \"action_text_rich_texts\" WHERE account_id IS NULL OR NOT EXISTS ( SELECT 1 FROM accounts WHERE accounts.id = \"action_text_rich_texts\".account_id )")
   -> 0.0001s
-- quote_table_name(:active_storage_attachments)
   -> 0.0000s
-- quote_table_name(:active_storage_attachments)
   -> 0.0000s
-- execute("DELETE FROM \"active_storage_attachments\" WHERE account_id IS NULL OR NOT EXISTS ( SELECT 1 FROM accounts WHERE accounts.id = \"active_storage_attachments\".account_id )")
   -> 0.0001s
-- quote_table_name(:active_storage_blobs)
   -> 0.0000s
-- quote_table_name(:active_storage_blobs)
   -> 0.0000s
-- execute("DELETE FROM \"active_storage_blobs\" WHERE account_id IS NULL OR NOT EXISTS ( SELECT 1 FROM accounts WHERE accounts.id = \"active_storage_blobs\".account_id )")
   -> 0.0001s
-- quote_table_name(:active_storage_variant_records)
   -> 0.0000s
-- quote_table_name(:active_storage_variant_records)
   -> 0.0000s
-- execute("DELETE FROM \"active_storage_variant_records\" WHERE account_id IS NULL OR NOT EXISTS ( SELECT 1 FROM accounts WHERE accounts.id = \"active_storage_variant_records\".account_id )")
   -> 0.0001s
-- quote_table_name(:assignments)
   -> 0.0000s
-- quote_table_name(:assignments)
   -> 0.0000s
-- execute("DELETE FROM \"assignments\" WHERE account_id IS NULL OR NOT EXISTS ( SELECT 1 FROM accounts WHERE accounts.id = \"assignments\".account_id )")
   -> 0.0001s
-- quote_table_name(:board_publications)
   -> 0.0000s
-- quote_table_name(:board_publications)
   -> 0.0000s
-- execute("DELETE FROM \"board_publications\" WHERE account_id IS NULL OR NOT EXISTS ( SELECT 1 FROM accounts WHERE accounts.id = \"board_publications\".account_id )")
   -> 0.0001s
-- quote_table_name(:boards)
   -> 0.0000s
-- quote_table_name(:boards)
   -> 0.0000s
-- execute("DELETE FROM \"boards\" WHERE account_id IS NULL OR NOT EXISTS ( SELECT 1 FROM accounts WHERE accounts.id = \"boards\".account_id )")
   -> 0.0001s
-- quote_table_name(:card_activity_spikes)
   -> 0.0000s
-- quote_table_name(:card_activity_spikes)
   -> 0.0000s
-- execute("DELETE FROM \"card_activity_spikes\" WHERE account_id IS NULL OR NOT EXISTS ( SELECT 1 FROM accounts WHERE accounts.id = \"card_activity_spikes\".account_id )")
   -> 0.0001s
-- quote_table_name(:card_goldnesses)
   -> 0.0000s
-- quote_table_name(:card_goldnesses)
   -> 0.0000s
-- execute("DELETE FROM \"card_goldnesses\" WHERE account_id IS NULL OR NOT EXISTS ( SELECT 1 FROM accounts WHERE accounts.id = \"card_goldnesses\".account_id )")
   -> 0.0001s
-- quote_table_name(:card_not_nows)
   -> 0.0000s
-- quote_table_name(:card_not_nows)
   -> 0.0000s
-- execute("DELETE FROM \"card_not_nows\" WHERE account_id IS NULL OR NOT EXISTS ( SELECT 1 FROM accounts WHERE accounts.id = \"card_not_nows\".account_id )")
   -> 0.0001s
-- quote_table_name(:cards)
   -> 0.0000s
-- quote_table_name(:cards)
   -> 0.0000s
-- execute("DELETE FROM \"cards\" WHERE account_id IS NULL OR NOT EXISTS ( SELECT 1 FROM accounts WHERE accounts.id = \"cards\".account_id )")
   -> 0.0001s
-- quote_table_name(:closures)
   -> 0.0000s
-- quote_table_name(:closures)
   -> 0.0000s
-- execute("DELETE FROM \"closures\" WHERE account_id IS NULL OR NOT EXISTS ( SELECT 1 FROM accounts WHERE accounts.id = \"closures\".account_id )")
   -> 0.0001s
-- quote_table_name(:columns)
   -> 0.0000s
-- quote_table_name(:columns)
   -> 0.0000s
-- execute("DELETE FROM \"columns\" WHERE account_id IS NULL OR NOT EXISTS ( SELECT 1 FROM accounts WHERE accounts.id = \"columns\".account_id )")
   -> 0.0001s
-- quote_table_name(:comments)
   -> 0.0000s
-- quote_table_name(:comments)
   -> 0.0000s
-- execute("DELETE FROM \"comments\" WHERE account_id IS NULL OR NOT EXISTS ( SELECT 1 FROM accounts WHERE accounts.id = \"comments\".account_id )")
   -> 0.0001s
-- quote_table_name(:entropies)
   -> 0.0000s
-- quote_table_name(:entropies)
   -> 0.0000s
-- execute("DELETE FROM \"entropies\" WHERE account_id IS NULL OR NOT EXISTS ( SELECT 1 FROM accounts WHERE accounts.id = \"entropies\".account_id )")
   -> 0.0001s
-- quote_table_name(:events)
   -> 0.0000s
-- quote_table_name(:events)
   -> 0.0000s
-- execute("DELETE FROM \"events\" WHERE account_id IS NULL OR NOT EXISTS ( SELECT 1 FROM accounts WHERE accounts.id = \"events\".account_id )")
   -> 0.0001s
-- quote_table_name(:exports)
   -> 0.0000s
-- quote_table_name(:exports)
   -> 0.0000s
-- execute("DELETE FROM \"exports\" WHERE account_id IS NULL OR NOT EXISTS ( SELECT 1 FROM accounts WHERE accounts.id = \"exports\".account_id )")
   -> 0.0001s
-- quote_table_name(:filters)
   -> 0.0000s
-- quote_table_name(:filters)
   -> 0.0000s
-- execute("DELETE FROM \"filters\" WHERE account_id IS NULL OR NOT EXISTS ( SELECT 1 FROM accounts WHERE accounts.id = \"filters\".account_id )")
   -> 0.0001s
-- quote_table_name(:mentions)
   -> 0.0000s
-- quote_table_name(:mentions)
   -> 0.0000s
-- execute("DELETE FROM \"mentions\" WHERE account_id IS NULL OR NOT EXISTS ( SELECT 1 FROM accounts WHERE accounts.id = \"mentions\".account_id )")
   -> 0.0001s
-- quote_table_name(:notification_bundles)
   -> 0.0000s
-- quote_table_name(:notification_bundles)
   -> 0.0000s
-- execute("DELETE FROM \"notification_bundles\" WHERE account_id IS NULL OR NOT EXISTS ( SELECT 1 FROM accounts WHERE accounts.id = \"notification_bundles\".account_id )")
   -> 0.0001s
-- quote_table_name(:notifications)
   -> 0.0000s
-- quote_table_name(:notifications)
   -> 0.0000s
-- execute("DELETE FROM \"notifications\" WHERE account_id IS NULL OR NOT EXISTS ( SELECT 1 FROM accounts WHERE accounts.id = \"notifications\".account_id )")
   -> 0.0001s
-- quote_table_name(:pins)
   -> 0.0000s
-- quote_table_name(:pins)
   -> 0.0000s
-- execute("DELETE FROM \"pins\" WHERE account_id IS NULL OR NOT EXISTS ( SELECT 1 FROM accounts WHERE accounts.id = \"pins\".account_id )")
   -> 0.0001s
-- quote_table_name(:push_subscriptions)
   -> 0.0000s
-- quote_table_name(:push_subscriptions)
   -> 0.0000s
-- execute("DELETE FROM \"push_subscriptions\" WHERE account_id IS NULL OR NOT EXISTS ( SELECT 1 FROM accounts WHERE accounts.id = \"push_subscriptions\".account_id )")
   -> 0.0001s
-- quote_table_name(:reactions)
   -> 0.0000s
-- quote_table_name(:reactions)
   -> 0.0000s
-- execute("DELETE FROM \"reactions\" WHERE account_id IS NULL OR NOT EXISTS ( SELECT 1 FROM accounts WHERE accounts.id = \"reactions\".account_id )")
   -> 0.0001s
-- quote_table_name(:search_queries)
   -> 0.0000s
-- quote_table_name(:search_queries)
   -> 0.0000s
-- execute("DELETE FROM \"search_queries\" WHERE account_id IS NULL OR NOT EXISTS ( SELECT 1 FROM accounts WHERE accounts.id = \"search_queries\".account_id )")
   -> 0.0001s
-- quote_table_name(:search_records)
   -> 0.0000s
-- quote_table_name(:search_records)
   -> 0.0000s
-- execute("DELETE FROM \"search_records\" WHERE account_id IS NULL OR NOT EXISTS ( SELECT 1 FROM accounts WHERE accounts.id = \"search_records\".account_id )")
   -> 0.0001s
-- quote_table_name(:steps)
   -> 0.0000s
-- quote_table_name(:steps)
   -> 0.0000s
-- execute("DELETE FROM \"steps\" WHERE account_id IS NULL OR NOT EXISTS ( SELECT 1 FROM accounts WHERE accounts.id = \"steps\".account_id )")
   -> 0.0001s
-- quote_table_name(:storage_entries)
   -> 0.0000s
-- quote_table_name(:storage_entries)
   -> 0.0000s
-- execute("DELETE FROM \"storage_entries\" WHERE account_id IS NULL OR NOT EXISTS ( SELECT 1 FROM accounts WHERE accounts.id = \"storage_entries\".account_id )")
   -> 0.0001s
-- quote_table_name(:storage_totals)
   -> 0.0000s
-- quote_table_name(:storage_totals)
   -> 0.0000s
-- execute("DELETE FROM \"storage_totals\" WHERE account_id IS NULL OR NOT EXISTS ( SELECT 1 FROM accounts WHERE accounts.id = \"storage_totals\".account_id )")
   -> 0.0001s
-- quote_table_name(:taggings)
   -> 0.0000s
-- quote_table_name(:taggings)
   -> 0.0000s
-- execute("DELETE FROM \"taggings\" WHERE account_id IS NULL OR NOT EXISTS ( SELECT 1 FROM accounts WHERE accounts.id = \"taggings\".account_id )")
   -> 0.0001s
-- quote_table_name(:tags)
   -> 0.0000s
-- quote_table_name(:tags)
   -> 0.0000s
-- execute("DELETE FROM \"tags\" WHERE account_id IS NULL OR NOT EXISTS ( SELECT 1 FROM accounts WHERE accounts.id = \"tags\".account_id )")
   -> 0.0001s
-- quote_table_name(:user_settings)
   -> 0.0000s
-- quote_table_name(:user_settings)
   -> 0.0000s
-- execute("DELETE FROM \"user_settings\" WHERE account_id IS NULL OR NOT EXISTS ( SELECT 1 FROM accounts WHERE accounts.id = \"user_settings\".account_id )")
   -> 0.0001s
-- quote_table_name(:users)
   -> 0.0000s
-- quote_table_name(:users)
   -> 0.0000s
-- execute("DELETE FROM \"users\" WHERE account_id IS NULL OR NOT EXISTS ( SELECT 1 FROM accounts WHERE accounts.id = \"users\".account_id )")
   -> 0.0001s
-- quote_table_name(:watches)
   -> 0.0000s
-- quote_table_name(:watches)
   -> 0.0000s
-- execute("DELETE FROM \"watches\" WHERE account_id IS NULL OR NOT EXISTS ( SELECT 1 FROM accounts WHERE accounts.id = \"watches\".account_id )")
   -> 0.0001s
-- quote_table_name(:webhook_delinquency_trackers)
   -> 0.0000s
-- quote_table_name(:webhook_delinquency_trackers)
   -> 0.0000s
-- execute("DELETE FROM \"webhook_delinquency_trackers\" WHERE account_id IS NULL OR NOT EXISTS ( SELECT 1 FROM accounts WHERE accounts.id = \"webhook_delinquency_trackers\".account_id )")
   -> 0.0001s
-- quote_table_name(:webhook_deliveries)
   -> 0.0000s
-- quote_table_name(:webhook_deliveries)
   -> 0.0000s
-- execute("DELETE FROM \"webhook_deliveries\" WHERE account_id IS NULL OR NOT EXISTS ( SELECT 1 FROM accounts WHERE accounts.id = \"webhook_deliveries\".account_id )")
   -> 0.0001s
-- quote_table_name(:webhooks)
   -> 0.0000s
-- quote_table_name(:webhooks)
   -> 0.0000s
-- execute("DELETE FROM \"webhooks\" WHERE account_id IS NULL OR NOT EXISTS ( SELECT 1 FROM accounts WHERE accounts.id = \"webhooks\".account_id )")
   -> 0.0001s
-- table_exists?(:accesses)
   -> 0.0001s
-- table_exists?(:account_cancellations)
   -> 0.0001s
-- table_exists?(:account_imports)
   -> 0.0001s
-- table_exists?(:account_join_codes)
   -> 0.0001s
-- table_exists?(:action_text_rich_texts)
   -> 0.0001s
-- table_exists?(:active_storage_attachments)
   -> 0.0001s
-- table_exists?(:active_storage_blobs)
   -> 0.0001s
-- table_exists?(:active_storage_variant_records)
   -> 0.0001s
-- table_exists?(:assignments)
   -> 0.0001s
-- table_exists?(:board_publications)
   -> 0.0001s
-- table_exists?(:boards)
   -> 0.0001s
-- table_exists?(:card_activity_spikes)
   -> 0.0001s
-- table_exists?(:card_goldnesses)
   -> 0.0001s
-- table_exists?(:card_not_nows)
   -> 0.0001s
-- table_exists?(:cards)
   -> 0.0001s
-- table_exists?(:closures)
   -> 0.0001s
-- table_exists?(:columns)
   -> 0.0001s
-- table_exists?(:comments)
   -> 0.0001s
-- table_exists?(:entropies)
   -> 0.0001s
-- table_exists?(:events)
   -> 0.0001s
-- table_exists?(:exports)
   -> 0.0001s
-- table_exists?(:filters)
   -> 0.0001s
-- table_exists?(:mentions)
   -> 0.0001s
-- table_exists?(:notification_bundles)
   -> 0.0001s
-- table_exists?(:notifications)
   -> 0.0001s
-- table_exists?(:pins)
   -> 0.0001s
-- table_exists?(:push_subscriptions)
   -> 0.0001s
-- table_exists?(:reactions)
   -> 0.0001s
-- table_exists?(:search_queries)
   -> 0.0001s
-- table_exists?(:search_records)
   -> 0.0001s
-- table_exists?(:steps)
   -> 0.0001s
-- table_exists?(:storage_entries)
   -> 0.0001s
-- table_exists?(:storage_totals)
   -> 0.0001s
-- table_exists?(:taggings)
   -> 0.0001s
-- table_exists?(:tags)
   -> 0.0001s
-- table_exists?(:user_settings)
   -> 0.0001s
-- table_exists?(:users)
   -> 0.0001s
-- table_exists?(:watches)
   -> 0.0001s
-- table_exists?(:webhook_delinquency_trackers)
   -> 0.0001s
-- table_exists?(:webhook_deliveries)
   -> 0.0001s
-- table_exists?(:webhooks)
   -> 0.0001s
-- change_column_null(:accesses, :account_id, false)
   -> 0.0084s
-- index_exists?(:accesses, :account_id)
   -> 0.0005s
-- add_index(:accesses, :account_id)
   -> 0.0002s
-- index_exists?(:account_cancellations, :account_id)
   -> 0.0002s
-- change_column_null(:account_imports, :account_id, false)
   -> 0.0069s
-- index_exists?(:account_imports, :account_id)
   -> 0.0003s
-- change_column_null(:account_join_codes, :account_id, false)
   -> 0.0044s
-- index_exists?(:account_join_codes, :account_id)
   -> 0.0001s
-- add_index(:account_join_codes, :account_id)
   -> 0.0002s
-- change_column_null(:action_text_rich_texts, :account_id, false)
   -> 0.0046s
-- index_exists?(:action_text_rich_texts, :account_id)
   -> 0.0001s
-- add_index(:action_text_rich_texts, :account_id)
   -> 0.0002s
-- change_column_null(:active_storage_attachments, :account_id, false)
   -> 0.0056s
-- index_exists?(:active_storage_attachments, :account_id)
   -> 0.0002s
-- add_index(:active_storage_attachments, :account_id)
   -> 0.0002s
-- change_column_null(:active_storage_blobs, :account_id, false)
   -> 0.0048s
-- index_exists?(:active_storage_blobs, :account_id)
   -> 0.0001s
-- add_index(:active_storage_blobs, :account_id)
   -> 0.0001s
-- change_column_null(:active_storage_variant_records, :account_id, false)
   -> 0.0044s
-- index_exists?(:active_storage_variant_records, :account_id)
   -> 0.0002s
-- add_index(:active_storage_variant_records, :account_id)
   -> 0.0002s
-- change_column_null(:assignments, :account_id, false)
   -> 0.0070s
-- index_exists?(:assignments, :account_id)
   -> 0.0002s
-- add_index(:assignments, :account_id)
   -> 0.0001s
-- change_column_null(:board_publications, :account_id, false)
   -> 0.0051s
-- index_exists?(:board_publications, :account_id)
   -> 0.0004s
-- add_index(:board_publications, :account_id)
   -> 0.0004s
-- change_column_null(:boards, :account_id, false)
   -> 0.0053s
-- index_exists?(:boards, :account_id)
   -> 0.0001s
-- add_index(:boards, :account_id)
   -> 0.0002s
-- change_column_null(:card_activity_spikes, :account_id, false)
   -> 0.0045s
-- index_exists?(:card_activity_spikes, :account_id)
   -> 0.0001s
-- add_index(:card_activity_spikes, :account_id)
   -> 0.0002s
-- change_column_null(:card_goldnesses, :account_id, false)
   -> 0.0045s
-- index_exists?(:card_goldnesses, :account_id)
   -> 0.0001s
-- add_index(:card_goldnesses, :account_id)
   -> 0.0002s
-- change_column_null(:card_not_nows, :account_id, false)
   -> 0.0056s
-- index_exists?(:card_not_nows, :account_id)
   -> 0.0002s
-- add_index(:card_not_nows, :account_id)
   -> 0.0002s
-- change_column_null(:cards, :account_id, false)
   -> 0.0130s
-- index_exists?(:cards, :account_id)
   -> 0.0006s
-- add_index(:cards, :account_id)
   -> 0.0002s
-- change_column_null(:closures, :account_id, false)
   -> 0.0068s
-- index_exists?(:closures, :account_id)
   -> 0.0003s
-- add_index(:closures, :account_id)
   -> 0.0002s
-- change_column_null(:columns, :account_id, false)
   -> 0.0062s
-- index_exists?(:columns, :account_id)
   -> 0.0003s
-- add_index(:columns, :account_id)
   -> 0.0002s
-- change_column_null(:comments, :account_id, false)
   -> 0.0044s
-- index_exists?(:comments, :account_id)
   -> 0.0001s
-- add_index(:comments, :account_id)
   -> 0.0002s
-- change_column_null(:entropies, :account_id, false)
   -> 0.0056s
-- index_exists?(:entropies, :account_id)
   -> 0.0002s
-- add_index(:entropies, :account_id)
   -> 0.0002s
-- change_column_null(:events, :account_id, false)
   -> 0.0108s
-- index_exists?(:events, :account_id)
   -> 0.0005s
-- add_index(:events, :account_id)
   -> 0.0002s
-- index_exists?(:exports, :account_id)
   -> 0.0003s
-- change_column_null(:filters, :account_id, false)
   -> 0.0042s
-- index_exists?(:filters, :account_id)
   -> 0.0001s
-- add_index(:filters, :account_id)
   -> 0.0002s
-- change_column_null(:mentions, :account_id, false)
   -> 0.0063s
-- index_exists?(:mentions, :account_id)
   -> 0.0003s
-- add_index(:mentions, :account_id)
   -> 0.0002s
-- change_column_null(:notification_bundles, :account_id, false)
   -> 0.0062s
-- index_exists?(:notification_bundles, :account_id)
   -> 0.0003s
-- add_index(:notification_bundles, :account_id)
   -> 0.0002s
-- change_column_null(:notifications, :account_id, false)
   -> 0.0306s
-- index_exists?(:notifications, :account_id)
   -> 0.0005s
-- add_index(:notifications, :account_id)
   -> 0.0002s
-- change_column_null(:pins, :account_id, false)
   -> 0.0072s
-- index_exists?(:pins, :account_id)
   -> 0.0003s
-- add_index(:pins, :account_id)
   -> 0.0002s
-- change_column_null(:push_subscriptions, :account_id, false)
   -> 0.0051s
-- index_exists?(:push_subscriptions, :account_id)
   -> 0.0002s
-- add_index(:push_subscriptions, :account_id)
   -> 0.0002s
-- change_column_null(:reactions, :account_id, false)
   -> 0.0062s
-- index_exists?(:reactions, :account_id)
   -> 0.0002s
-- add_index(:reactions, :account_id)
   -> 0.0002s
-- change_column_null(:search_queries, :account_id, false)
   -> 0.0068s
-- index_exists?(:search_queries, :account_id)
   -> 0.0003s
-- add_index(:search_queries, :account_id)
   -> 0.0002s
-- index_exists?(:search_records, :account_id)
   -> 0.0002s
-- change_column_null(:steps, :account_id, false)
   -> 0.0058s
-- index_exists?(:steps, :account_id)
   -> 0.0002s
-- add_index(:steps, :account_id)
   -> 0.0002s
-- index_exists?(:storage_entries, :account_id)
   -> 0.0005s
-- change_column_null(:storage_totals, :account_id, false)
   -> 0.0047s
-- index_exists?(:storage_totals, :account_id)
   -> 0.0001s
-- add_index(:storage_totals, :account_id)
   -> 0.0002s
-- change_column_null(:taggings, :account_id, false)
   -> 0.0052s
-- index_exists?(:taggings, :account_id)
   -> 0.0002s
-- add_index(:taggings, :account_id)
   -> 0.0002s
-- change_column_null(:tags, :account_id, false)
   -> 0.0039s
-- index_exists?(:tags, :account_id)
   -> 0.0001s
-- add_index(:tags, :account_id)
   -> 0.0002s
-- change_column_null(:user_settings, :account_id, false)
   -> 0.0054s
-- index_exists?(:user_settings, :account_id)
   -> 0.0002s
-- add_index(:user_settings, :account_id)
   -> 0.0002s
-- change_column_null(:users, :account_id, false)
   -> 0.0069s
-- index_exists?(:users, :account_id)
   -> 0.0003s
-- add_index(:users, :account_id)
   -> 0.0002s
-- change_column_null(:watches, :account_id, false)
   -> 0.0070s
-- index_exists?(:watches, :account_id)
   -> 0.0003s
-- add_index(:watches, :account_id)
   -> 0.0002s
-- change_column_null(:webhook_delinquency_trackers, :account_id, false)
   -> 0.0041s
-- index_exists?(:webhook_delinquency_trackers, :account_id)
   -> 0.0001s
-- add_index(:webhook_delinquency_trackers, :account_id)
   -> 0.0002s
-- change_column_null(:webhook_deliveries, :account_id, false)
   -> 0.0066s
-- index_exists?(:webhook_deliveries, :account_id)
   -> 0.0003s
-- add_index(:webhook_deliveries, :account_id)
   -> 0.0002s
-- change_column_null(:webhooks, :account_id, false)
   -> 0.0047s
-- index_exists?(:webhooks, :account_id)
   -> 0.0002s
-- add_index(:webhooks, :account_id)
   -> 0.0002s
-- remove_index(:tags, :title)
   -> 0.0004s
-- add_index(:tags, [:account_id, :title], {unique: true})
   -> 0.0002s
== 20260710120000 AddAccountIdToAllAccountData: migrated (0.3522s) ============

== 20260710120000 AddAccountIdToAllAccountData: reverting =====================
-- index_exists?(:tags, [:account_id, :title])
   -> 0.0011s
-- remove_index(:tags, [:account_id, :title])
   -> 0.0019s
-- index_exists?(:tags, :title)
   -> 0.0007s
-- add_index(:tags, :title, {unique: true})
   -> 0.0003s
-- table_exists?(:accesses)
   -> 0.0001s
-- table_exists?(:account_cancellations)
   -> 0.0001s
-- table_exists?(:account_imports)
   -> 0.0006s
-- table_exists?(:account_join_codes)
   -> 0.0001s
-- table_exists?(:action_text_rich_texts)
   -> 0.0001s
-- table_exists?(:active_storage_attachments)
   -> 0.0001s
-- table_exists?(:active_storage_blobs)
   -> 0.0001s
-- table_exists?(:active_storage_variant_records)
   -> 0.0001s
-- table_exists?(:assignments)
   -> 0.0001s
-- table_exists?(:board_publications)
   -> 0.0001s
-- table_exists?(:boards)
   -> 0.0001s
-- table_exists?(:card_activity_spikes)
   -> 0.0007s
-- table_exists?(:card_goldnesses)
   -> 0.0001s
-- table_exists?(:card_not_nows)
   -> 0.0001s
-- table_exists?(:cards)
   -> 0.0001s
-- table_exists?(:closures)
   -> 0.0004s
-- table_exists?(:columns)
   -> 0.0001s
-- table_exists?(:comments)
   -> 0.0001s
-- table_exists?(:entropies)
   -> 0.0001s
-- table_exists?(:events)
   -> 0.0001s
-- table_exists?(:exports)
   -> 0.0001s
-- table_exists?(:filters)
   -> 0.0001s
-- table_exists?(:mentions)
   -> 0.0001s
-- table_exists?(:notification_bundles)
   -> 0.0001s
-- table_exists?(:notifications)
   -> 0.0001s
-- table_exists?(:pins)
   -> 0.0001s
-- table_exists?(:push_subscriptions)
   -> 0.0001s
-- table_exists?(:reactions)
   -> 0.0001s
-- table_exists?(:search_queries)
   -> 0.0001s
-- table_exists?(:search_records)
   -> 0.0004s
-- table_exists?(:steps)
   -> 0.0001s
-- table_exists?(:storage_entries)
   -> 0.0001s
-- table_exists?(:storage_totals)
   -> 0.0001s
-- table_exists?(:taggings)
   -> 0.0001s
-- table_exists?(:tags)
   -> 0.0001s
-- table_exists?(:user_settings)
   -> 0.0001s
-- table_exists?(:users)
   -> 0.0001s
-- table_exists?(:watches)
   -> 0.0001s
-- table_exists?(:webhook_delinquency_trackers)
   -> 0.0006s
-- table_exists?(:webhook_deliveries)
   -> 0.0001s
-- table_exists?(:webhooks)
   -> 0.0001s
-- index_exists?(:accesses, :account_id)
   -> 0.0011s
-- remove_index(:accesses, :account_id)
   -> 0.0014s
-- remove_column(:accesses, :account_id)
   -> 0.0274s
-- index_exists?(:account_cancellations, :account_id)
   -> 0.0005s
-- index_exists?(:account_imports, :account_id)
   -> 0.0006s
-- change_column_null(:account_imports, :account_id, true)
   -> 0.0157s
-- index_exists?(:account_join_codes, :account_id)
   -> 0.0010s
-- remove_index(:account_join_codes, :account_id)
   -> 0.0016s
-- change_column_null(:account_join_codes, :account_id, true)
   -> 0.0082s
-- index_exists?(:action_text_rich_texts, :account_id)
   -> 0.0002s
-- remove_index(:action_text_rich_texts, :account_id)
   -> 0.0003s
-- remove_column(:action_text_rich_texts, :account_id)
   -> 0.0051s
-- index_exists?(:active_storage_attachments, :account_id)
   -> 0.0010s
-- remove_index(:active_storage_attachments, :account_id)
   -> 0.0005s
-- remove_column(:active_storage_attachments, :account_id)
   -> 0.0056s
-- index_exists?(:active_storage_blobs, :account_id)
   -> 0.0002s
-- remove_index(:active_storage_blobs, :account_id)
   -> 0.0003s
-- remove_column(:active_storage_blobs, :account_id)
   -> 0.0053s
-- index_exists?(:active_storage_variant_records, :account_id)
   -> 0.0002s
-- remove_index(:active_storage_variant_records, :account_id)
   -> 0.0003s
-- remove_column(:active_storage_variant_records, :account_id)
   -> 0.0041s
-- index_exists?(:assignments, :account_id)
   -> 0.0003s
-- remove_index(:assignments, :account_id)
   -> 0.0007s
-- remove_column(:assignments, :account_id)
   -> 0.0052s
-- index_exists?(:board_publications, :account_id)
   -> 0.0003s
-- remove_index(:board_publications, :account_id)
   -> 0.0004s
-- remove_column(:board_publications, :account_id)
   -> 0.0051s
-- index_exists?(:boards, :account_id)
   -> 0.0004s
-- remove_index(:boards, :account_id)
   -> 0.0004s
-- change_column_null(:boards, :account_id, true)
   -> 0.0045s
-- index_exists?(:card_activity_spikes, :account_id)
   -> 0.0002s
-- remove_index(:card_activity_spikes, :account_id)
   -> 0.0003s
-- remove_column(:card_activity_spikes, :account_id)
   -> 0.0049s
-- index_exists?(:card_goldnesses, :account_id)
   -> 0.0006s
-- remove_index(:card_goldnesses, :account_id)
   -> 0.0004s
-- remove_column(:card_goldnesses, :account_id)
   -> 0.0055s
-- index_exists?(:card_not_nows, :account_id)
   -> 0.0003s
-- remove_index(:card_not_nows, :account_id)
   -> 0.0008s
-- remove_column(:card_not_nows, :account_id)
   -> 0.0056s
-- index_exists?(:cards, :account_id)
   -> 0.0005s
-- remove_index(:cards, :account_id)
   -> 0.0006s
-- change_column_null(:cards, :account_id, true)
   -> 0.0100s
-- index_exists?(:closures, :account_id)
   -> 0.0004s
-- remove_index(:closures, :account_id)
   -> 0.0005s
-- remove_column(:closures, :account_id)
   -> 0.0060s
-- index_exists?(:columns, :account_id)
   -> 0.0003s
-- remove_index(:columns, :account_id)
   -> 0.0004s
-- change_column_null(:columns, :account_id, true)
   -> 0.0057s
-- index_exists?(:comments, :account_id)
   -> 0.0002s
-- remove_index(:comments, :account_id)
   -> 0.0004s
-- change_column_null(:comments, :account_id, true)
   -> 0.0043s
-- index_exists?(:entropies, :account_id)
   -> 0.0003s
-- remove_index(:entropies, :account_id)
   -> 0.0005s
-- remove_column(:entropies, :account_id)
   -> 0.0055s
-- index_exists?(:events, :account_id)
   -> 0.0005s
-- remove_index(:events, :account_id)
   -> 0.0006s
-- change_column_null(:events, :account_id, true)
   -> 0.0098s
-- index_exists?(:exports, :account_id)
   -> 0.0004s
-- index_exists?(:filters, :account_id)
   -> 0.0002s
-- remove_index(:filters, :account_id)
   -> 0.0003s
-- change_column_null(:filters, :account_id, true)
   -> 0.0044s
-- index_exists?(:mentions, :account_id)
   -> 0.0004s
-- remove_index(:mentions, :account_id)
   -> 0.0005s
-- remove_column(:mentions, :account_id)
   -> 0.0068s
-- index_exists?(:notification_bundles, :account_id)
   -> 0.0004s
-- remove_index(:notification_bundles, :account_id)
   -> 0.0005s
-- change_column_null(:notification_bundles, :account_id, true)
   -> 0.0069s
-- index_exists?(:notifications, :account_id)
   -> 0.0005s
-- remove_index(:notifications, :account_id)
   -> 0.0007s
-- change_column_null(:notifications, :account_id, true)
   -> 0.0107s
-- index_exists?(:pins, :account_id)
   -> 0.0005s
-- remove_index(:pins, :account_id)
   -> 0.0005s
-- remove_column(:pins, :account_id)
   -> 0.0288s
-- index_exists?(:push_subscriptions, :account_id)
   -> 0.0003s
-- remove_index(:push_subscriptions, :account_id)
   -> 0.0004s
-- change_column_null(:push_subscriptions, :account_id, true)
   -> 0.0055s
-- index_exists?(:reactions, :account_id)
   -> 0.0003s
-- remove_index(:reactions, :account_id)
   -> 0.0004s
-- remove_column(:reactions, :account_id)
   -> 0.0066s
-- index_exists?(:search_queries, :account_id)
   -> 0.0004s
-- remove_index(:search_queries, :account_id)
   -> 0.0004s
-- remove_column(:search_queries, :account_id)
   -> 0.0078s
-- index_exists?(:search_records, :account_id)
   -> 0.0002s
-- index_exists?(:steps, :account_id)
   -> 0.0008s
-- remove_index(:steps, :account_id)
   -> 0.0004s
-- change_column_null(:steps, :account_id, true)
   -> 0.0053s
-- index_exists?(:storage_entries, :account_id)
   -> 0.0005s
-- index_exists?(:storage_totals, :account_id)
   -> 0.0002s
-- remove_index(:storage_totals, :account_id)
   -> 0.0003s
-- remove_column(:storage_totals, :account_id)
   -> 0.0047s
-- index_exists?(:taggings, :account_id)
   -> 0.0006s
-- remove_index(:taggings, :account_id)
   -> 0.0004s
-- remove_column(:taggings, :account_id)
   -> 0.0051s
-- index_exists?(:tags, :account_id)
   -> 0.0002s
-- remove_index(:tags, :account_id)
   -> 0.0003s
-- change_column_null(:tags, :account_id, true)
   -> 0.0039s
-- index_exists?(:user_settings, :account_id)
   -> 0.0003s
-- remove_index(:user_settings, :account_id)
   -> 0.0004s
-- remove_column(:user_settings, :account_id)
   -> 0.0054s
-- index_exists?(:users, :account_id)
   -> 0.0007s
-- remove_index(:users, :account_id)
   -> 0.0005s
-- change_column_null(:users, :account_id, true)
   -> 0.0069s
-- index_exists?(:watches, :account_id)
   -> 0.0004s
-- remove_index(:watches, :account_id)
   -> 0.0004s
-- remove_column(:watches, :account_id)
   -> 0.0063s
-- index_exists?(:webhook_delinquency_trackers, :account_id)
   -> 0.0002s
-- remove_index(:webhook_delinquency_trackers, :account_id)
   -> 0.0003s
-- remove_column(:webhook_delinquency_trackers, :account_id)
   -> 0.0042s
-- index_exists?(:webhook_deliveries, :account_id)
   -> 0.0004s
-- remove_index(:webhook_deliveries, :account_id)
   -> 0.0004s
-- remove_column(:webhook_deliveries, :account_id)
   -> 0.0071s
-- index_exists?(:webhooks, :account_id)
   -> 0.0002s
-- remove_index(:webhooks, :account_id)
   -> 0.0003s
-- change_column_null(:webhooks, :account_id, true)
   -> 0.0052s
== 20260710120000 AddAccountIdToAllAccountData: reverted (0.3221s) ============

== 20260710120000 AddAccountIdToAllAccountData: migrating =====================
-- table_exists?(:accesses)
   -> 0.0002s
-- table_exists?(:account_cancellations)
   -> 0.0001s
-- table_exists?(:account_imports)
   -> 0.0001s
-- table_exists?(:account_join_codes)
   -> 0.0007s
-- table_exists?(:action_text_rich_texts)
   -> 0.0001s
-- table_exists?(:active_storage_attachments)
   -> 0.0001s
-- table_exists?(:active_storage_blobs)
   -> 0.0001s
-- table_exists?(:active_storage_variant_records)
   -> 0.0001s
-- table_exists?(:assignments)
   -> 0.0001s
-- table_exists?(:board_publications)
   -> 0.0001s
-- table_exists?(:boards)
   -> 0.0001s
-- table_exists?(:card_activity_spikes)
   -> 0.0001s
-- table_exists?(:card_goldnesses)
   -> 0.0001s
-- table_exists?(:card_not_nows)
   -> 0.0007s
-- table_exists?(:cards)
   -> 0.0001s
-- table_exists?(:closures)
   -> 0.0001s
-- table_exists?(:columns)
   -> 0.0001s
-- table_exists?(:comments)
   -> 0.0001s
-- table_exists?(:entropies)
   -> 0.0001s
-- table_exists?(:events)
   -> 0.0001s
-- table_exists?(:exports)
   -> 0.0001s
-- table_exists?(:filters)
   -> 0.0001s
-- table_exists?(:mentions)
   -> 0.0001s
-- table_exists?(:notification_bundles)
   -> 0.0001s
-- table_exists?(:notifications)
   -> 0.0001s
-- table_exists?(:pins)
   -> 0.0006s
-- table_exists?(:push_subscriptions)
   -> 0.0001s
-- table_exists?(:reactions)
   -> 0.0001s
-- table_exists?(:search_queries)
   -> 0.0001s
-- table_exists?(:search_records)
   -> 0.0001s
-- table_exists?(:steps)
   -> 0.0001s
-- table_exists?(:storage_entries)
   -> 0.0001s
-- table_exists?(:storage_totals)
   -> 0.0001s
-- table_exists?(:taggings)
   -> 0.0001s
-- table_exists?(:tags)
   -> 0.0001s
-- table_exists?(:user_settings)
   -> 0.0007s
-- table_exists?(:users)
   -> 0.0001s
-- table_exists?(:watches)
   -> 0.0001s
-- table_exists?(:webhook_delinquency_trackers)
   -> 0.0001s
-- table_exists?(:webhook_deliveries)
   -> 0.0001s
-- table_exists?(:webhooks)
   -> 0.0001s
-- column_exists?(:accesses, :account_id)
   -> 0.0017s
-- add_column(:accesses, :account_id, :uuid)
   -> 0.0016s
-- column_exists?(:account_cancellations, :account_id)
   -> 0.0009s
-- column_exists?(:account_imports, :account_id)
   -> 0.0009s
-- column_exists?(:account_join_codes, :account_id)
   -> 0.0009s
-- column_exists?(:action_text_rich_texts, :account_id)
   -> 0.0023s
-- add_column(:action_text_rich_texts, :account_id, :uuid)
   -> 0.0007s
-- column_exists?(:active_storage_attachments, :account_id)
   -> 0.0004s
-- add_column(:active_storage_attachments, :account_id, :uuid)
   -> 0.0007s
-- column_exists?(:active_storage_blobs, :account_id)
   -> 0.0007s
-- add_column(:active_storage_blobs, :account_id, :uuid)
   -> 0.0012s
-- column_exists?(:active_storage_variant_records, :account_id)
   -> 0.0009s
-- add_column(:active_storage_variant_records, :account_id, :uuid)
   -> 0.0006s
-- column_exists?(:assignments, :account_id)
   -> 0.0015s
-- add_column(:assignments, :account_id, :uuid)
   -> 0.0007s
-- column_exists?(:board_publications, :account_id)
   -> 0.0009s
-- add_column(:board_publications, :account_id, :uuid)
   -> 0.0006s
-- column_exists?(:boards, :account_id)
   -> 0.0015s
-- column_exists?(:card_activity_spikes, :account_id)
   -> 0.0014s
-- add_column(:card_activity_spikes, :account_id, :uuid)
   -> 0.0007s
-- column_exists?(:card_goldnesses, :account_id)
   -> 0.0002s
-- add_column(:card_goldnesses, :account_id, :uuid)
   -> 0.0019s
-- column_exists?(:card_not_nows, :account_id)
   -> 0.0003s
-- add_column(:card_not_nows, :account_id, :uuid)
   -> 0.0012s
-- column_exists?(:cards, :account_id)
   -> 0.0023s
-- column_exists?(:closures, :account_id)
   -> 0.0006s
-- add_column(:closures, :account_id, :uuid)
   -> 0.0012s
-- column_exists?(:columns, :account_id)
   -> 0.0009s
-- column_exists?(:comments, :account_id)
   -> 0.0016s
-- column_exists?(:entropies, :account_id)
   -> 0.0015s
-- add_column(:entropies, :account_id, :uuid)
   -> 0.0007s
-- column_exists?(:events, :account_id)
   -> 0.0023s
-- column_exists?(:exports, :account_id)
   -> 0.0014s
-- column_exists?(:filters, :account_id)
   -> 0.0004s
-- column_exists?(:mentions, :account_id)
   -> 0.0014s
-- add_column(:mentions, :account_id, :uuid)
   -> 0.0007s
-- column_exists?(:notification_bundles, :account_id)
   -> 0.0012s
-- column_exists?(:notifications, :account_id)
   -> 0.0011s
-- column_exists?(:pins, :account_id)
   -> 0.0008s
-- add_column(:pins, :account_id, :uuid)
   -> 0.0007s
-- column_exists?(:push_subscriptions, :account_id)
   -> 0.0011s
-- column_exists?(:reactions, :account_id)
   -> 0.0005s
-- add_column(:reactions, :account_id, :uuid)
   -> 0.0009s
-- column_exists?(:search_queries, :account_id)
   -> 0.0005s
-- add_column(:search_queries, :account_id, :uuid)
   -> 0.0006s
-- column_exists?(:search_records, :account_id)
   -> 0.0011s
-- column_exists?(:steps, :account_id)
   -> 0.0007s
-- column_exists?(:storage_entries, :account_id)
   -> 0.0012s
-- column_exists?(:storage_totals, :account_id)
   -> 0.0005s
-- add_column(:storage_totals, :account_id, :uuid)
   -> 0.0007s
-- column_exists?(:taggings, :account_id)
   -> 0.0009s
-- add_column(:taggings, :account_id, :uuid)
   -> 0.0006s
-- column_exists?(:tags, :account_id)
   -> 0.0009s
-- column_exists?(:user_settings, :account_id)
   -> 0.0009s
-- add_column(:user_settings, :account_id, :uuid)
   -> 0.0007s
-- column_exists?(:users, :account_id)
   -> 0.0022s
-- column_exists?(:watches, :account_id)
   -> 0.0003s
-- add_column(:watches, :account_id, :uuid)
   -> 0.0012s
-- column_exists?(:webhook_delinquency_trackers, :account_id)
   -> 0.0008s
-- add_column(:webhook_delinquency_trackers, :account_id, :uuid)
   -> 0.0006s
-- column_exists?(:webhook_deliveries, :account_id)
   -> 0.0012s
-- add_column(:webhook_deliveries, :account_id, :uuid)
   -> 0.0013s
-- column_exists?(:webhooks, :account_id)
   -> 0.0013s
-- quote_table_name(:boards)
   -> 0.0000s
-- quote_table_name(:users)
   -> 0.0000s
-- quote_table_name(:users)
   -> 0.0000s
-- quote_table_name(:users)
   -> 0.0000s
-- quote_table_name(:boards)
   -> 0.0000s
-- quote_column_name(:creator_id)
   -> 0.0000s
-- execute("UPDATE \"boards\" SET account_id = ( SELECT \"users\".account_id FROM \"users\" WHERE \"users\".id = \"boards\".\"creator_id\" LIMIT 1 ) WHERE account_id IS NULL")
   -> 0.0001s
-- quote_table_name(:cards)
   -> 0.0000s
-- quote_table_name(:boards)
   -> 0.0000s
-- quote_table_name(:boards)
   -> 0.0000s
-- quote_table_name(:boards)
   -> 0.0000s
-- quote_table_name(:cards)
   -> 0.0000s
-- quote_column_name(:board_id)
   -> 0.0000s
-- execute("UPDATE \"cards\" SET account_id = ( SELECT \"boards\".account_id FROM \"boards\" WHERE \"boards\".id = \"cards\".\"board_id\" LIMIT 1 ) WHERE account_id IS NULL")
   -> 0.0002s
-- quote_table_name(:columns)
   -> 0.0000s
-- quote_table_name(:boards)
   -> 0.0000s
-- quote_table_name(:boards)
   -> 0.0000s
-- quote_table_name(:boards)
   -> 0.0000s
-- quote_table_name(:columns)
   -> 0.0000s
-- quote_column_name(:board_id)
   -> 0.0000s
-- execute("UPDATE \"columns\" SET account_id = ( SELECT \"boards\".account_id FROM \"boards\" WHERE \"boards\".id = \"columns\".\"board_id\" LIMIT 1 ) WHERE account_id IS NULL")
   -> 0.0001s
-- quote_table_name(:comments)
   -> 0.0000s
-- quote_table_name(:cards)
   -> 0.0000s
-- quote_table_name(:cards)
   -> 0.0000s
-- quote_table_name(:cards)
   -> 0.0000s
-- quote_table_name(:comments)
   -> 0.0000s
-- quote_column_name(:card_id)
   -> 0.0000s
-- execute("UPDATE \"comments\" SET account_id = ( SELECT \"cards\".account_id FROM \"cards\" WHERE \"cards\".id = \"comments\".\"card_id\" LIMIT 1 ) WHERE account_id IS NULL")
   -> 0.0003s
-- quote_table_name(:events)
   -> 0.0000s
-- quote_table_name(:boards)
   -> 0.0000s
-- quote_table_name(:boards)
   -> 0.0000s
-- quote_table_name(:boards)
   -> 0.0000s
-- quote_table_name(:events)
   -> 0.0000s
-- quote_column_name(:board_id)
   -> 0.0000s
-- execute("UPDATE \"events\" SET account_id = ( SELECT \"boards\".account_id FROM \"boards\" WHERE \"boards\".id = \"events\".\"board_id\" LIMIT 1 ) WHERE account_id IS NULL")
   -> 0.0001s
-- quote_table_name(:filters)
   -> 0.0000s
-- quote_table_name(:users)
   -> 0.0000s
-- quote_table_name(:users)
   -> 0.0000s
-- quote_table_name(:users)
   -> 0.0000s
-- quote_table_name(:filters)
   -> 0.0000s
-- quote_column_name(:creator_id)
   -> 0.0000s
-- execute("UPDATE \"filters\" SET account_id = ( SELECT \"users\".account_id FROM \"users\" WHERE \"users\".id = \"filters\".\"creator_id\" LIMIT 1 ) WHERE account_id IS NULL")
   -> 0.0001s
-- quote_table_name(:notification_bundles)
   -> 0.0000s
-- quote_table_name(:users)
   -> 0.0000s
-- quote_table_name(:users)
   -> 0.0000s
-- quote_table_name(:users)
   -> 0.0000s
-- quote_table_name(:notification_bundles)
   -> 0.0000s
-- quote_column_name(:user_id)
   -> 0.0000s
-- execute("UPDATE \"notification_bundles\" SET account_id = ( SELECT \"users\".account_id FROM \"users\" WHERE \"users\".id = \"notification_bundles\".\"user_id\" LIMIT 1 ) WHERE account_id IS NULL")
   -> 0.0003s
-- quote_table_name(:notifications)
   -> 0.0000s
-- quote_table_name(:users)
   -> 0.0000s
-- quote_table_name(:users)
   -> 0.0000s
-- quote_table_name(:users)
   -> 0.0000s
-- quote_table_name(:notifications)
   -> 0.0000s
-- quote_column_name(:user_id)
   -> 0.0000s
-- execute("UPDATE \"notifications\" SET account_id = ( SELECT \"users\".account_id FROM \"users\" WHERE \"users\".id = \"notifications\".\"user_id\" LIMIT 1 ) WHERE account_id IS NULL")
   -> 0.0001s
-- quote_table_name(:push_subscriptions)
   -> 0.0000s
-- quote_table_name(:users)
   -> 0.0000s
-- quote_table_name(:users)
   -> 0.0000s
-- quote_table_name(:users)
   -> 0.0000s
-- quote_table_name(:push_subscriptions)
   -> 0.0000s
-- quote_column_name(:user_id)
   -> 0.0000s
-- execute("UPDATE \"push_subscriptions\" SET account_id = ( SELECT \"users\".account_id FROM \"users\" WHERE \"users\".id = \"push_subscriptions\".\"user_id\" LIMIT 1 ) WHERE account_id IS NULL")
   -> 0.0001s
-- quote_table_name(:steps)
   -> 0.0000s
-- quote_table_name(:cards)
   -> 0.0000s
-- quote_table_name(:cards)
   -> 0.0000s
-- quote_table_name(:cards)
   -> 0.0000s
-- quote_table_name(:steps)
   -> 0.0000s
-- quote_column_name(:card_id)
   -> 0.0000s
-- execute("UPDATE \"steps\" SET account_id = ( SELECT \"cards\".account_id FROM \"cards\" WHERE \"cards\".id = \"steps\".\"card_id\" LIMIT 1 ) WHERE account_id IS NULL")
   -> 0.0001s
-- quote_table_name(:webhooks)
   -> 0.0000s
-- quote_table_name(:boards)
   -> 0.0000s
-- quote_table_name(:boards)
   -> 0.0000s
-- quote_table_name(:boards)
   -> 0.0000s
-- quote_table_name(:webhooks)
   -> 0.0000s
-- quote_column_name(:board_id)
   -> 0.0000s
-- execute("UPDATE \"webhooks\" SET account_id = ( SELECT \"boards\".account_id FROM \"boards\" WHERE \"boards\".id = \"webhooks\".\"board_id\" LIMIT 1 ) WHERE account_id IS NULL")
   -> 0.0001s
-- quote_table_name(:accesses)
   -> 0.0000s
-- quote_table_name(:boards)
   -> 0.0000s
-- quote_table_name(:boards)
   -> 0.0000s
-- quote_table_name(:boards)
   -> 0.0000s
-- quote_table_name(:accesses)
   -> 0.0000s
-- quote_column_name(:board_id)
   -> 0.0000s
-- execute("UPDATE \"accesses\" SET account_id = ( SELECT \"boards\".account_id FROM \"boards\" WHERE \"boards\".id = \"accesses\".\"board_id\" LIMIT 1 ) WHERE account_id IS NULL")
   -> 0.0001s
-- quote_table_name(:assignments)
   -> 0.0000s
-- quote_table_name(:cards)
   -> 0.0000s
-- quote_table_name(:cards)
   -> 0.0000s
-- quote_table_name(:cards)
   -> 0.0000s
-- quote_table_name(:assignments)
   -> 0.0000s
-- quote_column_name(:card_id)
   -> 0.0000s
-- execute("UPDATE \"assignments\" SET account_id = ( SELECT \"cards\".account_id FROM \"cards\" WHERE \"cards\".id = \"assignments\".\"card_id\" LIMIT 1 ) WHERE account_id IS NULL")
   -> 0.0001s
-- quote_table_name(:board_publications)
   -> 0.0000s
-- quote_table_name(:boards)
   -> 0.0000s
-- quote_table_name(:boards)
   -> 0.0000s
-- quote_table_name(:boards)
   -> 0.0002s
-- quote_table_name(:board_publications)
   -> 0.0000s
-- quote_column_name(:board_id)
   -> 0.0000s
-- execute("UPDATE \"board_publications\" SET account_id = ( SELECT \"boards\".account_id FROM \"boards\" WHERE \"boards\".id = \"board_publications\".\"board_id\" LIMIT 1 ) WHERE account_id IS NULL")
   -> 0.0001s
-- quote_table_name(:card_activity_spikes)
   -> 0.0000s
-- quote_table_name(:cards)
   -> 0.0000s
-- quote_table_name(:cards)
   -> 0.0000s
-- quote_table_name(:cards)
   -> 0.0000s
-- quote_table_name(:card_activity_spikes)
   -> 0.0000s
-- quote_column_name(:card_id)
   -> 0.0000s
-- execute("UPDATE \"card_activity_spikes\" SET account_id = ( SELECT \"cards\".account_id FROM \"cards\" WHERE \"cards\".id = \"card_activity_spikes\".\"card_id\" LIMIT 1 ) WHERE account_id IS NULL")
   -> 0.0001s
-- quote_table_name(:card_goldnesses)
   -> 0.0000s
-- quote_table_name(:cards)
   -> 0.0000s
-- quote_table_name(:cards)
   -> 0.0000s
-- quote_table_name(:cards)
   -> 0.0000s
-- quote_table_name(:card_goldnesses)
   -> 0.0000s
-- quote_column_name(:card_id)
   -> 0.0000s
-- execute("UPDATE \"card_goldnesses\" SET account_id = ( SELECT \"cards\".account_id FROM \"cards\" WHERE \"cards\".id = \"card_goldnesses\".\"card_id\" LIMIT 1 ) WHERE account_id IS NULL")
   -> 0.0002s
-- quote_table_name(:card_not_nows)
   -> 0.0000s
-- quote_table_name(:cards)
   -> 0.0000s
-- quote_table_name(:cards)
   -> 0.0000s
-- quote_table_name(:cards)
   -> 0.0000s
-- quote_table_name(:card_not_nows)
   -> 0.0000s
-- quote_column_name(:card_id)
   -> 0.0000s
-- execute("UPDATE \"card_not_nows\" SET account_id = ( SELECT \"cards\".account_id FROM \"cards\" WHERE \"cards\".id = \"card_not_nows\".\"card_id\" LIMIT 1 ) WHERE account_id IS NULL")
   -> 0.0001s
-- quote_table_name(:closures)
   -> 0.0000s
-- quote_table_name(:cards)
   -> 0.0000s
-- quote_table_name(:cards)
   -> 0.0000s
-- quote_table_name(:cards)
   -> 0.0000s
-- quote_table_name(:closures)
   -> 0.0000s
-- quote_column_name(:card_id)
   -> 0.0000s
-- execute("UPDATE \"closures\" SET account_id = ( SELECT \"cards\".account_id FROM \"cards\" WHERE \"cards\".id = \"closures\".\"card_id\" LIMIT 1 ) WHERE account_id IS NULL")
   -> 0.0002s
-- quote_table_name(:pins)
   -> 0.0000s
-- quote_table_name(:cards)
   -> 0.0000s
-- quote_table_name(:cards)
   -> 0.0000s
-- quote_table_name(:cards)
   -> 0.0000s
-- quote_table_name(:pins)
   -> 0.0000s
-- quote_column_name(:card_id)
   -> 0.0000s
-- execute("UPDATE \"pins\" SET account_id = ( SELECT \"cards\".account_id FROM \"cards\" WHERE \"cards\".id = \"pins\".\"card_id\" LIMIT 1 ) WHERE account_id IS NULL")
   -> 0.0001s
-- quote_table_name(:search_queries)
   -> 0.0000s
-- quote_table_name(:users)
   -> 0.0000s
-- quote_table_name(:users)
   -> 0.0000s
-- quote_table_name(:users)
   -> 0.0000s
-- quote_table_name(:search_queries)
   -> 0.0000s
-- quote_column_name(:user_id)
   -> 0.0000s
-- execute("UPDATE \"search_queries\" SET account_id = ( SELECT \"users\".account_id FROM \"users\" WHERE \"users\".id = \"search_queries\".\"user_id\" LIMIT 1 ) WHERE account_id IS NULL")
   -> 0.0001s
-- quote_table_name(:taggings)
   -> 0.0000s
-- quote_table_name(:cards)
   -> 0.0000s
-- quote_table_name(:cards)
   -> 0.0000s
-- quote_table_name(:cards)
   -> 0.0000s
-- quote_table_name(:taggings)
   -> 0.0000s
-- quote_column_name(:card_id)
   -> 0.0000s
-- execute("UPDATE \"taggings\" SET account_id = ( SELECT \"cards\".account_id FROM \"cards\" WHERE \"cards\".id = \"taggings\".\"card_id\" LIMIT 1 ) WHERE account_id IS NULL")
   -> 0.0001s
-- quote_table_name(:user_settings)
   -> 0.0000s
-- quote_table_name(:users)
   -> 0.0000s
-- quote_table_name(:users)
   -> 0.0000s
-- quote_table_name(:users)
   -> 0.0000s
-- quote_table_name(:user_settings)
   -> 0.0000s
-- quote_column_name(:user_id)
   -> 0.0000s
-- execute("UPDATE \"user_settings\" SET account_id = ( SELECT \"users\".account_id FROM \"users\" WHERE \"users\".id = \"user_settings\".\"user_id\" LIMIT 1 ) WHERE account_id IS NULL")
   -> 0.0001s
-- quote_table_name(:watches)
   -> 0.0000s
-- quote_table_name(:cards)
   -> 0.0000s
-- quote_table_name(:cards)
   -> 0.0000s
-- quote_table_name(:cards)
   -> 0.0000s
-- quote_table_name(:watches)
   -> 0.0000s
-- quote_column_name(:card_id)
   -> 0.0000s
-- execute("UPDATE \"watches\" SET account_id = ( SELECT \"cards\".account_id FROM \"cards\" WHERE \"cards\".id = \"watches\".\"card_id\" LIMIT 1 ) WHERE account_id IS NULL")
   -> 0.0001s
-- quote_table_name(:webhook_delinquency_trackers)
   -> 0.0000s
-- quote_table_name(:webhooks)
   -> 0.0000s
-- quote_table_name(:webhooks)
   -> 0.0000s
-- quote_table_name(:webhooks)
   -> 0.0000s
-- quote_table_name(:webhook_delinquency_trackers)
   -> 0.0000s
-- quote_column_name(:webhook_id)
   -> 0.0000s
-- execute("UPDATE \"webhook_delinquency_trackers\" SET account_id = ( SELECT \"webhooks\".account_id FROM \"webhooks\" WHERE \"webhooks\".id = \"webhook_delinquency_trackers\".\"webhook_id\" LIMIT 1 ) WHERE account_id IS NULL")
   -> 0.0001s
-- quote_table_name(:webhook_deliveries)
   -> 0.0000s
-- quote_table_name(:webhooks)
   -> 0.0000s
-- quote_table_name(:webhooks)
   -> 0.0000s
-- quote_table_name(:webhooks)
   -> 0.0000s
-- quote_table_name(:webhook_deliveries)
   -> 0.0000s
-- quote_column_name(:webhook_id)
   -> 0.0000s
-- execute("UPDATE \"webhook_deliveries\" SET account_id = ( SELECT \"webhooks\".account_id FROM \"webhooks\" WHERE \"webhooks\".id = \"webhook_deliveries\".\"webhook_id\" LIMIT 1 ) WHERE account_id IS NULL")
   -> 0.0001s
-- quote_table_name(:action_text_rich_texts)
   -> 0.0000s
-- quote_table_name(:boards)
   -> 0.0000s
-- quote_table_name(:boards)
   -> 0.0000s
-- quote_table_name(:boards)
   -> 0.0000s
-- quote_table_name(:action_text_rich_texts)
   -> 0.0000s
-- quote_column_name(:record_id)
   -> 0.0000s
-- quote_column_name(:record_type)
   -> 0.0000s
-- quote("Board")
   -> 0.0000s
-- execute("UPDATE \"action_text_rich_texts\" SET account_id = ( SELECT \"boards\".account_id FROM \"boards\" WHERE \"boards\".id = \"action_text_rich_texts\".\"record_id\" LIMIT 1 ) WHERE account_id IS NULL AND \"record_type\" = 'Board'")
   -> 0.0001s
-- quote_table_name(:action_text_rich_texts)
   -> 0.0000s
-- quote_table_name(:cards)
   -> 0.0000s
-- quote_table_name(:cards)
   -> 0.0000s
-- quote_table_name(:cards)
   -> 0.0000s
-- quote_table_name(:action_text_rich_texts)
   -> 0.0000s
-- quote_column_name(:record_id)
   -> 0.0000s
-- quote_column_name(:record_type)
   -> 0.0000s
-- quote("Card")
   -> 0.0000s
-- execute("UPDATE \"action_text_rich_texts\" SET account_id = ( SELECT \"cards\".account_id FROM \"cards\" WHERE \"cards\".id = \"action_text_rich_texts\".\"record_id\" LIMIT 1 ) WHERE account_id IS NULL AND \"record_type\" = 'Card'")
   -> 0.0001s
-- quote_table_name(:action_text_rich_texts)
   -> 0.0000s
-- quote_table_name(:comments)
   -> 0.0000s
-- quote_table_name(:comments)
   -> 0.0000s
-- quote_table_name(:comments)
   -> 0.0000s
-- quote_table_name(:action_text_rich_texts)
   -> 0.0000s
-- quote_column_name(:record_id)
   -> 0.0000s
-- quote_column_name(:record_type)
   -> 0.0000s
-- quote("Comment")
   -> 0.0000s
-- execute("UPDATE \"action_text_rich_texts\" SET account_id = ( SELECT \"comments\".account_id FROM \"comments\" WHERE \"comments\".id = \"action_text_rich_texts\".\"record_id\" LIMIT 1 ) WHERE account_id IS NULL AND \"record_type\" = 'Comment'")
   -> 0.0001s
-- quote_table_name(:entropies)
   -> 0.0000s
-- quote_table_name(:accounts)
   -> 0.0000s
-- quote_table_name(:accounts)
   -> 0.0000s
-- quote_table_name(:accounts)
   -> 0.0000s
-- quote_table_name(:entropies)
   -> 0.0000s
-- quote_column_name(:container_id)
   -> 0.0000s
-- quote_column_name(:container_type)
   -> 0.0000s
-- quote("Account")
   -> 0.0000s
-- execute("UPDATE \"entropies\" SET account_id = ( SELECT \"accounts\".id FROM \"accounts\" WHERE \"accounts\".id = \"entropies\".\"container_id\" LIMIT 1 ) WHERE account_id IS NULL AND \"container_type\" = 'Account'")
   -> 0.0001s
-- quote_table_name(:entropies)
   -> 0.0000s
-- quote_table_name(:boards)
   -> 0.0000s
-- quote_table_name(:boards)
   -> 0.0000s
-- quote_table_name(:boards)
   -> 0.0000s
-- quote_table_name(:entropies)
   -> 0.0000s
-- quote_column_name(:container_id)
   -> 0.0000s
-- quote_column_name(:container_type)
   -> 0.0000s
-- quote("Board")
   -> 0.0000s
-- execute("UPDATE \"entropies\" SET account_id = ( SELECT \"boards\".account_id FROM \"boards\" WHERE \"boards\".id = \"entropies\".\"container_id\" LIMIT 1 ) WHERE account_id IS NULL AND \"container_type\" = 'Board'")
   -> 0.0001s
-- quote_table_name(:mentions)
   -> 0.0000s
-- quote_table_name(:cards)
   -> 0.0000s
-- quote_table_name(:cards)
   -> 0.0000s
-- quote_table_name(:cards)
   -> 0.0000s
-- quote_table_name(:mentions)
   -> 0.0000s
-- quote_column_name(:source_id)
   -> 0.0000s
-- quote_column_name(:source_type)
   -> 0.0000s
-- quote("Card")
   -> 0.0000s
-- execute("UPDATE \"mentions\" SET account_id = ( SELECT \"cards\".account_id FROM \"cards\" WHERE \"cards\".id = \"mentions\".\"source_id\" LIMIT 1 ) WHERE account_id IS NULL AND \"source_type\" = 'Card'")
   -> 0.0001s
-- quote_table_name(:mentions)
   -> 0.0000s
-- quote_table_name(:comments)
   -> 0.0000s
-- quote_table_name(:comments)
   -> 0.0000s
-- quote_table_name(:comments)
   -> 0.0000s
-- quote_table_name(:mentions)
   -> 0.0000s
-- quote_column_name(:source_id)
   -> 0.0000s
-- quote_column_name(:source_type)
   -> 0.0000s
-- quote("Comment")
   -> 0.0000s
-- execute("UPDATE \"mentions\" SET account_id = ( SELECT \"comments\".account_id FROM \"comments\" WHERE \"comments\".id = \"mentions\".\"source_id\" LIMIT 1 ) WHERE account_id IS NULL AND \"source_type\" = 'Comment'")
   -> 0.0001s
-- quote_table_name(:reactions)
   -> 0.0000s
-- quote_table_name(:cards)
   -> 0.0000s
-- quote_table_name(:cards)
   -> 0.0000s
-- quote_table_name(:cards)
   -> 0.0000s
-- quote_table_name(:reactions)
   -> 0.0000s
-- quote_column_name(:reactable_id)
   -> 0.0000s
-- quote_column_name(:reactable_type)
   -> 0.0000s
-- quote("Card")
   -> 0.0000s
-- execute("UPDATE \"reactions\" SET account_id = ( SELECT \"cards\".account_id FROM \"cards\" WHERE \"cards\".id = \"reactions\".\"reactable_id\" LIMIT 1 ) WHERE account_id IS NULL AND \"reactable_type\" = 'Card'")
   -> 0.0001s
-- quote_table_name(:reactions)
   -> 0.0000s
-- quote_table_name(:comments)
   -> 0.0000s
-- quote_table_name(:comments)
   -> 0.0000s
-- quote_table_name(:comments)
   -> 0.0000s
-- quote_table_name(:reactions)
   -> 0.0000s
-- quote_column_name(:reactable_id)
   -> 0.0000s
-- quote_column_name(:reactable_type)
   -> 0.0000s
-- quote("Comment")
   -> 0.0000s
-- execute("UPDATE \"reactions\" SET account_id = ( SELECT \"comments\".account_id FROM \"comments\" WHERE \"comments\".id = \"reactions\".\"reactable_id\" LIMIT 1 ) WHERE account_id IS NULL AND \"reactable_type\" = 'Comment'")
   -> 0.0001s
-- quote_table_name(:storage_totals)
   -> 0.0000s
-- quote_table_name(:accounts)
   -> 0.0000s
-- quote_table_name(:accounts)
   -> 0.0000s
-- quote_table_name(:accounts)
   -> 0.0000s
-- quote_table_name(:storage_totals)
   -> 0.0000s
-- quote_column_name(:owner_id)
   -> 0.0000s
-- quote_column_name(:owner_type)
   -> 0.0000s
-- quote("Account")
   -> 0.0000s
-- execute("UPDATE \"storage_totals\" SET account_id = ( SELECT \"accounts\".id FROM \"accounts\" WHERE \"accounts\".id = \"storage_totals\".\"owner_id\" LIMIT 1 ) WHERE account_id IS NULL AND \"owner_type\" = 'Account'")
   -> 0.0001s
-- quote_table_name(:storage_totals)
   -> 0.0000s
-- quote_table_name(:boards)
   -> 0.0000s
-- quote_table_name(:boards)
   -> 0.0000s
-- quote_table_name(:boards)
   -> 0.0000s
-- quote_table_name(:storage_totals)
   -> 0.0000s
-- quote_column_name(:owner_id)
   -> 0.0000s
-- quote_column_name(:owner_type)
   -> 0.0000s
-- quote("Board")
   -> 0.0000s
-- execute("UPDATE \"storage_totals\" SET account_id = ( SELECT \"boards\".account_id FROM \"boards\" WHERE \"boards\".id = \"storage_totals\".\"owner_id\" LIMIT 1 ) WHERE account_id IS NULL AND \"owner_type\" = 'Board'")
   -> 0.0008s
-- quote_table_name(:active_storage_attachments)
   -> 0.0000s
-- quote_table_name(:account_imports)
   -> 0.0000s
-- quote_table_name(:account_imports)
   -> 0.0000s
-- quote_table_name(:account_imports)
   -> 0.0000s
-- quote_table_name(:active_storage_attachments)
   -> 0.0000s
-- quote_column_name(:record_id)
   -> 0.0000s
-- quote_column_name(:record_type)
   -> 0.0000s
-- quote("Account::Import")
   -> 0.0000s
-- execute("UPDATE \"active_storage_attachments\" SET account_id = ( SELECT \"account_imports\".account_id FROM \"account_imports\" WHERE \"account_imports\".id = \"active_storage_attachments\".\"record_id\" LIMIT 1 ) WHERE account_id IS NULL AND \"record_type\" = 'Account::Import'")
   -> 0.0001s
-- quote_table_name(:active_storage_attachments)
   -> 0.0000s
-- quote_table_name(:action_text_rich_texts)
   -> 0.0000s
-- quote_table_name(:action_text_rich_texts)
   -> 0.0000s
-- quote_table_name(:action_text_rich_texts)
   -> 0.0000s
-- quote_table_name(:active_storage_attachments)
   -> 0.0000s
-- quote_column_name(:record_id)
   -> 0.0000s
-- quote_column_name(:record_type)
   -> 0.0000s
-- quote("ActionText::RichText")
   -> 0.0000s
-- execute("UPDATE \"active_storage_attachments\" SET account_id = ( SELECT \"action_text_rich_texts\".account_id FROM \"action_text_rich_texts\" WHERE \"action_text_rich_texts\".id = \"active_storage_attachments\".\"record_id\" LIMIT 1 ) WHERE account_id IS NULL AND \"record_type\" = 'ActionText::RichText'")
   -> 0.0001s
-- quote_table_name(:active_storage_attachments)
   -> 0.0000s
-- quote_table_name(:boards)
   -> 0.0000s
-- quote_table_name(:boards)
   -> 0.0000s
-- quote_table_name(:boards)
   -> 0.0000s
-- quote_table_name(:active_storage_attachments)
   -> 0.0000s
-- quote_column_name(:record_id)
   -> 0.0000s
-- quote_column_name(:record_type)
   -> 0.0000s
-- quote("Board")
   -> 0.0000s
-- execute("UPDATE \"active_storage_attachments\" SET account_id = ( SELECT \"boards\".account_id FROM \"boards\" WHERE \"boards\".id = \"active_storage_attachments\".\"record_id\" LIMIT 1 ) WHERE account_id IS NULL AND \"record_type\" = 'Board'")
   -> 0.0001s
-- quote_table_name(:active_storage_attachments)
   -> 0.0000s
-- quote_table_name(:cards)
   -> 0.0000s
-- quote_table_name(:cards)
   -> 0.0000s
-- quote_table_name(:cards)
   -> 0.0000s
-- quote_table_name(:active_storage_attachments)
   -> 0.0000s
-- quote_column_name(:record_id)
   -> 0.0000s
-- quote_column_name(:record_type)
   -> 0.0000s
-- quote("Card")
   -> 0.0000s
-- execute("UPDATE \"active_storage_attachments\" SET account_id = ( SELECT \"cards\".account_id FROM \"cards\" WHERE \"cards\".id = \"active_storage_attachments\".\"record_id\" LIMIT 1 ) WHERE account_id IS NULL AND \"record_type\" = 'Card'")
   -> 0.0001s
-- quote_table_name(:active_storage_attachments)
   -> 0.0000s
-- quote_table_name(:comments)
   -> 0.0000s
-- quote_table_name(:comments)
   -> 0.0000s
-- quote_table_name(:comments)
   -> 0.0000s
-- quote_table_name(:active_storage_attachments)
   -> 0.0000s
-- quote_column_name(:record_id)
   -> 0.0000s
-- quote_column_name(:record_type)
   -> 0.0000s
-- quote("Comment")
   -> 0.0000s
-- execute("UPDATE \"active_storage_attachments\" SET account_id = ( SELECT \"comments\".account_id FROM \"comments\" WHERE \"comments\".id = \"active_storage_attachments\".\"record_id\" LIMIT 1 ) WHERE account_id IS NULL AND \"record_type\" = 'Comment'")
   -> 0.0001s
-- quote_table_name(:active_storage_attachments)
   -> 0.0000s
-- quote_table_name(:exports)
   -> 0.0000s
-- quote_table_name(:exports)
   -> 0.0000s
-- quote_table_name(:exports)
   -> 0.0000s
-- quote_table_name(:active_storage_attachments)
   -> 0.0000s
-- quote_column_name(:record_id)
   -> 0.0000s
-- quote_column_name(:record_type)
   -> 0.0000s
-- quote("Export")
   -> 0.0000s
-- execute("UPDATE \"active_storage_attachments\" SET account_id = ( SELECT \"exports\".account_id FROM \"exports\" WHERE \"exports\".id = \"active_storage_attachments\".\"record_id\" LIMIT 1 ) WHERE account_id IS NULL AND \"record_type\" = 'Export'")
   -> 0.0001s
-- quote_table_name(:active_storage_attachments)
   -> 0.0000s
-- quote_table_name(:users)
   -> 0.0000s
-- quote_table_name(:users)
   -> 0.0000s
-- quote_table_name(:users)
   -> 0.0000s
-- quote_table_name(:active_storage_attachments)
   -> 0.0000s
-- quote_column_name(:record_id)
   -> 0.0000s
-- quote_column_name(:record_type)
   -> 0.0000s
-- quote("User")
   -> 0.0000s
-- execute("UPDATE \"active_storage_attachments\" SET account_id = ( SELECT \"users\".account_id FROM \"users\" WHERE \"users\".id = \"active_storage_attachments\".\"record_id\" LIMIT 1 ) WHERE account_id IS NULL AND \"record_type\" = 'User'")
   -> 0.0001s
-- quote_table_name(:active_storage_blobs)
   -> 0.0000s
-- quote_table_name(:active_storage_attachments)
   -> 0.0000s
-- quote_table_name(:active_storage_attachments)
   -> 0.0000s
-- quote_table_name(:active_storage_attachments)
   -> 0.0000s
-- quote_column_name(:blob_id)
   -> 0.0000s
-- quote_table_name(:active_storage_blobs)
   -> 0.0000s
-- execute("UPDATE \"active_storage_blobs\" SET account_id = ( SELECT \"active_storage_attachments\".account_id FROM \"active_storage_attachments\" WHERE \"active_storage_attachments\".\"blob_id\" = \"active_storage_blobs\".id LIMIT 1 ) WHERE account_id IS NULL")
   -> 0.0001s
-- quote_table_name(:active_storage_attachments)
   -> 0.0000s
-- quote_table_name(:active_storage_blobs)
   -> 0.0000s
-- quote_table_name(:active_storage_blobs)
   -> 0.0000s
-- quote_table_name(:active_storage_blobs)
   -> 0.0000s
-- quote_table_name(:active_storage_attachments)
   -> 0.0000s
-- quote_column_name(:blob_id)
   -> 0.0000s
-- execute("UPDATE \"active_storage_attachments\" SET account_id = ( SELECT \"active_storage_blobs\".account_id FROM \"active_storage_blobs\" WHERE \"active_storage_blobs\".id = \"active_storage_attachments\".\"blob_id\" LIMIT 1 ) WHERE account_id IS NULL")
   -> 0.0001s
-- quote_table_name(:active_storage_variant_records)
   -> 0.0000s
-- quote_table_name(:active_storage_blobs)
   -> 0.0000s
-- quote_table_name(:active_storage_blobs)
   -> 0.0000s
-- quote_table_name(:active_storage_blobs)
   -> 0.0000s
-- quote_table_name(:active_storage_variant_records)
   -> 0.0000s
-- quote_column_name(:blob_id)
   -> 0.0000s
-- execute("UPDATE \"active_storage_variant_records\" SET account_id = ( SELECT \"active_storage_blobs\".account_id FROM \"active_storage_blobs\" WHERE \"active_storage_blobs\".id = \"active_storage_variant_records\".\"blob_id\" LIMIT 1 ) WHERE account_id IS NULL")
   -> 0.0001s
-- quote_table_name(:active_storage_attachments)
   -> 0.0000s
-- quote_table_name(:active_storage_variant_records)
   -> 0.0000s
-- quote_table_name(:active_storage_variant_records)
   -> 0.0000s
-- quote_table_name(:active_storage_variant_records)
   -> 0.0000s
-- quote_table_name(:active_storage_attachments)
   -> 0.0000s
-- quote_column_name(:record_id)
   -> 0.0000s
-- quote_column_name(:record_type)
   -> 0.0000s
-- quote("ActiveStorage::VariantRecord")
   -> 0.0000s
-- execute("UPDATE \"active_storage_attachments\" SET account_id = ( SELECT \"active_storage_variant_records\".account_id FROM \"active_storage_variant_records\" WHERE \"active_storage_variant_records\".id = \"active_storage_attachments\".\"record_id\" LIMIT 1 ) WHERE account_id IS NULL AND \"record_type\" = 'ActiveStorage::VariantRecord'")
   -> 0.0001s
-- table_exists?(:accesses)
   -> 0.0001s
-- table_exists?(:account_cancellations)
   -> 0.0001s
-- table_exists?(:account_imports)
   -> 0.0001s
-- table_exists?(:account_join_codes)
   -> 0.0001s
-- table_exists?(:action_text_rich_texts)
   -> 0.0001s
-- table_exists?(:active_storage_attachments)
   -> 0.0001s
-- table_exists?(:active_storage_blobs)
   -> 0.0001s
-- table_exists?(:active_storage_variant_records)
   -> 0.0001s
-- table_exists?(:assignments)
   -> 0.0001s
-- table_exists?(:board_publications)
   -> 0.0001s
-- table_exists?(:boards)
   -> 0.0001s
-- table_exists?(:card_activity_spikes)
   -> 0.0001s
-- table_exists?(:card_goldnesses)
   -> 0.0001s
-- table_exists?(:card_not_nows)
   -> 0.0001s
-- table_exists?(:cards)
   -> 0.0001s
-- table_exists?(:closures)
   -> 0.0001s
-- table_exists?(:columns)
   -> 0.0001s
-- table_exists?(:comments)
   -> 0.0001s
-- table_exists?(:entropies)
   -> 0.0001s
-- table_exists?(:events)
   -> 0.0001s
-- table_exists?(:exports)
   -> 0.0001s
-- table_exists?(:filters)
   -> 0.0001s
-- table_exists?(:mentions)
   -> 0.0001s
-- table_exists?(:notification_bundles)
   -> 0.0001s
-- table_exists?(:notifications)
   -> 0.0001s
-- table_exists?(:pins)
   -> 0.0001s
-- table_exists?(:push_subscriptions)
   -> 0.0001s
-- table_exists?(:reactions)
   -> 0.0001s
-- table_exists?(:search_queries)
   -> 0.0001s
-- table_exists?(:search_records)
   -> 0.0001s
-- table_exists?(:steps)
   -> 0.0007s
-- table_exists?(:storage_entries)
   -> 0.0001s
-- table_exists?(:storage_totals)
   -> 0.0001s
-- table_exists?(:taggings)
   -> 0.0001s
-- table_exists?(:tags)
   -> 0.0001s
-- table_exists?(:user_settings)
   -> 0.0001s
-- table_exists?(:users)
   -> 0.0001s
-- table_exists?(:watches)
   -> 0.0001s
-- table_exists?(:webhook_delinquency_trackers)
   -> 0.0001s
-- table_exists?(:webhook_deliveries)
   -> 0.0001s
-- table_exists?(:webhooks)
   -> 0.0001s
-- quote_table_name(:accesses)
   -> 0.0000s
-- quote_table_name(:accesses)
   -> 0.0000s
-- execute("DELETE FROM \"accesses\" WHERE account_id IS NULL OR NOT EXISTS ( SELECT 1 FROM accounts WHERE accounts.id = \"accesses\".account_id )")
   -> 0.0001s
-- quote_table_name(:account_cancellations)
   -> 0.0000s
-- quote_table_name(:account_cancellations)
   -> 0.0000s
-- execute("DELETE FROM \"account_cancellations\" WHERE account_id IS NULL OR NOT EXISTS ( SELECT 1 FROM accounts WHERE accounts.id = \"account_cancellations\".account_id )")
   -> 0.0001s
-- quote_table_name(:account_imports)
   -> 0.0000s
-- quote_table_name(:account_imports)
   -> 0.0000s
-- execute("DELETE FROM \"account_imports\" WHERE account_id IS NULL OR NOT EXISTS ( SELECT 1 FROM accounts WHERE accounts.id = \"account_imports\".account_id )")
   -> 0.0001s
-- quote_table_name(:account_join_codes)
   -> 0.0000s
-- quote_table_name(:account_join_codes)
   -> 0.0000s
-- execute("DELETE FROM \"account_join_codes\" WHERE account_id IS NULL OR NOT EXISTS ( SELECT 1 FROM accounts WHERE accounts.id = \"account_join_codes\".account_id )")
   -> 0.0001s
-- quote_table_name(:action_text_rich_texts)
   -> 0.0000s
-- quote_table_name(:action_text_rich_texts)
   -> 0.0000s
-- execute("DELETE FROM \"action_text_rich_texts\" WHERE account_id IS NULL OR NOT EXISTS ( SELECT 1 FROM accounts WHERE accounts.id = \"action_text_rich_texts\".account_id )")
   -> 0.0001s
-- quote_table_name(:active_storage_attachments)
   -> 0.0000s
-- quote_table_name(:active_storage_attachments)
   -> 0.0000s
-- execute("DELETE FROM \"active_storage_attachments\" WHERE account_id IS NULL OR NOT EXISTS ( SELECT 1 FROM accounts WHERE accounts.id = \"active_storage_attachments\".account_id )")
   -> 0.0001s
-- quote_table_name(:active_storage_blobs)
   -> 0.0000s
-- quote_table_name(:active_storage_blobs)
   -> 0.0000s
-- execute("DELETE FROM \"active_storage_blobs\" WHERE account_id IS NULL OR NOT EXISTS ( SELECT 1 FROM accounts WHERE accounts.id = \"active_storage_blobs\".account_id )")
   -> 0.0001s
-- quote_table_name(:active_storage_variant_records)
   -> 0.0000s
-- quote_table_name(:active_storage_variant_records)
   -> 0.0000s
-- execute("DELETE FROM \"active_storage_variant_records\" WHERE account_id IS NULL OR NOT EXISTS ( SELECT 1 FROM accounts WHERE accounts.id = \"active_storage_variant_records\".account_id )")
   -> 0.0001s
-- quote_table_name(:assignments)
   -> 0.0000s
-- quote_table_name(:assignments)
   -> 0.0000s
-- execute("DELETE FROM \"assignments\" WHERE account_id IS NULL OR NOT EXISTS ( SELECT 1 FROM accounts WHERE accounts.id = \"assignments\".account_id )")
   -> 0.0001s
-- quote_table_name(:board_publications)
   -> 0.0000s
-- quote_table_name(:board_publications)
   -> 0.0000s
-- execute("DELETE FROM \"board_publications\" WHERE account_id IS NULL OR NOT EXISTS ( SELECT 1 FROM accounts WHERE accounts.id = \"board_publications\".account_id )")
   -> 0.0002s
-- quote_table_name(:boards)
   -> 0.0000s
-- quote_table_name(:boards)
   -> 0.0000s
-- execute("DELETE FROM \"boards\" WHERE account_id IS NULL OR NOT EXISTS ( SELECT 1 FROM accounts WHERE accounts.id = \"boards\".account_id )")
   -> 0.0001s
-- quote_table_name(:card_activity_spikes)
   -> 0.0000s
-- quote_table_name(:card_activity_spikes)
   -> 0.0000s
-- execute("DELETE FROM \"card_activity_spikes\" WHERE account_id IS NULL OR NOT EXISTS ( SELECT 1 FROM accounts WHERE accounts.id = \"card_activity_spikes\".account_id )")
   -> 0.0001s
-- quote_table_name(:card_goldnesses)
   -> 0.0000s
-- quote_table_name(:card_goldnesses)
   -> 0.0000s
-- execute("DELETE FROM \"card_goldnesses\" WHERE account_id IS NULL OR NOT EXISTS ( SELECT 1 FROM accounts WHERE accounts.id = \"card_goldnesses\".account_id )")
   -> 0.0001s
-- quote_table_name(:card_not_nows)
   -> 0.0000s
-- quote_table_name(:card_not_nows)
   -> 0.0000s
-- execute("DELETE FROM \"card_not_nows\" WHERE account_id IS NULL OR NOT EXISTS ( SELECT 1 FROM accounts WHERE accounts.id = \"card_not_nows\".account_id )")
   -> 0.0001s
-- quote_table_name(:cards)
   -> 0.0000s
-- quote_table_name(:cards)
   -> 0.0000s
-- execute("DELETE FROM \"cards\" WHERE account_id IS NULL OR NOT EXISTS ( SELECT 1 FROM accounts WHERE accounts.id = \"cards\".account_id )")
   -> 0.0001s
-- quote_table_name(:closures)
   -> 0.0000s
-- quote_table_name(:closures)
   -> 0.0000s
-- execute("DELETE FROM \"closures\" WHERE account_id IS NULL OR NOT EXISTS ( SELECT 1 FROM accounts WHERE accounts.id = \"closures\".account_id )")
   -> 0.0001s
-- quote_table_name(:columns)
   -> 0.0000s
-- quote_table_name(:columns)
   -> 0.0000s
-- execute("DELETE FROM \"columns\" WHERE account_id IS NULL OR NOT EXISTS ( SELECT 1 FROM accounts WHERE accounts.id = \"columns\".account_id )")
   -> 0.0001s
-- quote_table_name(:comments)
   -> 0.0000s
-- quote_table_name(:comments)
   -> 0.0000s
-- execute("DELETE FROM \"comments\" WHERE account_id IS NULL OR NOT EXISTS ( SELECT 1 FROM accounts WHERE accounts.id = \"comments\".account_id )")
   -> 0.0001s
-- quote_table_name(:entropies)
   -> 0.0000s
-- quote_table_name(:entropies)
   -> 0.0000s
-- execute("DELETE FROM \"entropies\" WHERE account_id IS NULL OR NOT EXISTS ( SELECT 1 FROM accounts WHERE accounts.id = \"entropies\".account_id )")
   -> 0.0001s
-- quote_table_name(:events)
   -> 0.0000s
-- quote_table_name(:events)
   -> 0.0000s
-- execute("DELETE FROM \"events\" WHERE account_id IS NULL OR NOT EXISTS ( SELECT 1 FROM accounts WHERE accounts.id = \"events\".account_id )")
   -> 0.0001s
-- quote_table_name(:exports)
   -> 0.0000s
-- quote_table_name(:exports)
   -> 0.0000s
-- execute("DELETE FROM \"exports\" WHERE account_id IS NULL OR NOT EXISTS ( SELECT 1 FROM accounts WHERE accounts.id = \"exports\".account_id )")
   -> 0.0001s
-- quote_table_name(:filters)
   -> 0.0000s
-- quote_table_name(:filters)
   -> 0.0000s
-- execute("DELETE FROM \"filters\" WHERE account_id IS NULL OR NOT EXISTS ( SELECT 1 FROM accounts WHERE accounts.id = \"filters\".account_id )")
   -> 0.0001s
-- quote_table_name(:mentions)
   -> 0.0000s
-- quote_table_name(:mentions)
   -> 0.0000s
-- execute("DELETE FROM \"mentions\" WHERE account_id IS NULL OR NOT EXISTS ( SELECT 1 FROM accounts WHERE accounts.id = \"mentions\".account_id )")
   -> 0.0001s
-- quote_table_name(:notification_bundles)
   -> 0.0000s
-- quote_table_name(:notification_bundles)
   -> 0.0000s
-- execute("DELETE FROM \"notification_bundles\" WHERE account_id IS NULL OR NOT EXISTS ( SELECT 1 FROM accounts WHERE accounts.id = \"notification_bundles\".account_id )")
   -> 0.0001s
-- quote_table_name(:notifications)
   -> 0.0000s
-- quote_table_name(:notifications)
   -> 0.0000s
-- execute("DELETE FROM \"notifications\" WHERE account_id IS NULL OR NOT EXISTS ( SELECT 1 FROM accounts WHERE accounts.id = \"notifications\".account_id )")
   -> 0.0001s
-- quote_table_name(:pins)
   -> 0.0000s
-- quote_table_name(:pins)
   -> 0.0000s
-- execute("DELETE FROM \"pins\" WHERE account_id IS NULL OR NOT EXISTS ( SELECT 1 FROM accounts WHERE accounts.id = \"pins\".account_id )")
   -> 0.0001s
-- quote_table_name(:push_subscriptions)
   -> 0.0000s
-- quote_table_name(:push_subscriptions)
   -> 0.0000s
-- execute("DELETE FROM \"push_subscriptions\" WHERE account_id IS NULL OR NOT EXISTS ( SELECT 1 FROM accounts WHERE accounts.id = \"push_subscriptions\".account_id )")
   -> 0.0001s
-- quote_table_name(:reactions)
   -> 0.0000s
-- quote_table_name(:reactions)
   -> 0.0000s
-- execute("DELETE FROM \"reactions\" WHERE account_id IS NULL OR NOT EXISTS ( SELECT 1 FROM accounts WHERE accounts.id = \"reactions\".account_id )")
   -> 0.0001s
-- quote_table_name(:search_queries)
   -> 0.0000s
-- quote_table_name(:search_queries)
   -> 0.0000s
-- execute("DELETE FROM \"search_queries\" WHERE account_id IS NULL OR NOT EXISTS ( SELECT 1 FROM accounts WHERE accounts.id = \"search_queries\".account_id )")
   -> 0.0001s
-- quote_table_name(:search_records)
   -> 0.0000s
-- quote_table_name(:search_records)
   -> 0.0000s
-- execute("DELETE FROM \"search_records\" WHERE account_id IS NULL OR NOT EXISTS ( SELECT 1 FROM accounts WHERE accounts.id = \"search_records\".account_id )")
   -> 0.0001s
-- quote_table_name(:steps)
   -> 0.0000s
-- quote_table_name(:steps)
   -> 0.0000s
-- execute("DELETE FROM \"steps\" WHERE account_id IS NULL OR NOT EXISTS ( SELECT 1 FROM accounts WHERE accounts.id = \"steps\".account_id )")
   -> 0.0001s
-- quote_table_name(:storage_entries)
   -> 0.0000s
-- quote_table_name(:storage_entries)
   -> 0.0000s
-- execute("DELETE FROM \"storage_entries\" WHERE account_id IS NULL OR NOT EXISTS ( SELECT 1 FROM accounts WHERE accounts.id = \"storage_entries\".account_id )")
   -> 0.0001s
-- quote_table_name(:storage_totals)
   -> 0.0000s
-- quote_table_name(:storage_totals)
   -> 0.0000s
-- execute("DELETE FROM \"storage_totals\" WHERE account_id IS NULL OR NOT EXISTS ( SELECT 1 FROM accounts WHERE accounts.id = \"storage_totals\".account_id )")
   -> 0.0001s
-- quote_table_name(:taggings)
   -> 0.0000s
-- quote_table_name(:taggings)
   -> 0.0000s
-- execute("DELETE FROM \"taggings\" WHERE account_id IS NULL OR NOT EXISTS ( SELECT 1 FROM accounts WHERE accounts.id = \"taggings\".account_id )")
   -> 0.0001s
-- quote_table_name(:tags)
   -> 0.0000s
-- quote_table_name(:tags)
   -> 0.0000s
-- execute("DELETE FROM \"tags\" WHERE account_id IS NULL OR NOT EXISTS ( SELECT 1 FROM accounts WHERE accounts.id = \"tags\".account_id )")
   -> 0.0001s
-- quote_table_name(:user_settings)
   -> 0.0000s
-- quote_table_name(:user_settings)
   -> 0.0000s
-- execute("DELETE FROM \"user_settings\" WHERE account_id IS NULL OR NOT EXISTS ( SELECT 1 FROM accounts WHERE accounts.id = \"user_settings\".account_id )")
   -> 0.0001s
-- quote_table_name(:users)
   -> 0.0000s
-- quote_table_name(:users)
   -> 0.0000s
-- execute("DELETE FROM \"users\" WHERE account_id IS NULL OR NOT EXISTS ( SELECT 1 FROM accounts WHERE accounts.id = \"users\".account_id )")
   -> 0.0001s
-- quote_table_name(:watches)
   -> 0.0000s
-- quote_table_name(:watches)
   -> 0.0000s
-- execute("DELETE FROM \"watches\" WHERE account_id IS NULL OR NOT EXISTS ( SELECT 1 FROM accounts WHERE accounts.id = \"watches\".account_id )")
   -> 0.0001s
-- quote_table_name(:webhook_delinquency_trackers)
   -> 0.0000s
-- quote_table_name(:webhook_delinquency_trackers)
   -> 0.0000s
-- execute("DELETE FROM \"webhook_delinquency_trackers\" WHERE account_id IS NULL OR NOT EXISTS ( SELECT 1 FROM accounts WHERE accounts.id = \"webhook_delinquency_trackers\".account_id )")
   -> 0.0001s
-- quote_table_name(:webhook_deliveries)
   -> 0.0000s
-- quote_table_name(:webhook_deliveries)
   -> 0.0000s
-- execute("DELETE FROM \"webhook_deliveries\" WHERE account_id IS NULL OR NOT EXISTS ( SELECT 1 FROM accounts WHERE accounts.id = \"webhook_deliveries\".account_id )")
   -> 0.0001s
-- quote_table_name(:webhooks)
   -> 0.0000s
-- quote_table_name(:webhooks)
   -> 0.0000s
-- execute("DELETE FROM \"webhooks\" WHERE account_id IS NULL OR NOT EXISTS ( SELECT 1 FROM accounts WHERE accounts.id = \"webhooks\".account_id )")
   -> 0.0001s
-- table_exists?(:accesses)
   -> 0.0001s
-- table_exists?(:account_cancellations)
   -> 0.0001s
-- table_exists?(:account_imports)
   -> 0.0001s
-- table_exists?(:account_join_codes)
   -> 0.0001s
-- table_exists?(:action_text_rich_texts)
   -> 0.0001s
-- table_exists?(:active_storage_attachments)
   -> 0.0001s
-- table_exists?(:active_storage_blobs)
   -> 0.0001s
-- table_exists?(:active_storage_variant_records)
   -> 0.0001s
-- table_exists?(:assignments)
   -> 0.0001s
-- table_exists?(:board_publications)
   -> 0.0001s
-- table_exists?(:boards)
   -> 0.0001s
-- table_exists?(:card_activity_spikes)
   -> 0.0001s
-- table_exists?(:card_goldnesses)
   -> 0.0001s
-- table_exists?(:card_not_nows)
   -> 0.0001s
-- table_exists?(:cards)
   -> 0.0001s
-- table_exists?(:closures)
   -> 0.0001s
-- table_exists?(:columns)
   -> 0.0001s
-- table_exists?(:comments)
   -> 0.0001s
-- table_exists?(:entropies)
   -> 0.0001s
-- table_exists?(:events)
   -> 0.0001s
-- table_exists?(:exports)
   -> 0.0001s
-- table_exists?(:filters)
   -> 0.0001s
-- table_exists?(:mentions)
   -> 0.0001s
-- table_exists?(:notification_bundles)
   -> 0.0001s
-- table_exists?(:notifications)
   -> 0.0001s
-- table_exists?(:pins)
   -> 0.0001s
-- table_exists?(:push_subscriptions)
   -> 0.0001s
-- table_exists?(:reactions)
   -> 0.0001s
-- table_exists?(:search_queries)
   -> 0.0001s
-- table_exists?(:search_records)
   -> 0.0001s
-- table_exists?(:steps)
   -> 0.0001s
-- table_exists?(:storage_entries)
   -> 0.0001s
-- table_exists?(:storage_totals)
   -> 0.0001s
-- table_exists?(:taggings)
   -> 0.0001s
-- table_exists?(:tags)
   -> 0.0001s
-- table_exists?(:user_settings)
   -> 0.0001s
-- table_exists?(:users)
   -> 0.0001s
-- table_exists?(:watches)
   -> 0.0001s
-- table_exists?(:webhook_delinquency_trackers)
   -> 0.0001s
-- table_exists?(:webhook_deliveries)
   -> 0.0007s
-- table_exists?(:webhooks)
   -> 0.0001s
-- change_column_null(:accesses, :account_id, false)
   -> 0.0086s
-- index_exists?(:accesses, :account_id)
   -> 0.0004s
-- add_index(:accesses, :account_id)
   -> 0.0002s
-- index_exists?(:account_cancellations, :account_id)
   -> 0.0001s
-- change_column_null(:account_imports, :account_id, false)
   -> 0.0057s
-- index_exists?(:account_imports, :account_id)
   -> 0.0002s
-- change_column_null(:account_join_codes, :account_id, false)
   -> 0.0043s
-- index_exists?(:account_join_codes, :account_id)
   -> 0.0001s
-- add_index(:account_join_codes, :account_id)
   -> 0.0002s
-- change_column_null(:action_text_rich_texts, :account_id, false)
   -> 0.0044s
-- index_exists?(:action_text_rich_texts, :account_id)
   -> 0.0001s
-- add_index(:action_text_rich_texts, :account_id)
   -> 0.0002s
-- change_column_null(:active_storage_attachments, :account_id, false)
   -> 0.0070s
-- index_exists?(:active_storage_attachments, :account_id)
   -> 0.0002s
-- add_index(:active_storage_attachments, :account_id)
   -> 0.0002s
-- change_column_null(:active_storage_blobs, :account_id, false)
   -> 0.0064s
-- index_exists?(:active_storage_blobs, :account_id)
   -> 0.0001s
-- add_index(:active_storage_blobs, :account_id)
   -> 0.0002s
-- change_column_null(:active_storage_variant_records, :account_id, false)
   -> 0.0037s
-- index_exists?(:active_storage_variant_records, :account_id)
   -> 0.0002s
-- add_index(:active_storage_variant_records, :account_id)
   -> 0.0002s
-- change_column_null(:assignments, :account_id, false)
   -> 0.0049s
-- index_exists?(:assignments, :account_id)
   -> 0.0002s
-- add_index(:assignments, :account_id)
   -> 0.0002s
-- change_column_null(:board_publications, :account_id, false)
   -> 0.0047s
-- index_exists?(:board_publications, :account_id)
   -> 0.0002s
-- add_index(:board_publications, :account_id)
   -> 0.0001s
-- change_column_null(:boards, :account_id, false)
   -> 0.0042s
-- index_exists?(:boards, :account_id)
   -> 0.0002s
-- add_index(:boards, :account_id)
   -> 0.0002s
-- change_column_null(:card_activity_spikes, :account_id, false)
   -> 0.0039s
-- index_exists?(:card_activity_spikes, :account_id)
   -> 0.0001s
-- add_index(:card_activity_spikes, :account_id)
   -> 0.0002s
-- change_column_null(:card_goldnesses, :account_id, false)
   -> 0.0038s
-- index_exists?(:card_goldnesses, :account_id)
   -> 0.0002s
-- add_index(:card_goldnesses, :account_id)
   -> 0.0002s
-- change_column_null(:card_not_nows, :account_id, false)
   -> 0.0052s
-- index_exists?(:card_not_nows, :account_id)
   -> 0.0002s
-- add_index(:card_not_nows, :account_id)
   -> 0.0002s
-- change_column_null(:cards, :account_id, false)
   -> 0.0102s
-- index_exists?(:cards, :account_id)
   -> 0.0005s
-- add_index(:cards, :account_id)
   -> 0.0002s
-- change_column_null(:closures, :account_id, false)
   -> 0.0070s
-- index_exists?(:closures, :account_id)
   -> 0.0004s
-- add_index(:closures, :account_id)
   -> 0.0002s
-- change_column_null(:columns, :account_id, false)
   -> 0.0066s
-- index_exists?(:columns, :account_id)
   -> 0.0002s
-- add_index(:columns, :account_id)
   -> 0.0002s
-- change_column_null(:comments, :account_id, false)
   -> 0.0041s
-- index_exists?(:comments, :account_id)
   -> 0.0001s
-- add_index(:comments, :account_id)
   -> 0.0002s
-- change_column_null(:entropies, :account_id, false)
   -> 0.0055s
-- index_exists?(:entropies, :account_id)
   -> 0.0002s
-- add_index(:entropies, :account_id)
   -> 0.0002s
-- change_column_null(:events, :account_id, false)
   -> 0.0098s
-- index_exists?(:events, :account_id)
   -> 0.0006s
-- add_index(:events, :account_id)
   -> 0.0002s
-- index_exists?(:exports, :account_id)
   -> 0.0003s
-- change_column_null(:filters, :account_id, false)
   -> 0.0255s
-- index_exists?(:filters, :account_id)
   -> 0.0002s
-- add_index(:filters, :account_id)
   -> 0.0002s
-- change_column_null(:mentions, :account_id, false)
   -> 0.0074s
-- index_exists?(:mentions, :account_id)
   -> 0.0003s
-- add_index(:mentions, :account_id)
   -> 0.0007s
-- change_column_null(:notification_bundles, :account_id, false)
   -> 0.0069s
-- index_exists?(:notification_bundles, :account_id)
   -> 0.0003s
-- add_index(:notification_bundles, :account_id)
   -> 0.0007s
-- change_column_null(:notifications, :account_id, false)
   -> 0.0105s
-- index_exists?(:notifications, :account_id)
   -> 0.0005s
-- add_index(:notifications, :account_id)
   -> 0.0002s
-- change_column_null(:pins, :account_id, false)
   -> 0.0061s
-- index_exists?(:pins, :account_id)
   -> 0.0004s
-- add_index(:pins, :account_id)
   -> 0.0002s
-- change_column_null(:push_subscriptions, :account_id, false)
   -> 0.0054s
-- index_exists?(:push_subscriptions, :account_id)
   -> 0.0002s
-- add_index(:push_subscriptions, :account_id)
   -> 0.0002s
-- change_column_null(:reactions, :account_id, false)
   -> 0.0059s
-- index_exists?(:reactions, :account_id)
   -> 0.0003s
-- add_index(:reactions, :account_id)
   -> 0.0002s
-- change_column_null(:search_queries, :account_id, false)
   -> 0.0063s
-- index_exists?(:search_queries, :account_id)
   -> 0.0003s
-- add_index(:search_queries, :account_id)
   -> 0.0002s
-- index_exists?(:search_records, :account_id)
   -> 0.0003s
-- change_column_null(:steps, :account_id, false)
   -> 0.0053s
-- index_exists?(:steps, :account_id)
   -> 0.0002s
-- add_index(:steps, :account_id)
   -> 0.0002s
-- index_exists?(:storage_entries, :account_id)
   -> 0.0007s
-- change_column_null(:storage_totals, :account_id, false)
   -> 0.0044s
-- index_exists?(:storage_totals, :account_id)
   -> 0.0001s
-- add_index(:storage_totals, :account_id)
   -> 0.0001s
-- change_column_null(:taggings, :account_id, false)
   -> 0.0050s
-- index_exists?(:taggings, :account_id)
   -> 0.0002s
-- add_index(:taggings, :account_id)
   -> 0.0001s
-- change_column_null(:tags, :account_id, false)
   -> 0.0037s
-- index_exists?(:tags, :account_id)
   -> 0.0001s
-- add_index(:tags, :account_id)
   -> 0.0001s
-- change_column_null(:user_settings, :account_id, false)
   -> 0.0067s
-- index_exists?(:user_settings, :account_id)
   -> 0.0002s
-- add_index(:user_settings, :account_id)
   -> 0.0001s
-- change_column_null(:users, :account_id, false)
   -> 0.0064s
-- index_exists?(:users, :account_id)
   -> 0.0003s
-- add_index(:users, :account_id)
   -> 0.0001s
-- change_column_null(:watches, :account_id, false)
   -> 0.0058s
-- index_exists?(:watches, :account_id)
   -> 0.0003s
-- add_index(:watches, :account_id)
   -> 0.0002s
-- change_column_null(:webhook_delinquency_trackers, :account_id, false)
   -> 0.0040s
-- index_exists?(:webhook_delinquency_trackers, :account_id)
   -> 0.0001s
-- add_index(:webhook_delinquency_trackers, :account_id)
   -> 0.0002s
-- change_column_null(:webhook_deliveries, :account_id, false)
   -> 0.0065s
-- index_exists?(:webhook_deliveries, :account_id)
   -> 0.0003s
-- add_index(:webhook_deliveries, :account_id)
   -> 0.0002s
-- change_column_null(:webhooks, :account_id, false)
   -> 0.0047s
-- index_exists?(:webhooks, :account_id)
   -> 0.0001s
-- add_index(:webhooks, :account_id)
   -> 0.0002s
-- remove_index(:tags, :title)
   -> 0.0004s
-- add_index(:tags, [:account_id, :title], {unique: true})
   -> 0.0002s
== 20260710120000 AddAccountIdToAllAccountData: migrated (0.3651s) ============

F

Failure:
VerifierTest#test_every_row_gets_its_account_when_the_rollout_runs_on_a_live_database,_and_keeps_it_through_a_rollback [/tests/verification_test.rb:81]:
Expected ["active_storage_blobs 03gtyy05ujjrg3rklswjzzogt: gone, expected 03gtyy05omeogkfpt61r4nukm", "active_storage_blobs 03gtyy05z932mjuangfrwek9n: gone, expected 03gtyy05vgf6sekipcc5yq25a"] to be empty.

bin/rails test /tests/verification_test.rb:63

.

Finished in 8.603035s, 0.8137 runs/s, 1.2786 assertions/s.
7 runs, 11 assertions, 1 failures, 0 errors, 0 skips
