Running 1542 tests in parallel using 2 processes
Run options: --seed 36193

# Running:

...........................................................................................................................................................................................SS.........................................................................................................................................................................................................................................................................................................................................................................................................................................................................................................................................................................................................................................................................................................................................................................................................................................................................................................................................................................................................................................................................................................................................................................................................................................................................................................................................................................................................

Finished in 34.390867s, 44.8375 runs/s, 169.4927 assertions/s.
1542 runs, 5829 assertions, 0 failures, 0 errors, 2 skips

You have skipped tests. Run with --verbose for details.
Running 7 tests in a single process (parallelization threshold is 50)
Run options: --seed 60449

# Running:

..Dropped database 'tmp/legacy.sqlite3'
== 20260709130000 AddAccountIdToAccountOwnedTables: migrating =================
-- column_exists?(:account_cancellations, :account_id)
   -> 0.0007s
-- column_exists?(:account_imports, :account_id)
   -> 0.0005s
-- column_exists?(:account_join_codes, :account_id)
   -> 0.0005s
-- column_exists?(:accesses, :account_id)
   -> 0.0005s
-- add_column(:accesses, :account_id, :uuid)
   -> 0.0015s
-- column_exists?(:action_text_rich_texts, :account_id)
   -> 0.0005s
-- add_column(:action_text_rich_texts, :account_id, :uuid)
   -> 0.0010s
-- column_exists?(:active_storage_attachments, :account_id)
   -> 0.0005s
-- add_column(:active_storage_attachments, :account_id, :uuid)
   -> 0.0010s
-- column_exists?(:active_storage_blobs, :account_id)
   -> 0.0005s
-- add_column(:active_storage_blobs, :account_id, :uuid)
   -> 0.0008s
-- column_exists?(:active_storage_variant_records, :account_id)
   -> 0.0009s
-- add_column(:active_storage_variant_records, :account_id, :uuid)
   -> 0.0009s
-- column_exists?(:assignees_filters, :account_id)
   -> 0.0003s
-- add_column(:assignees_filters, :account_id, :uuid)
   -> 0.0009s
-- column_exists?(:assigners_filters, :account_id)
   -> 0.0003s
-- add_column(:assigners_filters, :account_id, :uuid)
   -> 0.0009s
-- column_exists?(:assignments, :account_id)
   -> 0.0006s
-- add_column(:assignments, :account_id, :uuid)
   -> 0.0007s
-- column_exists?(:board_publications, :account_id)
   -> 0.0004s
-- add_column(:board_publications, :account_id, :uuid)
   -> 0.0008s
-- column_exists?(:boards, :account_id)
   -> 0.0005s
-- column_exists?(:boards_filters, :account_id)
   -> 0.0002s
-- add_column(:boards_filters, :account_id, :uuid)
   -> 0.0010s
-- column_exists?(:card_activity_spikes, :account_id)
   -> 0.0003s
-- add_column(:card_activity_spikes, :account_id, :uuid)
   -> 0.0009s
-- column_exists?(:card_goldnesses, :account_id)
   -> 0.0003s
-- add_column(:card_goldnesses, :account_id, :uuid)
   -> 0.0009s
-- column_exists?(:card_not_nows, :account_id)
   -> 0.0003s
-- add_column(:card_not_nows, :account_id, :uuid)
   -> 0.0008s
-- column_exists?(:cards, :account_id)
   -> 0.0006s
-- column_exists?(:closers_filters, :account_id)
   -> 0.0003s
-- add_column(:closers_filters, :account_id, :uuid)
   -> 0.0010s
-- column_exists?(:closures, :account_id)
   -> 0.0004s
-- add_column(:closures, :account_id, :uuid)
   -> 0.0010s
-- column_exists?(:columns, :account_id)
   -> 0.0005s
-- column_exists?(:comments, :account_id)
   -> 0.0003s
-- column_exists?(:creators_filters, :account_id)
   -> 0.0002s
-- add_column(:creators_filters, :account_id, :uuid)
   -> 0.0009s
-- column_exists?(:entropies, :account_id)
   -> 0.0004s
-- add_column(:entropies, :account_id, :uuid)
   -> 0.0008s
-- column_exists?(:events, :account_id)
   -> 0.0005s
-- column_exists?(:exports, :account_id)
   -> 0.0004s
-- column_exists?(:filters, :account_id)
   -> 0.0004s
-- column_exists?(:filters_tags, :account_id)
   -> 0.0002s
-- add_column(:filters_tags, :account_id, :uuid)
   -> 0.0008s
-- column_exists?(:mentions, :account_id)
   -> 0.0004s
-- add_column(:mentions, :account_id, :uuid)
   -> 0.0009s
-- column_exists?(:notification_bundles, :account_id)
   -> 0.0004s
-- column_exists?(:notifications, :account_id)
   -> 0.0005s
-- column_exists?(:pins, :account_id)
   -> 0.0003s
-- add_column(:pins, :account_id, :uuid)
   -> 0.0009s
-- column_exists?(:push_subscriptions, :account_id)
   -> 0.0005s
-- column_exists?(:reactions, :account_id)
   -> 0.0004s
-- add_column(:reactions, :account_id, :uuid)
   -> 0.0008s
-- column_exists?(:search_queries, :account_id)
   -> 0.0003s
-- add_column(:search_queries, :account_id, :uuid)
   -> 0.0009s
-- column_exists?(:steps, :account_id)
   -> 0.0004s
-- column_exists?(:storage_entries, :account_id)
   -> 0.0005s
-- column_exists?(:storage_totals, :account_id)
   -> 0.0004s
-- add_column(:storage_totals, :account_id, :uuid)
   -> 0.0008s
-- column_exists?(:taggings, :account_id)
   -> 0.0003s
-- add_column(:taggings, :account_id, :uuid)
   -> 0.0008s
-- column_exists?(:tags, :account_id)
   -> 0.0003s
-- column_exists?(:user_settings, :account_id)
   -> 0.0004s
-- add_column(:user_settings, :account_id, :uuid)
   -> 0.0009s
-- column_exists?(:users, :account_id)
   -> 0.0005s
-- column_exists?(:watches, :account_id)
   -> 0.0004s
-- add_column(:watches, :account_id, :uuid)
   -> 0.0008s
-- column_exists?(:webhook_delinquency_trackers, :account_id)
   -> 0.0003s
-- add_column(:webhook_delinquency_trackers, :account_id, :uuid)
   -> 0.0009s
-- column_exists?(:webhook_deliveries, :account_id)
   -> 0.0005s
-- add_column(:webhook_deliveries, :account_id, :uuid)
   -> 0.0009s
-- column_exists?(:webhooks, :account_id)
   -> 0.0006s
-- quote_table_name(:users)
   -> 0.0000s
-- quote_table_name(:users)
   -> 0.0000s
-- execute("DELETE FROM \"users\"\nWHERE account_id IS NULL\n   OR NOT EXISTS (\n     SELECT 1 FROM accounts WHERE accounts.id = \"users\".account_id\n   )\n")
   -> 0.0002s
-- quote_table_name(:account_cancellations)
   -> 0.0000s
-- quote_table_name(:users)
   -> 0.0000s
-- quote_column_name(:account_id)
   -> 0.0000s
-- quote_table_name(:users)
   -> 0.0000s
-- quote_table_name(:users)
   -> 0.0000s
-- quote_column_name(:id)
   -> 0.0000s
-- quote_table_name(:account_cancellations)
   -> 0.0000s
-- quote_column_name(:initiated_by_id)
   -> 0.0000s
-- execute("UPDATE \"account_cancellations\"\nSET account_id = (\n  SELECT \"users\".\"account_id\"\n  FROM \"users\"\n  WHERE \"users\".\"id\" =\n        \"account_cancellations\".\"initiated_by_id\"\n  LIMIT 1\n)\nWHERE account_id IS NULL\n")
   -> 0.0002s
-- quote_table_name(:account_imports)
   -> 0.0000s
-- quote_table_name(:account_imports)
   -> 0.0000s
-- execute("DELETE FROM \"account_imports\"\nWHERE account_id IS NULL\n   OR NOT EXISTS (\n     SELECT 1 FROM accounts WHERE accounts.id = \"account_imports\".account_id\n   )\n")
   -> 0.0001s
-- quote_table_name(:account_join_codes)
   -> 0.0000s
-- quote_table_name(:account_join_codes)
   -> 0.0000s
-- execute("DELETE FROM \"account_join_codes\"\nWHERE account_id IS NULL\n   OR NOT EXISTS (\n     SELECT 1 FROM accounts WHERE accounts.id = \"account_join_codes\".account_id\n   )\n")
   -> 0.0001s
-- quote_table_name(:tags)
   -> 0.0000s
-- quote_table_name(:tags)
   -> 0.0000s
-- execute("DELETE FROM \"tags\"\nWHERE account_id IS NULL\n   OR NOT EXISTS (\n     SELECT 1 FROM accounts WHERE accounts.id = \"tags\".account_id\n   )\n")
   -> 0.0001s
-- quote_table_name(:boards)
   -> 0.0000s
-- quote_table_name(:users)
   -> 0.0000s
-- quote_column_name(:account_id)
   -> 0.0000s
-- quote_table_name(:users)
   -> 0.0000s
-- quote_table_name(:users)
   -> 0.0000s
-- quote_column_name(:id)
   -> 0.0000s
-- quote_table_name(:boards)
   -> 0.0000s
-- quote_column_name(:creator_id)
   -> 0.0000s
-- execute("UPDATE \"boards\"\nSET account_id = (\n  SELECT \"users\".\"account_id\"\n  FROM \"users\"\n  WHERE \"users\".\"id\" =\n        \"boards\".\"creator_id\"\n  LIMIT 1\n)\nWHERE account_id IS NULL\n")
   -> 0.0001s
-- quote_table_name(:filters)
   -> 0.0000s
-- quote_table_name(:users)
   -> 0.0000s
-- quote_column_name(:account_id)
   -> 0.0000s
-- quote_table_name(:users)
   -> 0.0000s
-- quote_table_name(:users)
   -> 0.0000s
-- quote_column_name(:id)
   -> 0.0000s
-- quote_table_name(:filters)
   -> 0.0000s
-- quote_column_name(:creator_id)
   -> 0.0000s
-- execute("UPDATE \"filters\"\nSET account_id = (\n  SELECT \"users\".\"account_id\"\n  FROM \"users\"\n  WHERE \"users\".\"id\" =\n        \"filters\".\"creator_id\"\n  LIMIT 1\n)\nWHERE account_id IS NULL\n")
   -> 0.0001s
-- quote_table_name(:exports)
   -> 0.0000s
-- quote_table_name(:users)
   -> 0.0000s
-- quote_column_name(:account_id)
   -> 0.0000s
-- quote_table_name(:users)
   -> 0.0000s
-- quote_table_name(:users)
   -> 0.0000s
-- quote_column_name(:id)
   -> 0.0000s
-- quote_table_name(:exports)
   -> 0.0000s
-- quote_column_name(:user_id)
   -> 0.0000s
-- execute("UPDATE \"exports\"\nSET account_id = (\n  SELECT \"users\".\"account_id\"\n  FROM \"users\"\n  WHERE \"users\".\"id\" =\n        \"exports\".\"user_id\"\n  LIMIT 1\n)\nWHERE account_id IS NULL\n")
   -> 0.0001s
-- quote_table_name(:notification_bundles)
   -> 0.0000s
-- quote_table_name(:users)
   -> 0.0000s
-- quote_column_name(:account_id)
   -> 0.0000s
-- quote_table_name(:users)
   -> 0.0000s
-- quote_table_name(:users)
   -> 0.0000s
-- quote_column_name(:id)
   -> 0.0000s
-- quote_table_name(:notification_bundles)
   -> 0.0000s
-- quote_column_name(:user_id)
   -> 0.0000s
-- execute("UPDATE \"notification_bundles\"\nSET account_id = (\n  SELECT \"users\".\"account_id\"\n  FROM \"users\"\n  WHERE \"users\".\"id\" =\n        \"notification_bundles\".\"user_id\"\n  LIMIT 1\n)\nWHERE account_id IS NULL\n")
   -> 0.0001s
-- quote_table_name(:push_subscriptions)
   -> 0.0000s
-- quote_table_name(:users)
   -> 0.0000s
-- quote_column_name(:account_id)
   -> 0.0000s
-- quote_table_name(:users)
   -> 0.0000s
-- quote_table_name(:users)
   -> 0.0000s
-- quote_column_name(:id)
   -> 0.0000s
-- quote_table_name(:push_subscriptions)
   -> 0.0000s
-- quote_column_name(:user_id)
   -> 0.0000s
-- execute("UPDATE \"push_subscriptions\"\nSET account_id = (\n  SELECT \"users\".\"account_id\"\n  FROM \"users\"\n  WHERE \"users\".\"id\" =\n        \"push_subscriptions\".\"user_id\"\n  LIMIT 1\n)\nWHERE account_id IS NULL\n")
   -> 0.0001s
-- quote_table_name(:user_settings)
   -> 0.0000s
-- quote_table_name(:users)
   -> 0.0000s
-- quote_column_name(:account_id)
   -> 0.0000s
-- quote_table_name(:users)
   -> 0.0000s
-- quote_table_name(:users)
   -> 0.0000s
-- quote_column_name(:id)
   -> 0.0000s
-- quote_table_name(:user_settings)
   -> 0.0000s
-- quote_column_name(:user_id)
   -> 0.0000s
-- execute("UPDATE \"user_settings\"\nSET account_id = (\n  SELECT \"users\".\"account_id\"\n  FROM \"users\"\n  WHERE \"users\".\"id\" =\n        \"user_settings\".\"user_id\"\n  LIMIT 1\n)\nWHERE account_id IS NULL\n")
   -> 0.0001s
-- quote_table_name(:columns)
   -> 0.0000s
-- quote_table_name(:boards)
   -> 0.0000s
-- quote_column_name(:account_id)
   -> 0.0000s
-- quote_table_name(:boards)
   -> 0.0000s
-- quote_table_name(:boards)
   -> 0.0000s
-- quote_column_name(:id)
   -> 0.0000s
-- quote_table_name(:columns)
   -> 0.0000s
-- quote_column_name(:board_id)
   -> 0.0000s
-- execute("UPDATE \"columns\"\nSET account_id = (\n  SELECT \"boards\".\"account_id\"\n  FROM \"boards\"\n  WHERE \"boards\".\"id\" =\n        \"columns\".\"board_id\"\n  LIMIT 1\n)\nWHERE account_id IS NULL\n")
   -> 0.0001s
-- quote_table_name(:board_publications)
   -> 0.0000s
-- quote_table_name(:boards)
   -> 0.0000s
-- quote_column_name(:account_id)
   -> 0.0000s
-- quote_table_name(:boards)
   -> 0.0000s
-- quote_table_name(:boards)
   -> 0.0000s
-- quote_column_name(:id)
   -> 0.0000s
-- quote_table_name(:board_publications)
   -> 0.0000s
-- quote_column_name(:board_id)
   -> 0.0000s
-- execute("UPDATE \"board_publications\"\nSET account_id = (\n  SELECT \"boards\".\"account_id\"\n  FROM \"boards\"\n  WHERE \"boards\".\"id\" =\n        \"board_publications\".\"board_id\"\n  LIMIT 1\n)\nWHERE account_id IS NULL\n")
   -> 0.0001s
-- quote_table_name(:accesses)
   -> 0.0000s
-- quote_table_name(:boards)
   -> 0.0000s
-- quote_column_name(:account_id)
   -> 0.0000s
-- quote_table_name(:boards)
   -> 0.0000s
-- quote_table_name(:boards)
   -> 0.0000s
-- quote_column_name(:id)
   -> 0.0000s
-- quote_table_name(:accesses)
   -> 0.0000s
-- quote_column_name(:board_id)
   -> 0.0000s
-- execute("UPDATE \"accesses\"\nSET account_id = (\n  SELECT \"boards\".\"account_id\"\n  FROM \"boards\"\n  WHERE \"boards\".\"id\" =\n        \"accesses\".\"board_id\"\n  LIMIT 1\n)\nWHERE account_id IS NULL\n")
   -> 0.0001s
-- quote_table_name(:webhooks)
   -> 0.0000s
-- quote_table_name(:boards)
   -> 0.0000s
-- quote_column_name(:account_id)
   -> 0.0000s
-- quote_table_name(:boards)
   -> 0.0000s
-- quote_table_name(:boards)
   -> 0.0000s
-- quote_column_name(:id)
   -> 0.0000s
-- quote_table_name(:webhooks)
   -> 0.0000s
-- quote_column_name(:board_id)
   -> 0.0000s
-- execute("UPDATE \"webhooks\"\nSET account_id = (\n  SELECT \"boards\".\"account_id\"\n  FROM \"boards\"\n  WHERE \"boards\".\"id\" =\n        \"webhooks\".\"board_id\"\n  LIMIT 1\n)\nWHERE account_id IS NULL\n")
   -> 0.0001s
-- quote_table_name(:cards)
   -> 0.0000s
-- quote_table_name(:boards)
   -> 0.0000s
-- quote_column_name(:account_id)
   -> 0.0000s
-- quote_table_name(:boards)
   -> 0.0000s
-- quote_table_name(:boards)
   -> 0.0000s
-- quote_column_name(:id)
   -> 0.0000s
-- quote_table_name(:cards)
   -> 0.0000s
-- quote_column_name(:board_id)
   -> 0.0000s
-- execute("UPDATE \"cards\"\nSET account_id = (\n  SELECT \"boards\".\"account_id\"\n  FROM \"boards\"\n  WHERE \"boards\".\"id\" =\n        \"cards\".\"board_id\"\n  LIMIT 1\n)\nWHERE account_id IS NULL\n")
   -> 0.0001s
-- quote_table_name(:assignments)
   -> 0.0000s
-- quote_table_name(:cards)
   -> 0.0000s
-- quote_column_name(:account_id)
   -> 0.0000s
-- quote_table_name(:cards)
   -> 0.0000s
-- quote_table_name(:cards)
   -> 0.0000s
-- quote_column_name(:id)
   -> 0.0000s
-- quote_table_name(:assignments)
   -> 0.0000s
-- quote_column_name(:card_id)
   -> 0.0000s
-- execute("UPDATE \"assignments\"\nSET account_id = (\n  SELECT \"cards\".\"account_id\"\n  FROM \"cards\"\n  WHERE \"cards\".\"id\" =\n        \"assignments\".\"card_id\"\n  LIMIT 1\n)\nWHERE account_id IS NULL\n")
   -> 0.0001s
-- quote_table_name(:card_activity_spikes)
   -> 0.0000s
-- quote_table_name(:cards)
   -> 0.0000s
-- quote_column_name(:account_id)
   -> 0.0000s
-- quote_table_name(:cards)
   -> 0.0000s
-- quote_table_name(:cards)
   -> 0.0000s
-- quote_column_name(:id)
   -> 0.0000s
-- quote_table_name(:card_activity_spikes)
   -> 0.0000s
-- quote_column_name(:card_id)
   -> 0.0000s
-- execute("UPDATE \"card_activity_spikes\"\nSET account_id = (\n  SELECT \"cards\".\"account_id\"\n  FROM \"cards\"\n  WHERE \"cards\".\"id\" =\n        \"card_activity_spikes\".\"card_id\"\n  LIMIT 1\n)\nWHERE account_id IS NULL\n")
   -> 0.0001s
-- quote_table_name(:card_goldnesses)
   -> 0.0000s
-- quote_table_name(:cards)
   -> 0.0000s
-- quote_column_name(:account_id)
   -> 0.0000s
-- quote_table_name(:cards)
   -> 0.0000s
-- quote_table_name(:cards)
   -> 0.0000s
-- quote_column_name(:id)
   -> 0.0000s
-- quote_table_name(:card_goldnesses)
   -> 0.0000s
-- quote_column_name(:card_id)
   -> 0.0000s
-- execute("UPDATE \"card_goldnesses\"\nSET account_id = (\n  SELECT \"cards\".\"account_id\"\n  FROM \"cards\"\n  WHERE \"cards\".\"id\" =\n        \"card_goldnesses\".\"card_id\"\n  LIMIT 1\n)\nWHERE account_id IS NULL\n")
   -> 0.0001s
-- quote_table_name(:card_not_nows)
   -> 0.0000s
-- quote_table_name(:cards)
   -> 0.0000s
-- quote_column_name(:account_id)
   -> 0.0000s
-- quote_table_name(:cards)
   -> 0.0000s
-- quote_table_name(:cards)
   -> 0.0000s
-- quote_column_name(:id)
   -> 0.0000s
-- quote_table_name(:card_not_nows)
   -> 0.0000s
-- quote_column_name(:card_id)
   -> 0.0000s
-- execute("UPDATE \"card_not_nows\"\nSET account_id = (\n  SELECT \"cards\".\"account_id\"\n  FROM \"cards\"\n  WHERE \"cards\".\"id\" =\n        \"card_not_nows\".\"card_id\"\n  LIMIT 1\n)\nWHERE account_id IS NULL\n")
   -> 0.0001s
-- quote_table_name(:closures)
   -> 0.0000s
-- quote_table_name(:cards)
   -> 0.0000s
-- quote_column_name(:account_id)
   -> 0.0000s
-- quote_table_name(:cards)
   -> 0.0000s
-- quote_table_name(:cards)
   -> 0.0000s
-- quote_column_name(:id)
   -> 0.0000s
-- quote_table_name(:closures)
   -> 0.0000s
-- quote_column_name(:card_id)
   -> 0.0000s
-- execute("UPDATE \"closures\"\nSET account_id = (\n  SELECT \"cards\".\"account_id\"\n  FROM \"cards\"\n  WHERE \"cards\".\"id\" =\n        \"closures\".\"card_id\"\n  LIMIT 1\n)\nWHERE account_id IS NULL\n")
   -> 0.0001s
-- quote_table_name(:comments)
   -> 0.0000s
-- quote_table_name(:cards)
   -> 0.0000s
-- quote_column_name(:account_id)
   -> 0.0000s
-- quote_table_name(:cards)
   -> 0.0000s
-- quote_table_name(:cards)
   -> 0.0000s
-- quote_column_name(:id)
   -> 0.0000s
-- quote_table_name(:comments)
   -> 0.0000s
-- quote_column_name(:card_id)
   -> 0.0000s
-- execute("UPDATE \"comments\"\nSET account_id = (\n  SELECT \"cards\".\"account_id\"\n  FROM \"cards\"\n  WHERE \"cards\".\"id\" =\n        \"comments\".\"card_id\"\n  LIMIT 1\n)\nWHERE account_id IS NULL\n")
   -> 0.0001s
-- quote_table_name(:pins)
   -> 0.0000s
-- quote_table_name(:cards)
   -> 0.0000s
-- quote_column_name(:account_id)
   -> 0.0000s
-- quote_table_name(:cards)
   -> 0.0000s
-- quote_table_name(:cards)
   -> 0.0000s
-- quote_column_name(:id)
   -> 0.0000s
-- quote_table_name(:pins)
   -> 0.0000s
-- quote_column_name(:card_id)
   -> 0.0000s
-- execute("UPDATE \"pins\"\nSET account_id = (\n  SELECT \"cards\".\"account_id\"\n  FROM \"cards\"\n  WHERE \"cards\".\"id\" =\n        \"pins\".\"card_id\"\n  LIMIT 1\n)\nWHERE account_id IS NULL\n")
   -> 0.0001s
-- quote_table_name(:steps)
   -> 0.0000s
-- quote_table_name(:cards)
   -> 0.0000s
-- quote_column_name(:account_id)
   -> 0.0000s
-- quote_table_name(:cards)
   -> 0.0000s
-- quote_table_name(:cards)
   -> 0.0000s
-- quote_column_name(:id)
   -> 0.0000s
-- quote_table_name(:steps)
   -> 0.0000s
-- quote_column_name(:card_id)
   -> 0.0000s
-- execute("UPDATE \"steps\"\nSET account_id = (\n  SELECT \"cards\".\"account_id\"\n  FROM \"cards\"\n  WHERE \"cards\".\"id\" =\n        \"steps\".\"card_id\"\n  LIMIT 1\n)\nWHERE account_id IS NULL\n")
   -> 0.0001s
-- quote_table_name(:taggings)
   -> 0.0000s
-- quote_table_name(:cards)
   -> 0.0000s
-- quote_column_name(:account_id)
   -> 0.0000s
-- quote_table_name(:cards)
   -> 0.0000s
-- quote_table_name(:cards)
   -> 0.0000s
-- quote_column_name(:id)
   -> 0.0000s
-- quote_table_name(:taggings)
   -> 0.0000s
-- quote_column_name(:card_id)
   -> 0.0000s
-- execute("UPDATE \"taggings\"\nSET account_id = (\n  SELECT \"cards\".\"account_id\"\n  FROM \"cards\"\n  WHERE \"cards\".\"id\" =\n        \"taggings\".\"card_id\"\n  LIMIT 1\n)\nWHERE account_id IS NULL\n")
   -> 0.0001s
-- quote_table_name(:watches)
   -> 0.0000s
-- quote_table_name(:cards)
   -> 0.0000s
-- quote_column_name(:account_id)
   -> 0.0000s
-- quote_table_name(:cards)
   -> 0.0000s
-- quote_table_name(:cards)
   -> 0.0000s
-- quote_column_name(:id)
   -> 0.0000s
-- quote_table_name(:watches)
   -> 0.0000s
-- quote_column_name(:card_id)
   -> 0.0000s
-- execute("UPDATE \"watches\"\nSET account_id = (\n  SELECT \"cards\".\"account_id\"\n  FROM \"cards\"\n  WHERE \"cards\".\"id\" =\n        \"watches\".\"card_id\"\n  LIMIT 1\n)\nWHERE account_id IS NULL\n")
   -> 0.0001s
-- quote_table_name(:assignees_filters)
   -> 0.0000s
-- quote_table_name(:filters)
   -> 0.0000s
-- quote_column_name(:account_id)
   -> 0.0000s
-- quote_table_name(:filters)
   -> 0.0000s
-- quote_table_name(:filters)
   -> 0.0000s
-- quote_column_name(:id)
   -> 0.0000s
-- quote_table_name(:assignees_filters)
   -> 0.0000s
-- quote_column_name(:filter_id)
   -> 0.0000s
-- execute("UPDATE \"assignees_filters\"\nSET account_id = (\n  SELECT \"filters\".\"account_id\"\n  FROM \"filters\"\n  WHERE \"filters\".\"id\" =\n        \"assignees_filters\".\"filter_id\"\n  LIMIT 1\n)\nWHERE account_id IS NULL\n")
   -> 0.0001s
-- quote_table_name(:assigners_filters)
   -> 0.0000s
-- quote_table_name(:filters)
   -> 0.0000s
-- quote_column_name(:account_id)
   -> 0.0000s
-- quote_table_name(:filters)
   -> 0.0000s
-- quote_table_name(:filters)
   -> 0.0000s
-- quote_column_name(:id)
   -> 0.0000s
-- quote_table_name(:assigners_filters)
   -> 0.0000s
-- quote_column_name(:filter_id)
   -> 0.0000s
-- execute("UPDATE \"assigners_filters\"\nSET account_id = (\n  SELECT \"filters\".\"account_id\"\n  FROM \"filters\"\n  WHERE \"filters\".\"id\" =\n        \"assigners_filters\".\"filter_id\"\n  LIMIT 1\n)\nWHERE account_id IS NULL\n")
   -> 0.0001s
-- quote_table_name(:boards_filters)
   -> 0.0000s
-- quote_table_name(:filters)
   -> 0.0000s
-- quote_column_name(:account_id)
   -> 0.0000s
-- quote_table_name(:filters)
   -> 0.0000s
-- quote_table_name(:filters)
   -> 0.0000s
-- quote_column_name(:id)
   -> 0.0000s
-- quote_table_name(:boards_filters)
   -> 0.0000s
-- quote_column_name(:filter_id)
   -> 0.0000s
-- execute("UPDATE \"boards_filters\"\nSET account_id = (\n  SELECT \"filters\".\"account_id\"\n  FROM \"filters\"\n  WHERE \"filters\".\"id\" =\n        \"boards_filters\".\"filter_id\"\n  LIMIT 1\n)\nWHERE account_id IS NULL\n")
   -> 0.0001s
-- quote_table_name(:closers_filters)
   -> 0.0000s
-- quote_table_name(:filters)
   -> 0.0000s
-- quote_column_name(:account_id)
   -> 0.0000s
-- quote_table_name(:filters)
   -> 0.0000s
-- quote_table_name(:filters)
   -> 0.0000s
-- quote_column_name(:id)
   -> 0.0000s
-- quote_table_name(:closers_filters)
   -> 0.0000s
-- quote_column_name(:filter_id)
   -> 0.0000s
-- execute("UPDATE \"closers_filters\"\nSET account_id = (\n  SELECT \"filters\".\"account_id\"\n  FROM \"filters\"\n  WHERE \"filters\".\"id\" =\n        \"closers_filters\".\"filter_id\"\n  LIMIT 1\n)\nWHERE account_id IS NULL\n")
   -> 0.0001s
-- quote_table_name(:creators_filters)
   -> 0.0000s
-- quote_table_name(:filters)
   -> 0.0000s
-- quote_column_name(:account_id)
   -> 0.0000s
-- quote_table_name(:filters)
   -> 0.0000s
-- quote_table_name(:filters)
   -> 0.0000s
-- quote_column_name(:id)
   -> 0.0000s
-- quote_table_name(:creators_filters)
   -> 0.0000s
-- quote_column_name(:filter_id)
   -> 0.0000s
-- execute("UPDATE \"creators_filters\"\nSET account_id = (\n  SELECT \"filters\".\"account_id\"\n  FROM \"filters\"\n  WHERE \"filters\".\"id\" =\n        \"creators_filters\".\"filter_id\"\n  LIMIT 1\n)\nWHERE account_id IS NULL\n")
   -> 0.0001s
-- quote_table_name(:filters_tags)
   -> 0.0000s
-- quote_table_name(:filters)
   -> 0.0000s
-- quote_column_name(:account_id)
   -> 0.0000s
-- quote_table_name(:filters)
   -> 0.0000s
-- quote_table_name(:filters)
   -> 0.0000s
-- quote_column_name(:id)
   -> 0.0000s
-- quote_table_name(:filters_tags)
   -> 0.0000s
-- quote_column_name(:filter_id)
   -> 0.0000s
-- execute("UPDATE \"filters_tags\"\nSET account_id = (\n  SELECT \"filters\".\"account_id\"\n  FROM \"filters\"\n  WHERE \"filters\".\"id\" =\n        \"filters_tags\".\"filter_id\"\n  LIMIT 1\n)\nWHERE account_id IS NULL\n")
   -> 0.0001s
-- quote_table_name(:entropies)
   -> 0.0000s
-- quote_table_name(:accounts)
   -> 0.0000s
-- quote_column_name(:id)
   -> 0.0000s
-- quote_table_name(:accounts)
   -> 0.0000s
-- quote_table_name(:accounts)
   -> 0.0000s
-- quote_table_name(:entropies)
   -> 0.0000s
-- quote_column_name(:container_id)
   -> 0.0000s
-- quote_column_name(:container_type)
   -> 0.0000s
-- execute("UPDATE \"entropies\"\nSET account_id = (\n  SELECT \"accounts\".\"id\"\n  FROM \"accounts\"\n  WHERE \"accounts\".id =\n        \"entropies\".\"container_id\"\n  LIMIT 1\n)\nWHERE account_id IS NULL\n  AND \"container_type\" = 'Account'\n")
   -> 0.0001s
-- quote_table_name(:entropies)
   -> 0.0000s
-- quote_table_name(:boards)
   -> 0.0000s
-- quote_column_name(:account_id)
   -> 0.0000s
-- quote_table_name(:boards)
   -> 0.0000s
-- quote_table_name(:boards)
   -> 0.0000s
-- quote_table_name(:entropies)
   -> 0.0000s
-- quote_column_name(:container_id)
   -> 0.0000s
-- quote_column_name(:container_type)
   -> 0.0000s
-- execute("UPDATE \"entropies\"\nSET account_id = (\n  SELECT \"boards\".\"account_id\"\n  FROM \"boards\"\n  WHERE \"boards\".id =\n        \"entropies\".\"container_id\"\n  LIMIT 1\n)\nWHERE account_id IS NULL\n  AND \"container_type\" = 'Board'\n")
   -> 0.0001s
-- quote_table_name(:reactions)
   -> 0.0000s
-- quote_table_name(:cards)
   -> 0.0000s
-- quote_column_name(:account_id)
   -> 0.0000s
-- quote_table_name(:cards)
   -> 0.0000s
-- quote_table_name(:cards)
   -> 0.0000s
-- quote_table_name(:reactions)
   -> 0.0000s
-- quote_column_name(:reactable_id)
   -> 0.0000s
-- quote_column_name(:reactable_type)
   -> 0.0000s
-- execute("UPDATE \"reactions\"\nSET account_id = (\n  SELECT \"cards\".\"account_id\"\n  FROM \"cards\"\n  WHERE \"cards\".id =\n        \"reactions\".\"reactable_id\"\n  LIMIT 1\n)\nWHERE account_id IS NULL\n  AND \"reactable_type\" = 'Card'\n")
   -> 0.0001s
-- quote_table_name(:reactions)
   -> 0.0000s
-- quote_table_name(:comments)
   -> 0.0000s
-- quote_column_name(:account_id)
   -> 0.0000s
-- quote_table_name(:comments)
   -> 0.0000s
-- quote_table_name(:comments)
   -> 0.0000s
-- quote_table_name(:reactions)
   -> 0.0000s
-- quote_column_name(:reactable_id)
   -> 0.0000s
-- quote_column_name(:reactable_type)
   -> 0.0000s
-- execute("UPDATE \"reactions\"\nSET account_id = (\n  SELECT \"comments\".\"account_id\"\n  FROM \"comments\"\n  WHERE \"comments\".id =\n        \"reactions\".\"reactable_id\"\n  LIMIT 1\n)\nWHERE account_id IS NULL\n  AND \"reactable_type\" = 'Comment'\n")
   -> 0.0001s
-- quote_table_name(:mentions)
   -> 0.0000s
-- quote_table_name(:cards)
   -> 0.0000s
-- quote_column_name(:account_id)
   -> 0.0000s
-- quote_table_name(:cards)
   -> 0.0000s
-- quote_table_name(:cards)
   -> 0.0000s
-- quote_table_name(:mentions)
   -> 0.0000s
-- quote_column_name(:source_id)
   -> 0.0000s
-- quote_column_name(:source_type)
   -> 0.0000s
-- execute("UPDATE \"mentions\"\nSET account_id = (\n  SELECT \"cards\".\"account_id\"\n  FROM \"cards\"\n  WHERE \"cards\".id =\n        \"mentions\".\"source_id\"\n  LIMIT 1\n)\nWHERE account_id IS NULL\n  AND \"source_type\" = 'Card'\n")
   -> 0.0001s
-- quote_table_name(:mentions)
   -> 0.0000s
-- quote_table_name(:comments)
   -> 0.0000s
-- quote_column_name(:account_id)
   -> 0.0000s
-- quote_table_name(:comments)
   -> 0.0000s
-- quote_table_name(:comments)
   -> 0.0000s
-- quote_table_name(:mentions)
   -> 0.0000s
-- quote_column_name(:source_id)
   -> 0.0000s
-- quote_column_name(:source_type)
   -> 0.0000s
-- execute("UPDATE \"mentions\"\nSET account_id = (\n  SELECT \"comments\".\"account_id\"\n  FROM \"comments\"\n  WHERE \"comments\".id =\n        \"mentions\".\"source_id\"\n  LIMIT 1\n)\nWHERE account_id IS NULL\n  AND \"source_type\" = 'Comment'\n")
   -> 0.0001s
-- quote_table_name(:events)
   -> 0.0000s
-- quote_table_name(:boards)
   -> 0.0000s
-- quote_column_name(:account_id)
   -> 0.0000s
-- quote_table_name(:boards)
   -> 0.0000s
-- quote_table_name(:boards)
   -> 0.0000s
-- quote_column_name(:id)
   -> 0.0000s
-- quote_table_name(:events)
   -> 0.0000s
-- quote_column_name(:board_id)
   -> 0.0000s
-- execute("UPDATE \"events\"\nSET account_id = (\n  SELECT \"boards\".\"account_id\"\n  FROM \"boards\"\n  WHERE \"boards\".\"id\" =\n        \"events\".\"board_id\"\n  LIMIT 1\n)\nWHERE account_id IS NULL\n")
   -> 0.0001s
-- quote_table_name(:notifications)
   -> 0.0000s
-- quote_table_name(:cards)
   -> 0.0000s
-- quote_column_name(:account_id)
   -> 0.0000s
-- quote_table_name(:cards)
   -> 0.0000s
-- quote_table_name(:cards)
   -> 0.0000s
-- quote_column_name(:id)
   -> 0.0000s
-- quote_table_name(:notifications)
   -> 0.0000s
-- quote_column_name(:card_id)
   -> 0.0000s
-- execute("UPDATE \"notifications\"\nSET account_id = (\n  SELECT \"cards\".\"account_id\"\n  FROM \"cards\"\n  WHERE \"cards\".\"id\" =\n        \"notifications\".\"card_id\"\n  LIMIT 1\n)\nWHERE account_id IS NULL\n")
   -> 0.0001s
-- quote_table_name(:webhook_delinquency_trackers)
   -> 0.0000s
-- quote_table_name(:webhooks)
   -> 0.0000s
-- quote_column_name(:account_id)
   -> 0.0000s
-- quote_table_name(:webhooks)
   -> 0.0000s
-- quote_table_name(:webhooks)
   -> 0.0000s
-- quote_column_name(:id)
   -> 0.0000s
-- quote_table_name(:webhook_delinquency_trackers)
   -> 0.0000s
-- quote_column_name(:webhook_id)
   -> 0.0000s
-- execute("UPDATE \"webhook_delinquency_trackers\"\nSET account_id = (\n  SELECT \"webhooks\".\"account_id\"\n  FROM \"webhooks\"\n  WHERE \"webhooks\".\"id\" =\n        \"webhook_delinquency_trackers\".\"webhook_id\"\n  LIMIT 1\n)\nWHERE account_id IS NULL\n")
   -> 0.0002s
-- quote_table_name(:webhook_deliveries)
   -> 0.0000s
-- quote_table_name(:webhooks)
   -> 0.0000s
-- quote_column_name(:account_id)
   -> 0.0000s
-- quote_table_name(:webhooks)
   -> 0.0000s
-- quote_table_name(:webhooks)
   -> 0.0000s
-- quote_column_name(:id)
   -> 0.0000s
-- quote_table_name(:webhook_deliveries)
   -> 0.0000s
-- quote_column_name(:webhook_id)
   -> 0.0000s
-- execute("UPDATE \"webhook_deliveries\"\nSET account_id = (\n  SELECT \"webhooks\".\"account_id\"\n  FROM \"webhooks\"\n  WHERE \"webhooks\".\"id\" =\n        \"webhook_deliveries\".\"webhook_id\"\n  LIMIT 1\n)\nWHERE account_id IS NULL\n")
   -> 0.0001s
-- quote_table_name(:search_queries)
   -> 0.0000s
-- quote_table_name(:users)
   -> 0.0000s
-- quote_column_name(:account_id)
   -> 0.0000s
-- quote_table_name(:users)
   -> 0.0000s
-- quote_table_name(:users)
   -> 0.0000s
-- quote_column_name(:id)
   -> 0.0000s
-- quote_table_name(:search_queries)
   -> 0.0000s
-- quote_column_name(:user_id)
   -> 0.0000s
-- execute("UPDATE \"search_queries\"\nSET account_id = (\n  SELECT \"users\".\"account_id\"\n  FROM \"users\"\n  WHERE \"users\".\"id\" =\n        \"search_queries\".\"user_id\"\n  LIMIT 1\n)\nWHERE account_id IS NULL\n")
   -> 0.0001s
-- quote_table_name(:action_text_rich_texts)
   -> 0.0000s
-- quote_table_name(:boards)
   -> 0.0000s
-- quote_column_name(:account_id)
   -> 0.0000s
-- quote_table_name(:boards)
   -> 0.0000s
-- quote_table_name(:boards)
   -> 0.0000s
-- quote_table_name(:action_text_rich_texts)
   -> 0.0000s
-- quote_column_name(:record_id)
   -> 0.0000s
-- quote_column_name(:record_type)
   -> 0.0000s
-- execute("UPDATE \"action_text_rich_texts\"\nSET account_id = (\n  SELECT \"boards\".\"account_id\"\n  FROM \"boards\"\n  WHERE \"boards\".id =\n        \"action_text_rich_texts\".\"record_id\"\n  LIMIT 1\n)\nWHERE account_id IS NULL\n  AND \"record_type\" = 'Board'\n")
   -> 0.0001s
-- quote_table_name(:action_text_rich_texts)
   -> 0.0000s
-- quote_table_name(:cards)
   -> 0.0000s
-- quote_column_name(:account_id)
   -> 0.0000s
-- quote_table_name(:cards)
   -> 0.0000s
-- quote_table_name(:cards)
   -> 0.0000s
-- quote_table_name(:action_text_rich_texts)
   -> 0.0000s
-- quote_column_name(:record_id)
   -> 0.0000s
-- quote_column_name(:record_type)
   -> 0.0000s
-- execute("UPDATE \"action_text_rich_texts\"\nSET account_id = (\n  SELECT \"cards\".\"account_id\"\n  FROM \"cards\"\n  WHERE \"cards\".id =\n        \"action_text_rich_texts\".\"record_id\"\n  LIMIT 1\n)\nWHERE account_id IS NULL\n  AND \"record_type\" = 'Card'\n")
   -> 0.0001s
-- quote_table_name(:action_text_rich_texts)
   -> 0.0000s
-- quote_table_name(:comments)
   -> 0.0000s
-- quote_column_name(:account_id)
   -> 0.0000s
-- quote_table_name(:comments)
   -> 0.0000s
-- quote_table_name(:comments)
   -> 0.0000s
-- quote_table_name(:action_text_rich_texts)
   -> 0.0000s
-- quote_column_name(:record_id)
   -> 0.0000s
-- quote_column_name(:record_type)
   -> 0.0000s
-- execute("UPDATE \"action_text_rich_texts\"\nSET account_id = (\n  SELECT \"comments\".\"account_id\"\n  FROM \"comments\"\n  WHERE \"comments\".id =\n        \"action_text_rich_texts\".\"record_id\"\n  LIMIT 1\n)\nWHERE account_id IS NULL\n  AND \"record_type\" = 'Comment'\n")
   -> 0.0001s
-- quote_table_name(:active_storage_attachments)
   -> 0.0000s
-- quote_table_name(:accounts)
   -> 0.0000s
-- quote_column_name(:id)
   -> 0.0000s
-- quote_table_name(:accounts)
   -> 0.0000s
-- quote_table_name(:accounts)
   -> 0.0000s
-- quote_table_name(:active_storage_attachments)
   -> 0.0000s
-- quote_column_name(:record_id)
   -> 0.0000s
-- quote_column_name(:record_type)
   -> 0.0000s
-- execute("UPDATE \"active_storage_attachments\"\nSET account_id = (\n  SELECT \"accounts\".\"id\"\n  FROM \"accounts\"\n  WHERE \"accounts\".id =\n        \"active_storage_attachments\".\"record_id\"\n  LIMIT 1\n)\nWHERE account_id IS NULL\n  AND \"record_type\" = 'Account'\n")
   -> 0.0001s
-- quote_table_name(:active_storage_attachments)
   -> 0.0000s
-- quote_table_name(:boards)
   -> 0.0000s
-- quote_column_name(:account_id)
   -> 0.0000s
-- quote_table_name(:boards)
   -> 0.0000s
-- quote_table_name(:boards)
   -> 0.0000s
-- quote_table_name(:active_storage_attachments)
   -> 0.0000s
-- quote_column_name(:record_id)
   -> 0.0000s
-- quote_column_name(:record_type)
   -> 0.0000s
-- execute("UPDATE \"active_storage_attachments\"\nSET account_id = (\n  SELECT \"boards\".\"account_id\"\n  FROM \"boards\"\n  WHERE \"boards\".id =\n        \"active_storage_attachments\".\"record_id\"\n  LIMIT 1\n)\nWHERE account_id IS NULL\n  AND \"record_type\" = 'Board'\n")
   -> 0.0001s
-- quote_table_name(:active_storage_attachments)
   -> 0.0000s
-- quote_table_name(:cards)
   -> 0.0000s
-- quote_column_name(:account_id)
   -> 0.0000s
-- quote_table_name(:cards)
   -> 0.0000s
-- quote_table_name(:cards)
   -> 0.0000s
-- quote_table_name(:active_storage_attachments)
   -> 0.0000s
-- quote_column_name(:record_id)
   -> 0.0000s
-- quote_column_name(:record_type)
   -> 0.0000s
-- execute("UPDATE \"active_storage_attachments\"\nSET account_id = (\n  SELECT \"cards\".\"account_id\"\n  FROM \"cards\"\n  WHERE \"cards\".id =\n        \"active_storage_attachments\".\"record_id\"\n  LIMIT 1\n)\nWHERE account_id IS NULL\n  AND \"record_type\" = 'Card'\n")
   -> 0.0001s
-- quote_table_name(:active_storage_attachments)
   -> 0.0000s
-- quote_table_name(:comments)
   -> 0.0000s
-- quote_column_name(:account_id)
   -> 0.0000s
-- quote_table_name(:comments)
   -> 0.0000s
-- quote_table_name(:comments)
   -> 0.0000s
-- quote_table_name(:active_storage_attachments)
   -> 0.0000s
-- quote_column_name(:record_id)
   -> 0.0000s
-- quote_column_name(:record_type)
   -> 0.0000s
-- execute("UPDATE \"active_storage_attachments\"\nSET account_id = (\n  SELECT \"comments\".\"account_id\"\n  FROM \"comments\"\n  WHERE \"comments\".id =\n        \"active_storage_attachments\".\"record_id\"\n  LIMIT 1\n)\nWHERE account_id IS NULL\n  AND \"record_type\" = 'Comment'\n")
   -> 0.0001s
-- quote_table_name(:active_storage_attachments)
   -> 0.0000s
-- quote_table_name(:users)
   -> 0.0000s
-- quote_column_name(:account_id)
   -> 0.0000s
-- quote_table_name(:users)
   -> 0.0000s
-- quote_table_name(:users)
   -> 0.0000s
-- quote_table_name(:active_storage_attachments)
   -> 0.0000s
-- quote_column_name(:record_id)
   -> 0.0000s
-- quote_column_name(:record_type)
   -> 0.0000s
-- execute("UPDATE \"active_storage_attachments\"\nSET account_id = (\n  SELECT \"users\".\"account_id\"\n  FROM \"users\"\n  WHERE \"users\".id =\n        \"active_storage_attachments\".\"record_id\"\n  LIMIT 1\n)\nWHERE account_id IS NULL\n  AND \"record_type\" = 'User'\n")
   -> 0.0001s
-- quote_table_name(:active_storage_attachments)
   -> 0.0000s
-- quote_table_name(:exports)
   -> 0.0000s
-- quote_column_name(:account_id)
   -> 0.0000s
-- quote_table_name(:exports)
   -> 0.0000s
-- quote_table_name(:exports)
   -> 0.0000s
-- quote_table_name(:active_storage_attachments)
   -> 0.0000s
-- quote_column_name(:record_id)
   -> 0.0000s
-- quote_column_name(:record_type)
   -> 0.0000s
-- execute("UPDATE \"active_storage_attachments\"\nSET account_id = (\n  SELECT \"exports\".\"account_id\"\n  FROM \"exports\"\n  WHERE \"exports\".id =\n        \"active_storage_attachments\".\"record_id\"\n  LIMIT 1\n)\nWHERE account_id IS NULL\n  AND \"record_type\" = 'Export'\n")
   -> 0.0001s
-- quote_table_name(:active_storage_attachments)
   -> 0.0000s
-- quote_table_name(:account_imports)
   -> 0.0000s
-- quote_column_name(:account_id)
   -> 0.0000s
-- quote_table_name(:account_imports)
   -> 0.0000s
-- quote_table_name(:account_imports)
   -> 0.0000s
-- quote_table_name(:active_storage_attachments)
   -> 0.0000s
-- quote_column_name(:record_id)
   -> 0.0000s
-- quote_column_name(:record_type)
   -> 0.0000s
-- execute("UPDATE \"active_storage_attachments\"\nSET account_id = (\n  SELECT \"account_imports\".\"account_id\"\n  FROM \"account_imports\"\n  WHERE \"account_imports\".id =\n        \"active_storage_attachments\".\"record_id\"\n  LIMIT 1\n)\nWHERE account_id IS NULL\n  AND \"record_type\" = 'Account::Import'\n")
   -> 0.0001s
-- quote_table_name(:active_storage_blobs)
   -> 0.0000s
-- quote_table_name(:active_storage_attachments)
   -> 0.0000s
-- quote_column_name(:account_id)
   -> 0.0000s
-- quote_table_name(:active_storage_attachments)
   -> 0.0000s
-- quote_table_name(:active_storage_attachments)
   -> 0.0000s
-- quote_column_name(:blob_id)
   -> 0.0000s
-- quote_table_name(:active_storage_blobs)
   -> 0.0000s
-- quote_column_name(:id)
   -> 0.0000s
-- execute("UPDATE \"active_storage_blobs\"\nSET account_id = (\n  SELECT \"active_storage_attachments\".\"account_id\"\n  FROM \"active_storage_attachments\"\n  WHERE \"active_storage_attachments\".\"blob_id\" =\n        \"active_storage_blobs\".\"id\"\n  LIMIT 1\n)\nWHERE account_id IS NULL\n")
   -> 0.0001s
-- quote_table_name(:active_storage_blobs)
   -> 0.0000s
-- quote_table_name(:storage_entries)
   -> 0.0000s
-- quote_column_name(:account_id)
   -> 0.0000s
-- quote_table_name(:storage_entries)
   -> 0.0000s
-- quote_table_name(:storage_entries)
   -> 0.0000s
-- quote_column_name(:blob_id)
   -> 0.0000s
-- quote_table_name(:active_storage_blobs)
   -> 0.0000s
-- quote_column_name(:id)
   -> 0.0000s
-- execute("UPDATE \"active_storage_blobs\"\nSET account_id = (\n  SELECT \"storage_entries\".\"account_id\"\n  FROM \"storage_entries\"\n  WHERE \"storage_entries\".\"blob_id\" =\n        \"active_storage_blobs\".\"id\"\n  LIMIT 1\n)\nWHERE account_id IS NULL\n")
   -> 0.0001s
-- quote_table_name(:active_storage_variant_records)
   -> 0.0000s
-- quote_table_name(:active_storage_blobs)
   -> 0.0000s
-- quote_column_name(:account_id)
   -> 0.0000s
-- quote_table_name(:active_storage_blobs)
   -> 0.0000s
-- quote_table_name(:active_storage_blobs)
   -> 0.0000s
-- quote_column_name(:id)
   -> 0.0000s
-- quote_table_name(:active_storage_variant_records)
   -> 0.0000s
-- quote_column_name(:blob_id)
   -> 0.0000s
-- execute("UPDATE \"active_storage_variant_records\"\nSET account_id = (\n  SELECT \"active_storage_blobs\".\"account_id\"\n  FROM \"active_storage_blobs\"\n  WHERE \"active_storage_blobs\".\"id\" =\n        \"active_storage_variant_records\".\"blob_id\"\n  LIMIT 1\n)\nWHERE account_id IS NULL\n")
   -> 0.0001s
-- quote_table_name(:storage_totals)
   -> 0.0000s
-- quote_table_name(:accounts)
   -> 0.0000s
-- quote_column_name(:id)
   -> 0.0000s
-- quote_table_name(:accounts)
   -> 0.0000s
-- quote_table_name(:accounts)
   -> 0.0000s
-- quote_table_name(:storage_totals)
   -> 0.0000s
-- quote_column_name(:owner_id)
   -> 0.0000s
-- quote_column_name(:owner_type)
   -> 0.0000s
-- execute("UPDATE \"storage_totals\"\nSET account_id = (\n  SELECT \"accounts\".\"id\"\n  FROM \"accounts\"\n  WHERE \"accounts\".id =\n        \"storage_totals\".\"owner_id\"\n  LIMIT 1\n)\nWHERE account_id IS NULL\n  AND \"owner_type\" = 'Account'\n")
   -> 0.0001s
-- quote_table_name(:storage_totals)
   -> 0.0000s
-- quote_table_name(:boards)
   -> 0.0000s
-- quote_column_name(:account_id)
   -> 0.0000s
-- quote_table_name(:boards)
   -> 0.0000s
-- quote_table_name(:boards)
   -> 0.0000s
-- quote_table_name(:storage_totals)
   -> 0.0000s
-- quote_column_name(:owner_id)
   -> 0.0000s
-- quote_column_name(:owner_type)
   -> 0.0000s
-- execute("UPDATE \"storage_totals\"\nSET account_id = (\n  SELECT \"boards\".\"account_id\"\n  FROM \"boards\"\n  WHERE \"boards\".id =\n        \"storage_totals\".\"owner_id\"\n  LIMIT 1\n)\nWHERE account_id IS NULL\n  AND \"owner_type\" = 'Board'\n")
   -> 0.0001s
-- quote_table_name(:storage_entries)
   -> 0.0000s
-- quote_table_name(:boards)
   -> 0.0000s
-- quote_column_name(:account_id)
   -> 0.0000s
-- quote_table_name(:boards)
   -> 0.0000s
-- quote_table_name(:boards)
   -> 0.0000s
-- quote_column_name(:id)
   -> 0.0000s
-- quote_table_name(:storage_entries)
   -> 0.0000s
-- quote_column_name(:board_id)
   -> 0.0000s
-- execute("UPDATE \"storage_entries\"\nSET account_id = (\n  SELECT \"boards\".\"account_id\"\n  FROM \"boards\"\n  WHERE \"boards\".\"id\" =\n        \"storage_entries\".\"board_id\"\n  LIMIT 1\n)\nWHERE account_id IS NULL\n")
   -> 0.0001s
-- quote_table_name(:storage_entries)
   -> 0.0000s
-- quote_table_name(:users)
   -> 0.0000s
-- quote_column_name(:account_id)
   -> 0.0000s
-- quote_table_name(:users)
   -> 0.0000s
-- quote_table_name(:users)
   -> 0.0000s
-- quote_column_name(:id)
   -> 0.0000s
-- quote_table_name(:storage_entries)
   -> 0.0000s
-- quote_column_name(:user_id)
   -> 0.0000s
-- execute("UPDATE \"storage_entries\"\nSET account_id = (\n  SELECT \"users\".\"account_id\"\n  FROM \"users\"\n  WHERE \"users\".\"id\" =\n        \"storage_entries\".\"user_id\"\n  LIMIT 1\n)\nWHERE account_id IS NULL\n")
   -> 0.0001s
-- quote_table_name(:storage_entries)
   -> 0.0000s
-- quote_table_name(:active_storage_blobs)
   -> 0.0000s
-- quote_column_name(:account_id)
   -> 0.0000s
-- quote_table_name(:active_storage_blobs)
   -> 0.0000s
-- quote_table_name(:active_storage_blobs)
   -> 0.0000s
-- quote_column_name(:id)
   -> 0.0000s
-- quote_table_name(:storage_entries)
   -> 0.0000s
-- quote_column_name(:blob_id)
   -> 0.0000s
-- execute("UPDATE \"storage_entries\"\nSET account_id = (\n  SELECT \"active_storage_blobs\".\"account_id\"\n  FROM \"active_storage_blobs\"\n  WHERE \"active_storage_blobs\".\"id\" =\n        \"storage_entries\".\"blob_id\"\n  LIMIT 1\n)\nWHERE account_id IS NULL\n")
   -> 0.0001s
-- index_exists?(:tags, :title)
   -> 0.0003s
-- remove_index(:tags, :title)
   -> 0.0004s
-- add_index(:tags, [:account_id, :title], {unique: true})
   -> 0.0003s
-- quote_table_name(:account_cancellations)
   -> 0.0000s
-- quote_table_name(:account_cancellations)
   -> 0.0000s
-- execute("DELETE FROM \"account_cancellations\"\nWHERE account_id IS NULL\n   OR NOT EXISTS (\n     SELECT 1 FROM accounts WHERE accounts.id = \"account_cancellations\".account_id\n   )\n")
   -> 0.0001s
-- change_column_null(:account_cancellations, :account_id, false)
   -> 0.0065s
-- index_exists?(:account_cancellations, :account_id)
   -> 0.0003s
-- quote_table_name(:account_imports)
   -> 0.0000s
-- quote_table_name(:account_imports)
   -> 0.0000s
-- execute("DELETE FROM \"account_imports\"\nWHERE account_id IS NULL\n   OR NOT EXISTS (\n     SELECT 1 FROM accounts WHERE accounts.id = \"account_imports\".account_id\n   )\n")
   -> 0.0002s
-- change_column_null(:account_imports, :account_id, false)
   -> 0.0089s
-- index_exists?(:account_imports, :account_id)
   -> 0.0003s
-- quote_table_name(:account_join_codes)
   -> 0.0000s
-- quote_table_name(:account_join_codes)
   -> 0.0000s
-- execute("DELETE FROM \"account_join_codes\"\nWHERE account_id IS NULL\n   OR NOT EXISTS (\n     SELECT 1 FROM accounts WHERE accounts.id = \"account_join_codes\".account_id\n   )\n")
   -> 0.0001s
-- change_column_null(:account_join_codes, :account_id, false)
   -> 0.0055s
-- index_exists?(:account_join_codes, :account_id)
   -> 0.0002s
-- add_index(:account_join_codes, :account_id)
   -> 0.0002s
-- quote_table_name(:accesses)
   -> 0.0000s
-- quote_table_name(:accesses)
   -> 0.0000s
-- execute("DELETE FROM \"accesses\"\nWHERE account_id IS NULL\n   OR NOT EXISTS (\n     SELECT 1 FROM accounts WHERE accounts.id = \"accesses\".account_id\n   )\n")
   -> 0.0001s
-- change_column_null(:accesses, :account_id, false)
   -> 0.0098s
-- index_exists?(:accesses, :account_id)
   -> 0.0005s
-- add_index(:accesses, :account_id)
   -> 0.0002s
-- quote_table_name(:action_text_rich_texts)
   -> 0.0000s
-- quote_table_name(:action_text_rich_texts)
   -> 0.0000s
-- execute("DELETE FROM \"action_text_rich_texts\"\nWHERE account_id IS NULL\n   OR NOT EXISTS (\n     SELECT 1 FROM accounts WHERE accounts.id = \"action_text_rich_texts\".account_id\n   )\n")
   -> 0.0001s
-- change_column_null(:action_text_rich_texts, :account_id, false)
   -> 0.0060s
-- index_exists?(:action_text_rich_texts, :account_id)
   -> 0.0002s
-- add_index(:action_text_rich_texts, :account_id)
   -> 0.0002s
-- quote_table_name(:active_storage_attachments)
   -> 0.0000s
-- quote_table_name(:active_storage_attachments)
   -> 0.0000s
-- execute("DELETE FROM \"active_storage_attachments\"\nWHERE account_id IS NULL\n   OR NOT EXISTS (\n     SELECT 1 FROM accounts WHERE accounts.id = \"active_storage_attachments\".account_id\n   )\n")
   -> 0.0002s
-- change_column_null(:active_storage_attachments, :account_id, false)
   -> 0.0064s
-- index_exists?(:active_storage_attachments, :account_id)
   -> 0.0002s
-- add_index(:active_storage_attachments, :account_id)
   -> 0.0002s
-- quote_table_name(:active_storage_blobs)
   -> 0.0000s
-- quote_table_name(:active_storage_blobs)
   -> 0.0000s
-- execute("DELETE FROM \"active_storage_blobs\"\nWHERE account_id IS NULL\n   OR NOT EXISTS (\n     SELECT 1 FROM accounts WHERE accounts.id = \"active_storage_blobs\".account_id\n   )\n")
   -> 0.0001s
-- change_column_null(:active_storage_blobs, :account_id, false)
   -> 0.0055s
-- index_exists?(:active_storage_blobs, :account_id)
   -> 0.0001s
-- add_index(:active_storage_blobs, :account_id)
   -> 0.0002s
-- quote_table_name(:active_storage_variant_records)
   -> 0.0000s
-- quote_table_name(:active_storage_variant_records)
   -> 0.0000s
-- execute("DELETE FROM \"active_storage_variant_records\"\nWHERE account_id IS NULL\n   OR NOT EXISTS (\n     SELECT 1 FROM accounts WHERE accounts.id = \"active_storage_variant_records\".account_id\n   )\n")
   -> 0.0001s
-- change_column_null(:active_storage_variant_records, :account_id, false)
   -> 0.0043s
-- index_exists?(:active_storage_variant_records, :account_id)
   -> 0.0002s
-- add_index(:active_storage_variant_records, :account_id)
   -> 0.0002s
-- quote_table_name(:assignees_filters)
   -> 0.0000s
-- quote_table_name(:assignees_filters)
   -> 0.0000s
-- execute("DELETE FROM \"assignees_filters\"\nWHERE account_id IS NULL\n   OR NOT EXISTS (\n     SELECT 1 FROM accounts WHERE accounts.id = \"assignees_filters\".account_id\n   )\n")
   -> 0.0001s
-- change_column_null(:assignees_filters, :account_id, false)
   -> 0.0054s
-- index_exists?(:assignees_filters, :account_id)
   -> 0.0003s
-- add_index(:assignees_filters, :account_id)
   -> 0.0002s
-- quote_table_name(:assigners_filters)
   -> 0.0000s
-- quote_table_name(:assigners_filters)
   -> 0.0000s
-- execute("DELETE FROM \"assigners_filters\"\nWHERE account_id IS NULL\n   OR NOT EXISTS (\n     SELECT 1 FROM accounts WHERE accounts.id = \"assigners_filters\".account_id\n   )\n")
   -> 0.0001s
-- change_column_null(:assigners_filters, :account_id, false)
   -> 0.0062s
-- index_exists?(:assigners_filters, :account_id)
   -> 0.0003s
-- add_index(:assigners_filters, :account_id)
   -> 0.0002s
-- quote_table_name(:assignments)
   -> 0.0000s
-- quote_table_name(:assignments)
   -> 0.0000s
-- execute("DELETE FROM \"assignments\"\nWHERE account_id IS NULL\n   OR NOT EXISTS (\n     SELECT 1 FROM accounts WHERE accounts.id = \"assignments\".account_id\n   )\n")
   -> 0.0001s
-- change_column_null(:assignments, :account_id, false)
   -> 0.0390s
-- index_exists?(:assignments, :account_id)
   -> 0.0002s
-- add_index(:assignments, :account_id)
   -> 0.0002s
-- quote_table_name(:board_publications)
   -> 0.0000s
-- quote_table_name(:board_publications)
   -> 0.0000s
-- execute("DELETE FROM \"board_publications\"\nWHERE account_id IS NULL\n   OR NOT EXISTS (\n     SELECT 1 FROM accounts WHERE accounts.id = \"board_publications\".account_id\n   )\n")
   -> 0.0001s
-- change_column_null(:board_publications, :account_id, false)
   -> 0.0063s
-- index_exists?(:board_publications, :account_id)
   -> 0.0002s
-- add_index(:board_publications, :account_id)
   -> 0.0002s
-- quote_table_name(:boards)
   -> 0.0000s
-- quote_table_name(:boards)
   -> 0.0000s
-- execute("DELETE FROM \"boards\"\nWHERE account_id IS NULL\n   OR NOT EXISTS (\n     SELECT 1 FROM accounts WHERE accounts.id = \"boards\".account_id\n   )\n")
   -> 0.0001s
-- change_column_null(:boards, :account_id, false)
   -> 0.0047s
-- index_exists?(:boards, :account_id)
   -> 0.0002s
-- add_index(:boards, :account_id)
   -> 0.0002s
-- quote_table_name(:boards_filters)
   -> 0.0000s
-- quote_table_name(:boards_filters)
   -> 0.0000s
-- execute("DELETE FROM \"boards_filters\"\nWHERE account_id IS NULL\n   OR NOT EXISTS (\n     SELECT 1 FROM accounts WHERE accounts.id = \"boards_filters\".account_id\n   )\n")
   -> 0.0001s
-- change_column_null(:boards_filters, :account_id, false)
   -> 0.0058s
-- index_exists?(:boards_filters, :account_id)
   -> 0.0003s
-- add_index(:boards_filters, :account_id)
   -> 0.0002s
-- quote_table_name(:card_activity_spikes)
   -> 0.0000s
-- quote_table_name(:card_activity_spikes)
   -> 0.0000s
-- execute("DELETE FROM \"card_activity_spikes\"\nWHERE account_id IS NULL\n   OR NOT EXISTS (\n     SELECT 1 FROM accounts WHERE accounts.id = \"card_activity_spikes\".account_id\n   )\n")
   -> 0.0001s
-- change_column_null(:card_activity_spikes, :account_id, false)
   -> 0.0046s
-- index_exists?(:card_activity_spikes, :account_id)
   -> 0.0007s
-- add_index(:card_activity_spikes, :account_id)
   -> 0.0002s
-- quote_table_name(:card_goldnesses)
   -> 0.0000s
-- quote_table_name(:card_goldnesses)
   -> 0.0000s
-- execute("DELETE FROM \"card_goldnesses\"\nWHERE account_id IS NULL\n   OR NOT EXISTS (\n     SELECT 1 FROM accounts WHERE accounts.id = \"card_goldnesses\".account_id\n   )\n")
   -> 0.0001s
-- change_column_null(:card_goldnesses, :account_id, false)
   -> 0.0046s
-- index_exists?(:card_goldnesses, :account_id)
   -> 0.0002s
-- add_index(:card_goldnesses, :account_id)
   -> 0.0002s
-- quote_table_name(:card_not_nows)
   -> 0.0000s
-- quote_table_name(:card_not_nows)
   -> 0.0000s
-- execute("DELETE FROM \"card_not_nows\"\nWHERE account_id IS NULL\n   OR NOT EXISTS (\n     SELECT 1 FROM accounts WHERE accounts.id = \"card_not_nows\".account_id\n   )\n")
   -> 0.0001s
-- change_column_null(:card_not_nows, :account_id, false)
   -> 0.0054s
-- index_exists?(:card_not_nows, :account_id)
   -> 0.0002s
-- add_index(:card_not_nows, :account_id)
   -> 0.0002s
-- quote_table_name(:cards)
   -> 0.0000s
-- quote_table_name(:cards)
   -> 0.0000s
-- execute("DELETE FROM \"cards\"\nWHERE account_id IS NULL\n   OR NOT EXISTS (\n     SELECT 1 FROM accounts WHERE accounts.id = \"cards\".account_id\n   )\n")
   -> 0.0001s
-- change_column_null(:cards, :account_id, false)
   -> 0.0127s
-- index_exists?(:cards, :account_id)
   -> 0.0007s
-- add_index(:cards, :account_id)
   -> 0.0003s
-- quote_table_name(:closers_filters)
   -> 0.0000s
-- quote_table_name(:closers_filters)
   -> 0.0000s
-- execute("DELETE FROM \"closers_filters\"\nWHERE account_id IS NULL\n   OR NOT EXISTS (\n     SELECT 1 FROM accounts WHERE accounts.id = \"closers_filters\".account_id\n   )\n")
   -> 0.0001s
-- change_column_null(:closers_filters, :account_id, false)
   -> 0.0061s
-- index_exists?(:closers_filters, :account_id)
   -> 0.0002s
-- add_index(:closers_filters, :account_id)
   -> 0.0002s
-- quote_table_name(:closures)
   -> 0.0000s
-- quote_table_name(:closures)
   -> 0.0000s
-- execute("DELETE FROM \"closures\"\nWHERE account_id IS NULL\n   OR NOT EXISTS (\n     SELECT 1 FROM accounts WHERE accounts.id = \"closures\".account_id\n   )\n")
   -> 0.0001s
-- change_column_null(:closures, :account_id, false)
   -> 0.0063s
-- index_exists?(:closures, :account_id)
   -> 0.0007s
-- add_index(:closures, :account_id)
   -> 0.0002s
-- quote_table_name(:columns)
   -> 0.0000s
-- quote_table_name(:columns)
   -> 0.0000s
-- execute("DELETE FROM \"columns\"\nWHERE account_id IS NULL\n   OR NOT EXISTS (\n     SELECT 1 FROM accounts WHERE accounts.id = \"columns\".account_id\n   )\n")
   -> 0.0001s
-- change_column_null(:columns, :account_id, false)
   -> 0.0080s
-- index_exists?(:columns, :account_id)
   -> 0.0002s
-- add_index(:columns, :account_id)
   -> 0.0002s
-- quote_table_name(:comments)
   -> 0.0000s
-- quote_table_name(:comments)
   -> 0.0000s
-- execute("DELETE FROM \"comments\"\nWHERE account_id IS NULL\n   OR NOT EXISTS (\n     SELECT 1 FROM accounts WHERE accounts.id = \"comments\".account_id\n   )\n")
   -> 0.0001s
-- change_column_null(:comments, :account_id, false)
   -> 0.0051s
-- index_exists?(:comments, :account_id)
   -> 0.0002s
-- add_index(:comments, :account_id)
   -> 0.0004s
-- quote_table_name(:creators_filters)
   -> 0.0000s
-- quote_table_name(:creators_filters)
   -> 0.0000s
-- execute("DELETE FROM \"creators_filters\"\nWHERE account_id IS NULL\n   OR NOT EXISTS (\n     SELECT 1 FROM accounts WHERE accounts.id = \"creators_filters\".account_id\n   )\n")
   -> 0.0001s
-- change_column_null(:creators_filters, :account_id, false)
   -> 0.0045s
-- index_exists?(:creators_filters, :account_id)
   -> 0.0002s
-- add_index(:creators_filters, :account_id)
   -> 0.0001s
-- quote_table_name(:entropies)
   -> 0.0000s
-- quote_table_name(:entropies)
   -> 0.0000s
-- execute("DELETE FROM \"entropies\"\nWHERE account_id IS NULL\n   OR NOT EXISTS (\n     SELECT 1 FROM accounts WHERE accounts.id = \"entropies\".account_id\n   )\n")
   -> 0.0001s
-- change_column_null(:entropies, :account_id, false)
   -> 0.0050s
-- index_exists?(:entropies, :account_id)
   -> 0.0002s
-- add_index(:entropies, :account_id)
   -> 0.0002s
-- quote_table_name(:events)
   -> 0.0000s
-- quote_table_name(:events)
   -> 0.0000s
-- execute("DELETE FROM \"events\"\nWHERE account_id IS NULL\n   OR NOT EXISTS (\n     SELECT 1 FROM accounts WHERE accounts.id = \"events\".account_id\n   )\n")
   -> 0.0001s
-- change_column_null(:events, :account_id, false)
   -> 0.0087s
-- index_exists?(:events, :account_id)
   -> 0.0004s
-- add_index(:events, :account_id)
   -> 0.0001s
-- quote_table_name(:exports)
   -> 0.0000s
-- quote_table_name(:exports)
   -> 0.0000s
-- execute("DELETE FROM \"exports\"\nWHERE account_id IS NULL\n   OR NOT EXISTS (\n     SELECT 1 FROM accounts WHERE accounts.id = \"exports\".account_id\n   )\n")
   -> 0.0002s
-- change_column_null(:exports, :account_id, false)
   -> 0.0060s
-- index_exists?(:exports, :account_id)
   -> 0.0003s
-- quote_table_name(:filters)
   -> 0.0000s
-- quote_table_name(:filters)
   -> 0.0000s
-- execute("DELETE FROM \"filters\"\nWHERE account_id IS NULL\n   OR NOT EXISTS (\n     SELECT 1 FROM accounts WHERE accounts.id = \"filters\".account_id\n   )\n")
   -> 0.0001s
-- change_column_null(:filters, :account_id, false)
   -> 0.0040s
-- index_exists?(:filters, :account_id)
   -> 0.0001s
-- add_index(:filters, :account_id)
   -> 0.0001s
-- quote_table_name(:filters_tags)
   -> 0.0000s
-- quote_table_name(:filters_tags)
   -> 0.0000s
-- execute("DELETE FROM \"filters_tags\"\nWHERE account_id IS NULL\n   OR NOT EXISTS (\n     SELECT 1 FROM accounts WHERE accounts.id = \"filters_tags\".account_id\n   )\n")
   -> 0.0001s
-- change_column_null(:filters_tags, :account_id, false)
   -> 0.0240s
-- index_exists?(:filters_tags, :account_id)
   -> 0.0002s
-- add_index(:filters_tags, :account_id)
   -> 0.0002s
-- quote_table_name(:mentions)
   -> 0.0000s
-- quote_table_name(:mentions)
   -> 0.0000s
-- execute("DELETE FROM \"mentions\"\nWHERE account_id IS NULL\n   OR NOT EXISTS (\n     SELECT 1 FROM accounts WHERE accounts.id = \"mentions\".account_id\n   )\n")
   -> 0.0001s
-- change_column_null(:mentions, :account_id, false)
   -> 0.0086s
-- index_exists?(:mentions, :account_id)
   -> 0.0004s
-- add_index(:mentions, :account_id)
   -> 0.0002s
-- quote_table_name(:notification_bundles)
   -> 0.0000s
-- quote_table_name(:notification_bundles)
   -> 0.0000s
-- execute("DELETE FROM \"notification_bundles\"\nWHERE account_id IS NULL\n   OR NOT EXISTS (\n     SELECT 1 FROM accounts WHERE accounts.id = \"notification_bundles\".account_id\n   )\n")
   -> 0.0001s
-- change_column_null(:notification_bundles, :account_id, false)
   -> 0.0099s
-- index_exists?(:notification_bundles, :account_id)
   -> 0.0005s
-- add_index(:notification_bundles, :account_id)
   -> 0.0002s
-- quote_table_name(:notifications)
   -> 0.0000s
-- quote_table_name(:notifications)
   -> 0.0000s
-- execute("DELETE FROM \"notifications\"\nWHERE account_id IS NULL\n   OR NOT EXISTS (\n     SELECT 1 FROM accounts WHERE accounts.id = \"notifications\".account_id\n   )\n")
   -> 0.0001s
-- change_column_null(:notifications, :account_id, false)
   -> 0.0155s
-- index_exists?(:notifications, :account_id)
   -> 0.0007s
-- add_index(:notifications, :account_id)
   -> 0.0002s
-- quote_table_name(:pins)
   -> 0.0000s
-- quote_table_name(:pins)
   -> 0.0000s
-- execute("DELETE FROM \"pins\"\nWHERE account_id IS NULL\n   OR NOT EXISTS (\n     SELECT 1 FROM accounts WHERE accounts.id = \"pins\".account_id\n   )\n")
   -> 0.0001s
-- change_column_null(:pins, :account_id, false)
   -> 0.0092s
-- index_exists?(:pins, :account_id)
   -> 0.0005s
-- add_index(:pins, :account_id)
   -> 0.0002s
-- quote_table_name(:push_subscriptions)
   -> 0.0000s
-- quote_table_name(:push_subscriptions)
   -> 0.0000s
-- execute("DELETE FROM \"push_subscriptions\"\nWHERE account_id IS NULL\n   OR NOT EXISTS (\n     SELECT 1 FROM accounts WHERE accounts.id = \"push_subscriptions\".account_id\n   )\n")
   -> 0.0002s
-- change_column_null(:push_subscriptions, :account_id, false)
   -> 0.0068s
-- index_exists?(:push_subscriptions, :account_id)
   -> 0.0002s
-- add_index(:push_subscriptions, :account_id)
   -> 0.0002s
-- quote_table_name(:reactions)
   -> 0.0000s
-- quote_table_name(:reactions)
   -> 0.0000s
-- execute("DELETE FROM \"reactions\"\nWHERE account_id IS NULL\n   OR NOT EXISTS (\n     SELECT 1 FROM accounts WHERE accounts.id = \"reactions\".account_id\n   )\n")
   -> 0.0001s
-- change_column_null(:reactions, :account_id, false)
   -> 0.0081s
-- index_exists?(:reactions, :account_id)
   -> 0.0003s
-- add_index(:reactions, :account_id)
   -> 0.0002s
-- quote_table_name(:search_queries)
   -> 0.0000s
-- quote_table_name(:search_queries)
   -> 0.0000s
-- execute("DELETE FROM \"search_queries\"\nWHERE account_id IS NULL\n   OR NOT EXISTS (\n     SELECT 1 FROM accounts WHERE accounts.id = \"search_queries\".account_id\n   )\n")
   -> 0.0001s
-- change_column_null(:search_queries, :account_id, false)
   -> 0.0087s
-- index_exists?(:search_queries, :account_id)
   -> 0.0005s
-- add_index(:search_queries, :account_id)
   -> 0.0002s
-- quote_table_name(:steps)
   -> 0.0000s
-- quote_table_name(:steps)
   -> 0.0000s
-- execute("DELETE FROM \"steps\"\nWHERE account_id IS NULL\n   OR NOT EXISTS (\n     SELECT 1 FROM accounts WHERE accounts.id = \"steps\".account_id\n   )\n")
   -> 0.0001s
-- change_column_null(:steps, :account_id, false)
   -> 0.0077s
-- index_exists?(:steps, :account_id)
   -> 0.0003s
-- add_index(:steps, :account_id)
   -> 0.0002s
-- quote_table_name(:storage_entries)
   -> 0.0000s
-- quote_table_name(:storage_entries)
   -> 0.0000s
-- execute("DELETE FROM \"storage_entries\"\nWHERE account_id IS NULL\n   OR NOT EXISTS (\n     SELECT 1 FROM accounts WHERE accounts.id = \"storage_entries\".account_id\n   )\n")
   -> 0.0004s
-- change_column_null(:storage_entries, :account_id, false)
   -> 0.0167s
-- index_exists?(:storage_entries, :account_id)
   -> 0.0008s
-- quote_table_name(:storage_totals)
   -> 0.0000s
-- quote_table_name(:storage_totals)
   -> 0.0000s
-- execute("DELETE FROM \"storage_totals\"\nWHERE account_id IS NULL\n   OR NOT EXISTS (\n     SELECT 1 FROM accounts WHERE accounts.id = \"storage_totals\".account_id\n   )\n")
   -> 0.0001s
-- change_column_null(:storage_totals, :account_id, false)
   -> 0.0056s
-- index_exists?(:storage_totals, :account_id)
   -> 0.0001s
-- add_index(:storage_totals, :account_id)
   -> 0.0002s
-- quote_table_name(:taggings)
   -> 0.0000s
-- quote_table_name(:taggings)
   -> 0.0000s
-- execute("DELETE FROM \"taggings\"\nWHERE account_id IS NULL\n   OR NOT EXISTS (\n     SELECT 1 FROM accounts WHERE accounts.id = \"taggings\".account_id\n   )\n")
   -> 0.0001s
-- change_column_null(:taggings, :account_id, false)
   -> 0.0049s
-- index_exists?(:taggings, :account_id)
   -> 0.0002s
-- add_index(:taggings, :account_id)
   -> 0.0002s
-- quote_table_name(:tags)
   -> 0.0000s
-- quote_table_name(:tags)
   -> 0.0000s
-- execute("DELETE FROM \"tags\"\nWHERE account_id IS NULL\n   OR NOT EXISTS (\n     SELECT 1 FROM accounts WHERE accounts.id = \"tags\".account_id\n   )\n")
   -> 0.0001s
-- change_column_null(:tags, :account_id, false)
   -> 0.0037s
-- index_exists?(:tags, :account_id)
   -> 0.0001s
-- add_index(:tags, :account_id)
   -> 0.0002s
-- quote_table_name(:user_settings)
   -> 0.0000s
-- quote_table_name(:user_settings)
   -> 0.0000s
-- execute("DELETE FROM \"user_settings\"\nWHERE account_id IS NULL\n   OR NOT EXISTS (\n     SELECT 1 FROM accounts WHERE accounts.id = \"user_settings\".account_id\n   )\n")
   -> 0.0001s
-- change_column_null(:user_settings, :account_id, false)
   -> 0.0052s
-- index_exists?(:user_settings, :account_id)
   -> 0.0002s
-- add_index(:user_settings, :account_id)
   -> 0.0002s
-- quote_table_name(:users)
   -> 0.0000s
-- quote_table_name(:users)
   -> 0.0000s
-- execute("DELETE FROM \"users\"\nWHERE account_id IS NULL\n   OR NOT EXISTS (\n     SELECT 1 FROM accounts WHERE accounts.id = \"users\".account_id\n   )\n")
   -> 0.0001s
-- change_column_null(:users, :account_id, false)
   -> 0.0231s
-- index_exists?(:users, :account_id)
   -> 0.0004s
-- add_index(:users, :account_id)
   -> 0.0003s
-- quote_table_name(:watches)
   -> 0.0000s
-- quote_table_name(:watches)
   -> 0.0000s
-- execute("DELETE FROM \"watches\"\nWHERE account_id IS NULL\n   OR NOT EXISTS (\n     SELECT 1 FROM accounts WHERE accounts.id = \"watches\".account_id\n   )\n")
   -> 0.0001s
-- change_column_null(:watches, :account_id, false)
   -> 0.0089s
-- index_exists?(:watches, :account_id)
   -> 0.0003s
-- add_index(:watches, :account_id)
   -> 0.0002s
-- quote_table_name(:webhook_delinquency_trackers)
   -> 0.0000s
-- quote_table_name(:webhook_delinquency_trackers)
   -> 0.0000s
-- execute("DELETE FROM \"webhook_delinquency_trackers\"\nWHERE account_id IS NULL\n   OR NOT EXISTS (\n     SELECT 1 FROM accounts WHERE accounts.id = \"webhook_delinquency_trackers\".account_id\n   )\n")
   -> 0.0001s
-- change_column_null(:webhook_delinquency_trackers, :account_id, false)
   -> 0.0052s
-- index_exists?(:webhook_delinquency_trackers, :account_id)
   -> 0.0002s
-- add_index(:webhook_delinquency_trackers, :account_id)
   -> 0.0002s
-- quote_table_name(:webhook_deliveries)
   -> 0.0000s
-- quote_table_name(:webhook_deliveries)
   -> 0.0000s
-- execute("DELETE FROM \"webhook_deliveries\"\nWHERE account_id IS NULL\n   OR NOT EXISTS (\n     SELECT 1 FROM accounts WHERE accounts.id = \"webhook_deliveries\".account_id\n   )\n")
   -> 0.0001s
-- change_column_null(:webhook_deliveries, :account_id, false)
   -> 0.0085s
-- index_exists?(:webhook_deliveries, :account_id)
   -> 0.0005s
-- add_index(:webhook_deliveries, :account_id)
   -> 0.0002s
-- quote_table_name(:webhooks)
   -> 0.0000s
-- quote_table_name(:webhooks)
   -> 0.0000s
-- execute("DELETE FROM \"webhooks\"\nWHERE account_id IS NULL\n   OR NOT EXISTS (\n     SELECT 1 FROM accounts WHERE accounts.id = \"webhooks\".account_id\n   )\n")
   -> 0.0001s
-- change_column_null(:webhooks, :account_id, false)
   -> 0.0073s
-- index_exists?(:webhooks, :account_id)
   -> 0.0002s
-- add_index(:webhooks, :account_id)
   -> 0.0002s
== 20260709130000 AddAccountIdToAccountOwnedTables: migrated (0.4782s) ========

== 20260709130000 AddAccountIdToAccountOwnedTables: reverting =================
-- index_exists?(:tags, [:account_id, :title])
   -> 0.0005s
-- remove_index(:tags, [:account_id, :title])
   -> 0.0008s
-- index_exists?(:tags, :title)
   -> 0.0002s
-- add_index(:tags, :title, {unique: true})
   -> 0.0003s
-- index_exists?(:webhooks, :account_id)
   -> 0.0003s
-- remove_index(:webhooks, :account_id)
   -> 0.0004s
-- change_column_null(:webhooks, :account_id, true)
   -> 0.0055s
-- index_exists?(:webhook_deliveries, :account_id)
   -> 0.0004s
-- remove_index(:webhook_deliveries, :account_id)
   -> 0.0004s
-- remove_column(:webhook_deliveries, :account_id)
   -> 0.0076s
-- index_exists?(:webhook_delinquency_trackers, :account_id)
   -> 0.0003s
-- remove_index(:webhook_delinquency_trackers, :account_id)
   -> 0.0004s
-- remove_column(:webhook_delinquency_trackers, :account_id)
   -> 0.0056s
-- index_exists?(:watches, :account_id)
   -> 0.0005s
-- remove_index(:watches, :account_id)
   -> 0.0006s
-- remove_column(:watches, :account_id)
   -> 0.0083s
-- index_exists?(:users, :account_id)
   -> 0.0005s
-- remove_index(:users, :account_id)
   -> 0.0007s
-- change_column_null(:users, :account_id, true)
   -> 0.0091s
-- index_exists?(:user_settings, :account_id)
   -> 0.0004s
-- remove_index(:user_settings, :account_id)
   -> 0.0005s
-- remove_column(:user_settings, :account_id)
   -> 0.0072s
-- index_exists?(:tags, :account_id)
   -> 0.0003s
-- remove_index(:tags, :account_id)
   -> 0.0005s
-- change_column_null(:tags, :account_id, true)
   -> 0.0048s
-- index_exists?(:taggings, :account_id)
   -> 0.0003s
-- remove_index(:taggings, :account_id)
   -> 0.0004s
-- remove_column(:taggings, :account_id)
   -> 0.0055s
-- index_exists?(:storage_totals, :account_id)
   -> 0.0003s
-- remove_index(:storage_totals, :account_id)
   -> 0.0003s
-- remove_column(:storage_totals, :account_id)
   -> 0.0050s
-- index_exists?(:storage_entries, :account_id)
   -> 0.0005s
-- remove_index(:storage_entries, :account_id)
   -> 0.0006s
-- change_column_null(:storage_entries, :account_id, true)
   -> 0.0129s
-- index_exists?(:steps, :account_id)
   -> 0.0004s
-- remove_index(:steps, :account_id)
   -> 0.0004s
-- change_column_null(:steps, :account_id, true)
   -> 0.0056s
-- index_exists?(:search_queries, :account_id)
   -> 0.0004s
-- remove_index(:search_queries, :account_id)
   -> 0.0005s
-- remove_column(:search_queries, :account_id)
   -> 0.0069s
-- index_exists?(:reactions, :account_id)
   -> 0.0004s
-- remove_index(:reactions, :account_id)
   -> 0.0005s
-- remove_column(:reactions, :account_id)
   -> 0.0064s
-- index_exists?(:push_subscriptions, :account_id)
   -> 0.0003s
-- remove_index(:push_subscriptions, :account_id)
   -> 0.0004s
-- change_column_null(:push_subscriptions, :account_id, true)
   -> 0.0061s
-- index_exists?(:pins, :account_id)
   -> 0.0005s
-- remove_index(:pins, :account_id)
   -> 0.0007s
-- remove_column(:pins, :account_id)
   -> 0.0092s
-- index_exists?(:notifications, :account_id)
   -> 0.0009s
-- remove_index(:notifications, :account_id)
   -> 0.0015s
-- change_column_null(:notifications, :account_id, true)
   -> 0.0177s
-- index_exists?(:notification_bundles, :account_id)
   -> 0.0007s
-- remove_index(:notification_bundles, :account_id)
   -> 0.0010s
-- change_column_null(:notification_bundles, :account_id, true)
   -> 0.0100s
-- index_exists?(:mentions, :account_id)
   -> 0.0005s
-- remove_index(:mentions, :account_id)
   -> 0.0006s
-- remove_column(:mentions, :account_id)
   -> 0.0071s
-- index_exists?(:filters_tags, :account_id)
   -> 0.0004s
-- remove_index(:filters_tags, :account_id)
   -> 0.0004s
-- remove_column(:filters_tags, :account_id)
   -> 0.0351s
-- index_exists?(:filters, :account_id)
   -> 0.0003s
-- remove_index(:filters, :account_id)
   -> 0.0004s
-- change_column_null(:filters, :account_id, true)
   -> 0.0066s
-- index_exists?(:exports, :account_id)
   -> 0.0014s
-- remove_index(:exports, :account_id)
   -> 0.0007s
-- change_column_null(:exports, :account_id, true)
   -> 0.0072s
-- index_exists?(:events, :account_id)
   -> 0.0005s
-- remove_index(:events, :account_id)
   -> 0.0007s
-- change_column_null(:events, :account_id, true)
   -> 0.0143s
-- index_exists?(:entropies, :account_id)
   -> 0.0004s
-- remove_index(:entropies, :account_id)
   -> 0.0012s
-- remove_column(:entropies, :account_id)
   -> 0.0087s
-- index_exists?(:creators_filters, :account_id)
   -> 0.0004s
-- remove_index(:creators_filters, :account_id)
   -> 0.0005s
-- remove_column(:creators_filters, :account_id)
   -> 0.0054s
-- index_exists?(:comments, :account_id)
   -> 0.0002s
-- remove_index(:comments, :account_id)
   -> 0.0003s
-- change_column_null(:comments, :account_id, true)
   -> 0.0045s
-- index_exists?(:columns, :account_id)
   -> 0.0003s
-- remove_index(:columns, :account_id)
   -> 0.0005s
-- change_column_null(:columns, :account_id, true)
   -> 0.0072s
-- index_exists?(:closures, :account_id)
   -> 0.0004s
-- remove_index(:closures, :account_id)
   -> 0.0005s
-- remove_column(:closures, :account_id)
   -> 0.0062s
-- index_exists?(:closers_filters, :account_id)
   -> 0.0006s
-- remove_index(:closers_filters, :account_id)
   -> 0.0004s
-- remove_column(:closers_filters, :account_id)
   -> 0.0042s
-- index_exists?(:cards, :account_id)
   -> 0.0008s
-- remove_index(:cards, :account_id)
   -> 0.0006s
-- change_column_null(:cards, :account_id, true)
   -> 0.0119s
-- index_exists?(:card_not_nows, :account_id)
   -> 0.0005s
-- remove_index(:card_not_nows, :account_id)
   -> 0.0005s
-- remove_column(:card_not_nows, :account_id)
   -> 0.0052s
-- index_exists?(:card_goldnesses, :account_id)
   -> 0.0002s
-- remove_index(:card_goldnesses, :account_id)
   -> 0.0003s
-- remove_column(:card_goldnesses, :account_id)
   -> 0.0038s
-- index_exists?(:card_activity_spikes, :account_id)
   -> 0.0002s
-- remove_index(:card_activity_spikes, :account_id)
   -> 0.0003s
-- remove_column(:card_activity_spikes, :account_id)
   -> 0.0037s
-- index_exists?(:boards_filters, :account_id)
   -> 0.0003s
-- remove_index(:boards_filters, :account_id)
   -> 0.0006s
-- remove_column(:boards_filters, :account_id)
   -> 0.0045s
-- index_exists?(:boards, :account_id)
   -> 0.0003s
-- remove_index(:boards, :account_id)
   -> 0.0003s
-- change_column_null(:boards, :account_id, true)
   -> 0.0044s
-- index_exists?(:board_publications, :account_id)
   -> 0.0003s
-- remove_index(:board_publications, :account_id)
   -> 0.0004s
-- remove_column(:board_publications, :account_id)
   -> 0.0058s
-- index_exists?(:assignments, :account_id)
   -> 0.0004s
-- remove_index(:assignments, :account_id)
   -> 0.0005s
-- remove_column(:assignments, :account_id)
   -> 0.0084s
-- index_exists?(:assigners_filters, :account_id)
   -> 0.0005s
-- remove_index(:assigners_filters, :account_id)
   -> 0.0005s
-- remove_column(:assigners_filters, :account_id)
   -> 0.0060s
-- index_exists?(:assignees_filters, :account_id)
   -> 0.0005s
-- remove_index(:assignees_filters, :account_id)
   -> 0.0004s
-- remove_column(:assignees_filters, :account_id)
   -> 0.0054s
-- index_exists?(:active_storage_variant_records, :account_id)
   -> 0.0002s
-- remove_index(:active_storage_variant_records, :account_id)
   -> 0.0005s
-- remove_column(:active_storage_variant_records, :account_id)
   -> 0.0045s
-- index_exists?(:active_storage_blobs, :account_id)
   -> 0.0002s
-- remove_index(:active_storage_blobs, :account_id)
   -> 0.0003s
-- remove_column(:active_storage_blobs, :account_id)
   -> 0.0047s
-- index_exists?(:active_storage_attachments, :account_id)
   -> 0.0003s
-- remove_index(:active_storage_attachments, :account_id)
   -> 0.0004s
-- remove_column(:active_storage_attachments, :account_id)
   -> 0.0062s
-- index_exists?(:action_text_rich_texts, :account_id)
   -> 0.0003s
-- remove_index(:action_text_rich_texts, :account_id)
   -> 0.0005s
-- remove_column(:action_text_rich_texts, :account_id)
   -> 0.0063s
-- index_exists?(:accesses, :account_id)
   -> 0.0007s
-- remove_index(:accesses, :account_id)
   -> 0.0008s
-- remove_column(:accesses, :account_id)
   -> 0.0105s
-- index_exists?(:account_join_codes, :account_id)
   -> 0.0003s
-- remove_index(:account_join_codes, :account_id)
   -> 0.0005s
-- change_column_null(:account_join_codes, :account_id, true)
   -> 0.0062s
-- index_exists?(:account_imports, :account_id)
   -> 0.0004s
-- remove_index(:account_imports, :account_id)
   -> 0.0004s
-- change_column_null(:account_imports, :account_id, true)
   -> 0.0315s
-- index_exists?(:account_cancellations, :account_id)
   -> 0.0002s
-- remove_index(:account_cancellations, :account_id)
   -> 0.0003s
-- change_column_null(:account_cancellations, :account_id, true)
   -> 0.0039s
== 20260709130000 AddAccountIdToAccountOwnedTables: reverted (0.4207s) ========

== 20260709130000 AddAccountIdToAccountOwnedTables: migrating =================
-- column_exists?(:account_cancellations, :account_id)
   -> 0.0019s
-- column_exists?(:account_imports, :account_id)
   -> 0.0011s
-- column_exists?(:account_join_codes, :account_id)
   -> 0.0023s
-- column_exists?(:accesses, :account_id)
   -> 0.0004s
-- add_column(:accesses, :account_id, :uuid)
   -> 0.0018s
-- column_exists?(:action_text_rich_texts, :account_id)
   -> 0.0017s
-- add_column(:action_text_rich_texts, :account_id, :uuid)
   -> 0.0015s
-- column_exists?(:active_storage_attachments, :account_id)
   -> 0.0003s
-- add_column(:active_storage_attachments, :account_id, :uuid)
   -> 0.0013s
-- column_exists?(:active_storage_blobs, :account_id)
   -> 0.0010s
-- add_column(:active_storage_blobs, :account_id, :uuid)
   -> 0.0007s
-- column_exists?(:active_storage_variant_records, :account_id)
   -> 0.0002s
-- add_column(:active_storage_variant_records, :account_id, :uuid)
   -> 0.0007s
-- column_exists?(:assignees_filters, :account_id)
   -> 0.0008s
-- add_column(:assignees_filters, :account_id, :uuid)
   -> 0.0006s
-- column_exists?(:assigners_filters, :account_id)
   -> 0.0008s
-- add_column(:assigners_filters, :account_id, :uuid)
   -> 0.0020s
-- column_exists?(:assignments, :account_id)
   -> 0.0008s
-- add_column(:assignments, :account_id, :uuid)
   -> 0.0008s
-- column_exists?(:board_publications, :account_id)
   -> 0.0019s
-- add_column(:board_publications, :account_id, :uuid)
   -> 0.0008s
-- column_exists?(:boards, :account_id)
   -> 0.0022s
-- column_exists?(:boards_filters, :account_id)
   -> 0.0011s
-- add_column(:boards_filters, :account_id, :uuid)
   -> 0.0008s
-- column_exists?(:card_activity_spikes, :account_id)
   -> 0.0009s
-- add_column(:card_activity_spikes, :account_id, :uuid)
   -> 0.0014s
-- column_exists?(:card_goldnesses, :account_id)
   -> 0.0012s
-- add_column(:card_goldnesses, :account_id, :uuid)
   -> 0.0008s
-- column_exists?(:card_not_nows, :account_id)
   -> 0.0009s
-- add_column(:card_not_nows, :account_id, :uuid)
   -> 0.0006s
-- column_exists?(:cards, :account_id)
   -> 0.0012s
-- column_exists?(:closers_filters, :account_id)
   -> 0.0005s
-- add_column(:closers_filters, :account_id, :uuid)
   -> 0.0006s
-- column_exists?(:closures, :account_id)
   -> 0.0018s
-- add_column(:closures, :account_id, :uuid)
   -> 0.0008s
-- column_exists?(:columns, :account_id)
   -> 0.0010s
-- column_exists?(:comments, :account_id)
   -> 0.0019s
-- column_exists?(:creators_filters, :account_id)
   -> 0.0012s
-- add_column(:creators_filters, :account_id, :uuid)
   -> 0.0009s
-- column_exists?(:entropies, :account_id)
   -> 0.0022s
-- add_column(:entropies, :account_id, :uuid)
   -> 0.0018s
-- column_exists?(:events, :account_id)
   -> 0.0022s
-- column_exists?(:exports, :account_id)
   -> 0.0020s
-- column_exists?(:filters, :account_id)
   -> 0.0010s
-- column_exists?(:filters_tags, :account_id)
   -> 0.0008s
-- add_column(:filters_tags, :account_id, :uuid)
   -> 0.0007s
-- column_exists?(:mentions, :account_id)
   -> 0.0018s
-- add_column(:mentions, :account_id, :uuid)
   -> 0.0020s
-- column_exists?(:notification_bundles, :account_id)
   -> 0.0003s
-- column_exists?(:notifications, :account_id)
   -> 0.0006s
-- column_exists?(:pins, :account_id)
   -> 0.0008s
-- add_column(:pins, :account_id, :uuid)
   -> 0.0007s
-- column_exists?(:push_subscriptions, :account_id)
   -> 0.0009s
-- column_exists?(:reactions, :account_id)
   -> 0.0006s
-- add_column(:reactions, :account_id, :uuid)
   -> 0.0011s
-- column_exists?(:search_queries, :account_id)
   -> 0.0008s
-- add_column(:search_queries, :account_id, :uuid)
   -> 0.0007s
-- column_exists?(:steps, :account_id)
   -> 0.0011s
-- column_exists?(:storage_entries, :account_id)
   -> 0.0007s
-- column_exists?(:storage_totals, :account_id)
   -> 0.0007s
-- add_column(:storage_totals, :account_id, :uuid)
   -> 0.0010s
-- column_exists?(:taggings, :account_id)
   -> 0.0011s
-- add_column(:taggings, :account_id, :uuid)
   -> 0.0006s
-- column_exists?(:tags, :account_id)
   -> 0.0011s
-- column_exists?(:user_settings, :account_id)
   -> 0.0005s
-- add_column(:user_settings, :account_id, :uuid)
   -> 0.0006s
-- column_exists?(:users, :account_id)
   -> 0.0005s
-- column_exists?(:watches, :account_id)
   -> 0.0007s
-- add_column(:watches, :account_id, :uuid)
   -> 0.0015s
-- column_exists?(:webhook_delinquency_trackers, :account_id)
   -> 0.0003s
-- add_column(:webhook_delinquency_trackers, :account_id, :uuid)
   -> 0.0013s
-- column_exists?(:webhook_deliveries, :account_id)
   -> 0.0016s
-- add_column(:webhook_deliveries, :account_id, :uuid)
   -> 0.0013s
-- column_exists?(:webhooks, :account_id)
   -> 0.0010s
-- quote_table_name(:users)
   -> 0.0000s
-- quote_table_name(:users)
   -> 0.0000s
-- execute("DELETE FROM \"users\"\nWHERE account_id IS NULL\n   OR NOT EXISTS (\n     SELECT 1 FROM accounts WHERE accounts.id = \"users\".account_id\n   )\n")
   -> 0.0001s
-- quote_table_name(:account_cancellations)
   -> 0.0000s
-- quote_table_name(:users)
   -> 0.0000s
-- quote_column_name(:account_id)
   -> 0.0000s
-- quote_table_name(:users)
   -> 0.0000s
-- quote_table_name(:users)
   -> 0.0000s
-- quote_column_name(:id)
   -> 0.0000s
-- quote_table_name(:account_cancellations)
   -> 0.0000s
-- quote_column_name(:initiated_by_id)
   -> 0.0000s
-- execute("UPDATE \"account_cancellations\"\nSET account_id = (\n  SELECT \"users\".\"account_id\"\n  FROM \"users\"\n  WHERE \"users\".\"id\" =\n        \"account_cancellations\".\"initiated_by_id\"\n  LIMIT 1\n)\nWHERE account_id IS NULL\n")
   -> 0.0001s
-- quote_table_name(:account_imports)
   -> 0.0000s
-- quote_table_name(:account_imports)
   -> 0.0000s
-- execute("DELETE FROM \"account_imports\"\nWHERE account_id IS NULL\n   OR NOT EXISTS (\n     SELECT 1 FROM accounts WHERE accounts.id = \"account_imports\".account_id\n   )\n")
   -> 0.0001s
-- quote_table_name(:account_join_codes)
   -> 0.0000s
-- quote_table_name(:account_join_codes)
   -> 0.0000s
-- execute("DELETE FROM \"account_join_codes\"\nWHERE account_id IS NULL\n   OR NOT EXISTS (\n     SELECT 1 FROM accounts WHERE accounts.id = \"account_join_codes\".account_id\n   )\n")
   -> 0.0001s
-- quote_table_name(:tags)
   -> 0.0000s
-- quote_table_name(:tags)
   -> 0.0000s
-- execute("DELETE FROM \"tags\"\nWHERE account_id IS NULL\n   OR NOT EXISTS (\n     SELECT 1 FROM accounts WHERE accounts.id = \"tags\".account_id\n   )\n")
   -> 0.0001s
-- quote_table_name(:boards)
   -> 0.0000s
-- quote_table_name(:users)
   -> 0.0000s
-- quote_column_name(:account_id)
   -> 0.0000s
-- quote_table_name(:users)
   -> 0.0000s
-- quote_table_name(:users)
   -> 0.0000s
-- quote_column_name(:id)
   -> 0.0000s
-- quote_table_name(:boards)
   -> 0.0000s
-- quote_column_name(:creator_id)
   -> 0.0000s
-- execute("UPDATE \"boards\"\nSET account_id = (\n  SELECT \"users\".\"account_id\"\n  FROM \"users\"\n  WHERE \"users\".\"id\" =\n        \"boards\".\"creator_id\"\n  LIMIT 1\n)\nWHERE account_id IS NULL\n")
   -> 0.0009s
-- quote_table_name(:filters)
   -> 0.0000s
-- quote_table_name(:users)
   -> 0.0000s
-- quote_column_name(:account_id)
   -> 0.0000s
-- quote_table_name(:users)
   -> 0.0000s
-- quote_table_name(:users)
   -> 0.0000s
-- quote_column_name(:id)
   -> 0.0000s
-- quote_table_name(:filters)
   -> 0.0000s
-- quote_column_name(:creator_id)
   -> 0.0000s
-- execute("UPDATE \"filters\"\nSET account_id = (\n  SELECT \"users\".\"account_id\"\n  FROM \"users\"\n  WHERE \"users\".\"id\" =\n        \"filters\".\"creator_id\"\n  LIMIT 1\n)\nWHERE account_id IS NULL\n")
   -> 0.0001s
-- quote_table_name(:exports)
   -> 0.0000s
-- quote_table_name(:users)
   -> 0.0000s
-- quote_column_name(:account_id)
   -> 0.0000s
-- quote_table_name(:users)
   -> 0.0000s
-- quote_table_name(:users)
   -> 0.0000s
-- quote_column_name(:id)
   -> 0.0000s
-- quote_table_name(:exports)
   -> 0.0000s
-- quote_column_name(:user_id)
   -> 0.0000s
-- execute("UPDATE \"exports\"\nSET account_id = (\n  SELECT \"users\".\"account_id\"\n  FROM \"users\"\n  WHERE \"users\".\"id\" =\n        \"exports\".\"user_id\"\n  LIMIT 1\n)\nWHERE account_id IS NULL\n")
   -> 0.0001s
-- quote_table_name(:notification_bundles)
   -> 0.0000s
-- quote_table_name(:users)
   -> 0.0000s
-- quote_column_name(:account_id)
   -> 0.0000s
-- quote_table_name(:users)
   -> 0.0000s
-- quote_table_name(:users)
   -> 0.0000s
-- quote_column_name(:id)
   -> 0.0000s
-- quote_table_name(:notification_bundles)
   -> 0.0000s
-- quote_column_name(:user_id)
   -> 0.0000s
-- execute("UPDATE \"notification_bundles\"\nSET account_id = (\n  SELECT \"users\".\"account_id\"\n  FROM \"users\"\n  WHERE \"users\".\"id\" =\n        \"notification_bundles\".\"user_id\"\n  LIMIT 1\n)\nWHERE account_id IS NULL\n")
   -> 0.0001s
-- quote_table_name(:push_subscriptions)
   -> 0.0000s
-- quote_table_name(:users)
   -> 0.0000s
-- quote_column_name(:account_id)
   -> 0.0000s
-- quote_table_name(:users)
   -> 0.0000s
-- quote_table_name(:users)
   -> 0.0000s
-- quote_column_name(:id)
   -> 0.0000s
-- quote_table_name(:push_subscriptions)
   -> 0.0000s
-- quote_column_name(:user_id)
   -> 0.0000s
-- execute("UPDATE \"push_subscriptions\"\nSET account_id = (\n  SELECT \"users\".\"account_id\"\n  FROM \"users\"\n  WHERE \"users\".\"id\" =\n        \"push_subscriptions\".\"user_id\"\n  LIMIT 1\n)\nWHERE account_id IS NULL\n")
   -> 0.0008s
-- quote_table_name(:user_settings)
   -> 0.0000s
-- quote_table_name(:users)
   -> 0.0000s
-- quote_column_name(:account_id)
   -> 0.0000s
-- quote_table_name(:users)
   -> 0.0000s
-- quote_table_name(:users)
   -> 0.0000s
-- quote_column_name(:id)
   -> 0.0000s
-- quote_table_name(:user_settings)
   -> 0.0000s
-- quote_column_name(:user_id)
   -> 0.0000s
-- execute("UPDATE \"user_settings\"\nSET account_id = (\n  SELECT \"users\".\"account_id\"\n  FROM \"users\"\n  WHERE \"users\".\"id\" =\n        \"user_settings\".\"user_id\"\n  LIMIT 1\n)\nWHERE account_id IS NULL\n")
   -> 0.0001s
-- quote_table_name(:columns)
   -> 0.0000s
-- quote_table_name(:boards)
   -> 0.0000s
-- quote_column_name(:account_id)
   -> 0.0000s
-- quote_table_name(:boards)
   -> 0.0000s
-- quote_table_name(:boards)
   -> 0.0000s
-- quote_column_name(:id)
   -> 0.0000s
-- quote_table_name(:columns)
   -> 0.0000s
-- quote_column_name(:board_id)
   -> 0.0000s
-- execute("UPDATE \"columns\"\nSET account_id = (\n  SELECT \"boards\".\"account_id\"\n  FROM \"boards\"\n  WHERE \"boards\".\"id\" =\n        \"columns\".\"board_id\"\n  LIMIT 1\n)\nWHERE account_id IS NULL\n")
   -> 0.0001s
-- quote_table_name(:board_publications)
   -> 0.0000s
-- quote_table_name(:boards)
   -> 0.0000s
-- quote_column_name(:account_id)
   -> 0.0000s
-- quote_table_name(:boards)
   -> 0.0000s
-- quote_table_name(:boards)
   -> 0.0000s
-- quote_column_name(:id)
   -> 0.0000s
-- quote_table_name(:board_publications)
   -> 0.0000s
-- quote_column_name(:board_id)
   -> 0.0000s
-- execute("UPDATE \"board_publications\"\nSET account_id = (\n  SELECT \"boards\".\"account_id\"\n  FROM \"boards\"\n  WHERE \"boards\".\"id\" =\n        \"board_publications\".\"board_id\"\n  LIMIT 1\n)\nWHERE account_id IS NULL\n")
   -> 0.0001s
-- quote_table_name(:accesses)
   -> 0.0000s
-- quote_table_name(:boards)
   -> 0.0000s
-- quote_column_name(:account_id)
   -> 0.0000s
-- quote_table_name(:boards)
   -> 0.0000s
-- quote_table_name(:boards)
   -> 0.0000s
-- quote_column_name(:id)
   -> 0.0000s
-- quote_table_name(:accesses)
   -> 0.0000s
-- quote_column_name(:board_id)
   -> 0.0000s
-- execute("UPDATE \"accesses\"\nSET account_id = (\n  SELECT \"boards\".\"account_id\"\n  FROM \"boards\"\n  WHERE \"boards\".\"id\" =\n        \"accesses\".\"board_id\"\n  LIMIT 1\n)\nWHERE account_id IS NULL\n")
   -> 0.0001s
-- quote_table_name(:webhooks)
   -> 0.0000s
-- quote_table_name(:boards)
   -> 0.0000s
-- quote_column_name(:account_id)
   -> 0.0000s
-- quote_table_name(:boards)
   -> 0.0000s
-- quote_table_name(:boards)
   -> 0.0000s
-- quote_column_name(:id)
   -> 0.0000s
-- quote_table_name(:webhooks)
   -> 0.0000s
-- quote_column_name(:board_id)
   -> 0.0000s
-- execute("UPDATE \"webhooks\"\nSET account_id = (\n  SELECT \"boards\".\"account_id\"\n  FROM \"boards\"\n  WHERE \"boards\".\"id\" =\n        \"webhooks\".\"board_id\"\n  LIMIT 1\n)\nWHERE account_id IS NULL\n")
   -> 0.0001s
-- quote_table_name(:cards)
   -> 0.0000s
-- quote_table_name(:boards)
   -> 0.0000s
-- quote_column_name(:account_id)
   -> 0.0000s
-- quote_table_name(:boards)
   -> 0.0000s
-- quote_table_name(:boards)
   -> 0.0000s
-- quote_column_name(:id)
   -> 0.0000s
-- quote_table_name(:cards)
   -> 0.0000s
-- quote_column_name(:board_id)
   -> 0.0000s
-- execute("UPDATE \"cards\"\nSET account_id = (\n  SELECT \"boards\".\"account_id\"\n  FROM \"boards\"\n  WHERE \"boards\".\"id\" =\n        \"cards\".\"board_id\"\n  LIMIT 1\n)\nWHERE account_id IS NULL\n")
   -> 0.0004s
-- quote_table_name(:assignments)
   -> 0.0000s
-- quote_table_name(:cards)
   -> 0.0000s
-- quote_column_name(:account_id)
   -> 0.0000s
-- quote_table_name(:cards)
   -> 0.0000s
-- quote_table_name(:cards)
   -> 0.0000s
-- quote_column_name(:id)
   -> 0.0000s
-- quote_table_name(:assignments)
   -> 0.0000s
-- quote_column_name(:card_id)
   -> 0.0000s
-- execute("UPDATE \"assignments\"\nSET account_id = (\n  SELECT \"cards\".\"account_id\"\n  FROM \"cards\"\n  WHERE \"cards\".\"id\" =\n        \"assignments\".\"card_id\"\n  LIMIT 1\n)\nWHERE account_id IS NULL\n")
   -> 0.0001s
-- quote_table_name(:card_activity_spikes)
   -> 0.0000s
-- quote_table_name(:cards)
   -> 0.0000s
-- quote_column_name(:account_id)
   -> 0.0000s
-- quote_table_name(:cards)
   -> 0.0000s
-- quote_table_name(:cards)
   -> 0.0000s
-- quote_column_name(:id)
   -> 0.0000s
-- quote_table_name(:card_activity_spikes)
   -> 0.0000s
-- quote_column_name(:card_id)
   -> 0.0000s
-- execute("UPDATE \"card_activity_spikes\"\nSET account_id = (\n  SELECT \"cards\".\"account_id\"\n  FROM \"cards\"\n  WHERE \"cards\".\"id\" =\n        \"card_activity_spikes\".\"card_id\"\n  LIMIT 1\n)\nWHERE account_id IS NULL\n")
   -> 0.0001s
-- quote_table_name(:card_goldnesses)
   -> 0.0000s
-- quote_table_name(:cards)
   -> 0.0000s
-- quote_column_name(:account_id)
   -> 0.0000s
-- quote_table_name(:cards)
   -> 0.0000s
-- quote_table_name(:cards)
   -> 0.0000s
-- quote_column_name(:id)
   -> 0.0000s
-- quote_table_name(:card_goldnesses)
   -> 0.0000s
-- quote_column_name(:card_id)
   -> 0.0000s
-- execute("UPDATE \"card_goldnesses\"\nSET account_id = (\n  SELECT \"cards\".\"account_id\"\n  FROM \"cards\"\n  WHERE \"cards\".\"id\" =\n        \"card_goldnesses\".\"card_id\"\n  LIMIT 1\n)\nWHERE account_id IS NULL\n")
   -> 0.0001s
-- quote_table_name(:card_not_nows)
   -> 0.0000s
-- quote_table_name(:cards)
   -> 0.0000s
-- quote_column_name(:account_id)
   -> 0.0000s
-- quote_table_name(:cards)
   -> 0.0000s
-- quote_table_name(:cards)
   -> 0.0000s
-- quote_column_name(:id)
   -> 0.0000s
-- quote_table_name(:card_not_nows)
   -> 0.0000s
-- quote_column_name(:card_id)
   -> 0.0000s
-- execute("UPDATE \"card_not_nows\"\nSET account_id = (\n  SELECT \"cards\".\"account_id\"\n  FROM \"cards\"\n  WHERE \"cards\".\"id\" =\n        \"card_not_nows\".\"card_id\"\n  LIMIT 1\n)\nWHERE account_id IS NULL\n")
   -> 0.0003s
-- quote_table_name(:closures)
   -> 0.0000s
-- quote_table_name(:cards)
   -> 0.0000s
-- quote_column_name(:account_id)
   -> 0.0000s
-- quote_table_name(:cards)
   -> 0.0000s
-- quote_table_name(:cards)
   -> 0.0000s
-- quote_column_name(:id)
   -> 0.0000s
-- quote_table_name(:closures)
   -> 0.0000s
-- quote_column_name(:card_id)
   -> 0.0000s
-- execute("UPDATE \"closures\"\nSET account_id = (\n  SELECT \"cards\".\"account_id\"\n  FROM \"cards\"\n  WHERE \"cards\".\"id\" =\n        \"closures\".\"card_id\"\n  LIMIT 1\n)\nWHERE account_id IS NULL\n")
   -> 0.0001s
-- quote_table_name(:comments)
   -> 0.0000s
-- quote_table_name(:cards)
   -> 0.0000s
-- quote_column_name(:account_id)
   -> 0.0000s
-- quote_table_name(:cards)
   -> 0.0000s
-- quote_table_name(:cards)
   -> 0.0000s
-- quote_column_name(:id)
   -> 0.0000s
-- quote_table_name(:comments)
   -> 0.0000s
-- quote_column_name(:card_id)
   -> 0.0002s
-- execute("UPDATE \"comments\"\nSET account_id = (\n  SELECT \"cards\".\"account_id\"\n  FROM \"cards\"\n  WHERE \"cards\".\"id\" =\n        \"comments\".\"card_id\"\n  LIMIT 1\n)\nWHERE account_id IS NULL\n")
   -> 0.0001s
-- quote_table_name(:pins)
   -> 0.0000s
-- quote_table_name(:cards)
   -> 0.0000s
-- quote_column_name(:account_id)
   -> 0.0000s
-- quote_table_name(:cards)
   -> 0.0000s
-- quote_table_name(:cards)
   -> 0.0000s
-- quote_column_name(:id)
   -> 0.0000s
-- quote_table_name(:pins)
   -> 0.0000s
-- quote_column_name(:card_id)
   -> 0.0000s
-- execute("UPDATE \"pins\"\nSET account_id = (\n  SELECT \"cards\".\"account_id\"\n  FROM \"cards\"\n  WHERE \"cards\".\"id\" =\n        \"pins\".\"card_id\"\n  LIMIT 1\n)\nWHERE account_id IS NULL\n")
   -> 0.0001s
-- quote_table_name(:steps)
   -> 0.0000s
-- quote_table_name(:cards)
   -> 0.0000s
-- quote_column_name(:account_id)
   -> 0.0000s
-- quote_table_name(:cards)
   -> 0.0000s
-- quote_table_name(:cards)
   -> 0.0000s
-- quote_column_name(:id)
   -> 0.0000s
-- quote_table_name(:steps)
   -> 0.0000s
-- quote_column_name(:card_id)
   -> 0.0000s
-- execute("UPDATE \"steps\"\nSET account_id = (\n  SELECT \"cards\".\"account_id\"\n  FROM \"cards\"\n  WHERE \"cards\".\"id\" =\n        \"steps\".\"card_id\"\n  LIMIT 1\n)\nWHERE account_id IS NULL\n")
   -> 0.0003s
-- quote_table_name(:taggings)
   -> 0.0000s
-- quote_table_name(:cards)
   -> 0.0000s
-- quote_column_name(:account_id)
   -> 0.0000s
-- quote_table_name(:cards)
   -> 0.0000s
-- quote_table_name(:cards)
   -> 0.0000s
-- quote_column_name(:id)
   -> 0.0000s
-- quote_table_name(:taggings)
   -> 0.0000s
-- quote_column_name(:card_id)
   -> 0.0000s
-- execute("UPDATE \"taggings\"\nSET account_id = (\n  SELECT \"cards\".\"account_id\"\n  FROM \"cards\"\n  WHERE \"cards\".\"id\" =\n        \"taggings\".\"card_id\"\n  LIMIT 1\n)\nWHERE account_id IS NULL\n")
   -> 0.0001s
-- quote_table_name(:watches)
   -> 0.0000s
-- quote_table_name(:cards)
   -> 0.0000s
-- quote_column_name(:account_id)
   -> 0.0000s
-- quote_table_name(:cards)
   -> 0.0000s
-- quote_table_name(:cards)
   -> 0.0000s
-- quote_column_name(:id)
   -> 0.0000s
-- quote_table_name(:watches)
   -> 0.0000s
-- quote_column_name(:card_id)
   -> 0.0000s
-- execute("UPDATE \"watches\"\nSET account_id = (\n  SELECT \"cards\".\"account_id\"\n  FROM \"cards\"\n  WHERE \"cards\".\"id\" =\n        \"watches\".\"card_id\"\n  LIMIT 1\n)\nWHERE account_id IS NULL\n")
   -> 0.0001s
-- quote_table_name(:assignees_filters)
   -> 0.0000s
-- quote_table_name(:filters)
   -> 0.0000s
-- quote_column_name(:account_id)
   -> 0.0000s
-- quote_table_name(:filters)
   -> 0.0000s
-- quote_table_name(:filters)
   -> 0.0000s
-- quote_column_name(:id)
   -> 0.0000s
-- quote_table_name(:assignees_filters)
   -> 0.0000s
-- quote_column_name(:filter_id)
   -> 0.0000s
-- execute("UPDATE \"assignees_filters\"\nSET account_id = (\n  SELECT \"filters\".\"account_id\"\n  FROM \"filters\"\n  WHERE \"filters\".\"id\" =\n        \"assignees_filters\".\"filter_id\"\n  LIMIT 1\n)\nWHERE account_id IS NULL\n")
   -> 0.0001s
-- quote_table_name(:assigners_filters)
   -> 0.0000s
-- quote_table_name(:filters)
   -> 0.0000s
-- quote_column_name(:account_id)
   -> 0.0000s
-- quote_table_name(:filters)
   -> 0.0000s
-- quote_table_name(:filters)
   -> 0.0000s
-- quote_column_name(:id)
   -> 0.0000s
-- quote_table_name(:assigners_filters)
   -> 0.0000s
-- quote_column_name(:filter_id)
   -> 0.0000s
-- execute("UPDATE \"assigners_filters\"\nSET account_id = (\n  SELECT \"filters\".\"account_id\"\n  FROM \"filters\"\n  WHERE \"filters\".\"id\" =\n        \"assigners_filters\".\"filter_id\"\n  LIMIT 1\n)\nWHERE account_id IS NULL\n")
   -> 0.0002s
-- quote_table_name(:boards_filters)
   -> 0.0000s
-- quote_table_name(:filters)
   -> 0.0000s
-- quote_column_name(:account_id)
   -> 0.0000s
-- quote_table_name(:filters)
   -> 0.0000s
-- quote_table_name(:filters)
   -> 0.0000s
-- quote_column_name(:id)
   -> 0.0000s
-- quote_table_name(:boards_filters)
   -> 0.0000s
-- quote_column_name(:filter_id)
   -> 0.0000s
-- execute("UPDATE \"boards_filters\"\nSET account_id = (\n  SELECT \"filters\".\"account_id\"\n  FROM \"filters\"\n  WHERE \"filters\".\"id\" =\n        \"boards_filters\".\"filter_id\"\n  LIMIT 1\n)\nWHERE account_id IS NULL\n")
   -> 0.0001s
-- quote_table_name(:closers_filters)
   -> 0.0000s
-- quote_table_name(:filters)
   -> 0.0000s
-- quote_column_name(:account_id)
   -> 0.0000s
-- quote_table_name(:filters)
   -> 0.0000s
-- quote_table_name(:filters)
   -> 0.0000s
-- quote_column_name(:id)
   -> 0.0000s
-- quote_table_name(:closers_filters)
   -> 0.0000s
-- quote_column_name(:filter_id)
   -> 0.0000s
-- execute("UPDATE \"closers_filters\"\nSET account_id = (\n  SELECT \"filters\".\"account_id\"\n  FROM \"filters\"\n  WHERE \"filters\".\"id\" =\n        \"closers_filters\".\"filter_id\"\n  LIMIT 1\n)\nWHERE account_id IS NULL\n")
   -> 0.0001s
-- quote_table_name(:creators_filters)
   -> 0.0000s
-- quote_table_name(:filters)
   -> 0.0000s
-- quote_column_name(:account_id)
   -> 0.0000s
-- quote_table_name(:filters)
   -> 0.0000s
-- quote_table_name(:filters)
   -> 0.0000s
-- quote_column_name(:id)
   -> 0.0000s
-- quote_table_name(:creators_filters)
   -> 0.0000s
-- quote_column_name(:filter_id)
   -> 0.0000s
-- execute("UPDATE \"creators_filters\"\nSET account_id = (\n  SELECT \"filters\".\"account_id\"\n  FROM \"filters\"\n  WHERE \"filters\".\"id\" =\n        \"creators_filters\".\"filter_id\"\n  LIMIT 1\n)\nWHERE account_id IS NULL\n")
   -> 0.0001s
-- quote_table_name(:filters_tags)
   -> 0.0000s
-- quote_table_name(:filters)
   -> 0.0000s
-- quote_column_name(:account_id)
   -> 0.0000s
-- quote_table_name(:filters)
   -> 0.0000s
-- quote_table_name(:filters)
   -> 0.0000s
-- quote_column_name(:id)
   -> 0.0000s
-- quote_table_name(:filters_tags)
   -> 0.0000s
-- quote_column_name(:filter_id)
   -> 0.0000s
-- execute("UPDATE \"filters_tags\"\nSET account_id = (\n  SELECT \"filters\".\"account_id\"\n  FROM \"filters\"\n  WHERE \"filters\".\"id\" =\n        \"filters_tags\".\"filter_id\"\n  LIMIT 1\n)\nWHERE account_id IS NULL\n")
   -> 0.0001s
-- quote_table_name(:entropies)
   -> 0.0000s
-- quote_table_name(:accounts)
   -> 0.0000s
-- quote_column_name(:id)
   -> 0.0000s
-- quote_table_name(:accounts)
   -> 0.0000s
-- quote_table_name(:accounts)
   -> 0.0000s
-- quote_table_name(:entropies)
   -> 0.0000s
-- quote_column_name(:container_id)
   -> 0.0000s
-- quote_column_name(:container_type)
   -> 0.0000s
-- execute("UPDATE \"entropies\"\nSET account_id = (\n  SELECT \"accounts\".\"id\"\n  FROM \"accounts\"\n  WHERE \"accounts\".id =\n        \"entropies\".\"container_id\"\n  LIMIT 1\n)\nWHERE account_id IS NULL\n  AND \"container_type\" = 'Account'\n")
   -> 0.0001s
-- quote_table_name(:entropies)
   -> 0.0000s
-- quote_table_name(:boards)
   -> 0.0000s
-- quote_column_name(:account_id)
   -> 0.0000s
-- quote_table_name(:boards)
   -> 0.0000s
-- quote_table_name(:boards)
   -> 0.0000s
-- quote_table_name(:entropies)
   -> 0.0000s
-- quote_column_name(:container_id)
   -> 0.0000s
-- quote_column_name(:container_type)
   -> 0.0000s
-- execute("UPDATE \"entropies\"\nSET account_id = (\n  SELECT \"boards\".\"account_id\"\n  FROM \"boards\"\n  WHERE \"boards\".id =\n        \"entropies\".\"container_id\"\n  LIMIT 1\n)\nWHERE account_id IS NULL\n  AND \"container_type\" = 'Board'\n")
   -> 0.0001s
-- quote_table_name(:reactions)
   -> 0.0000s
-- quote_table_name(:cards)
   -> 0.0000s
-- quote_column_name(:account_id)
   -> 0.0000s
-- quote_table_name(:cards)
   -> 0.0000s
-- quote_table_name(:cards)
   -> 0.0000s
-- quote_table_name(:reactions)
   -> 0.0000s
-- quote_column_name(:reactable_id)
   -> 0.0000s
-- quote_column_name(:reactable_type)
   -> 0.0000s
-- execute("UPDATE \"reactions\"\nSET account_id = (\n  SELECT \"cards\".\"account_id\"\n  FROM \"cards\"\n  WHERE \"cards\".id =\n        \"reactions\".\"reactable_id\"\n  LIMIT 1\n)\nWHERE account_id IS NULL\n  AND \"reactable_type\" = 'Card'\n")
   -> 0.0001s
-- quote_table_name(:reactions)
   -> 0.0000s
-- quote_table_name(:comments)
   -> 0.0000s
-- quote_column_name(:account_id)
   -> 0.0000s
-- quote_table_name(:comments)
   -> 0.0000s
-- quote_table_name(:comments)
   -> 0.0000s
-- quote_table_name(:reactions)
   -> 0.0000s
-- quote_column_name(:reactable_id)
   -> 0.0000s
-- quote_column_name(:reactable_type)
   -> 0.0000s
-- execute("UPDATE \"reactions\"\nSET account_id = (\n  SELECT \"comments\".\"account_id\"\n  FROM \"comments\"\n  WHERE \"comments\".id =\n        \"reactions\".\"reactable_id\"\n  LIMIT 1\n)\nWHERE account_id IS NULL\n  AND \"reactable_type\" = 'Comment'\n")
   -> 0.0001s
-- quote_table_name(:mentions)
   -> 0.0000s
-- quote_table_name(:cards)
   -> 0.0000s
-- quote_column_name(:account_id)
   -> 0.0000s
-- quote_table_name(:cards)
   -> 0.0000s
-- quote_table_name(:cards)
   -> 0.0000s
-- quote_table_name(:mentions)
   -> 0.0000s
-- quote_column_name(:source_id)
   -> 0.0000s
-- quote_column_name(:source_type)
   -> 0.0000s
-- execute("UPDATE \"mentions\"\nSET account_id = (\n  SELECT \"cards\".\"account_id\"\n  FROM \"cards\"\n  WHERE \"cards\".id =\n        \"mentions\".\"source_id\"\n  LIMIT 1\n)\nWHERE account_id IS NULL\n  AND \"source_type\" = 'Card'\n")
   -> 0.0001s
-- quote_table_name(:mentions)
   -> 0.0000s
-- quote_table_name(:comments)
   -> 0.0000s
-- quote_column_name(:account_id)
   -> 0.0000s
-- quote_table_name(:comments)
   -> 0.0000s
-- quote_table_name(:comments)
   -> 0.0000s
-- quote_table_name(:mentions)
   -> 0.0000s
-- quote_column_name(:source_id)
   -> 0.0000s
-- quote_column_name(:source_type)
   -> 0.0000s
-- execute("UPDATE \"mentions\"\nSET account_id = (\n  SELECT \"comments\".\"account_id\"\n  FROM \"comments\"\n  WHERE \"comments\".id =\n        \"mentions\".\"source_id\"\n  LIMIT 1\n)\nWHERE account_id IS NULL\n  AND \"source_type\" = 'Comment'\n")
   -> 0.0001s
-- quote_table_name(:events)
   -> 0.0000s
-- quote_table_name(:boards)
   -> 0.0000s
-- quote_column_name(:account_id)
   -> 0.0000s
-- quote_table_name(:boards)
   -> 0.0000s
-- quote_table_name(:boards)
   -> 0.0000s
-- quote_column_name(:id)
   -> 0.0000s
-- quote_table_name(:events)
   -> 0.0000s
-- quote_column_name(:board_id)
   -> 0.0000s
-- execute("UPDATE \"events\"\nSET account_id = (\n  SELECT \"boards\".\"account_id\"\n  FROM \"boards\"\n  WHERE \"boards\".\"id\" =\n        \"events\".\"board_id\"\n  LIMIT 1\n)\nWHERE account_id IS NULL\n")
   -> 0.0001s
-- quote_table_name(:notifications)
   -> 0.0000s
-- quote_table_name(:cards)
   -> 0.0000s
-- quote_column_name(:account_id)
   -> 0.0000s
-- quote_table_name(:cards)
   -> 0.0000s
-- quote_table_name(:cards)
   -> 0.0000s
-- quote_column_name(:id)
   -> 0.0000s
-- quote_table_name(:notifications)
   -> 0.0000s
-- quote_column_name(:card_id)
   -> 0.0000s
-- execute("UPDATE \"notifications\"\nSET account_id = (\n  SELECT \"cards\".\"account_id\"\n  FROM \"cards\"\n  WHERE \"cards\".\"id\" =\n        \"notifications\".\"card_id\"\n  LIMIT 1\n)\nWHERE account_id IS NULL\n")
   -> 0.0001s
-- quote_table_name(:webhook_delinquency_trackers)
   -> 0.0000s
-- quote_table_name(:webhooks)
   -> 0.0000s
-- quote_column_name(:account_id)
   -> 0.0000s
-- quote_table_name(:webhooks)
   -> 0.0000s
-- quote_table_name(:webhooks)
   -> 0.0000s
-- quote_column_name(:id)
   -> 0.0000s
-- quote_table_name(:webhook_delinquency_trackers)
   -> 0.0000s
-- quote_column_name(:webhook_id)
   -> 0.0000s
-- execute("UPDATE \"webhook_delinquency_trackers\"\nSET account_id = (\n  SELECT \"webhooks\".\"account_id\"\n  FROM \"webhooks\"\n  WHERE \"webhooks\".\"id\" =\n        \"webhook_delinquency_trackers\".\"webhook_id\"\n  LIMIT 1\n)\nWHERE account_id IS NULL\n")
   -> 0.0001s
-- quote_table_name(:webhook_deliveries)
   -> 0.0000s
-- quote_table_name(:webhooks)
   -> 0.0000s
-- quote_column_name(:account_id)
   -> 0.0000s
-- quote_table_name(:webhooks)
   -> 0.0000s
-- quote_table_name(:webhooks)
   -> 0.0000s
-- quote_column_name(:id)
   -> 0.0000s
-- quote_table_name(:webhook_deliveries)
   -> 0.0000s
-- quote_column_name(:webhook_id)
   -> 0.0000s
-- execute("UPDATE \"webhook_deliveries\"\nSET account_id = (\n  SELECT \"webhooks\".\"account_id\"\n  FROM \"webhooks\"\n  WHERE \"webhooks\".\"id\" =\n        \"webhook_deliveries\".\"webhook_id\"\n  LIMIT 1\n)\nWHERE account_id IS NULL\n")
   -> 0.0001s
-- quote_table_name(:search_queries)
   -> 0.0000s
-- quote_table_name(:users)
   -> 0.0000s
-- quote_column_name(:account_id)
   -> 0.0000s
-- quote_table_name(:users)
   -> 0.0000s
-- quote_table_name(:users)
   -> 0.0000s
-- quote_column_name(:id)
   -> 0.0000s
-- quote_table_name(:search_queries)
   -> 0.0000s
-- quote_column_name(:user_id)
   -> 0.0000s
-- execute("UPDATE \"search_queries\"\nSET account_id = (\n  SELECT \"users\".\"account_id\"\n  FROM \"users\"\n  WHERE \"users\".\"id\" =\n        \"search_queries\".\"user_id\"\n  LIMIT 1\n)\nWHERE account_id IS NULL\n")
   -> 0.0001s
-- quote_table_name(:action_text_rich_texts)
   -> 0.0000s
-- quote_table_name(:boards)
   -> 0.0000s
-- quote_column_name(:account_id)
   -> 0.0000s
-- quote_table_name(:boards)
   -> 0.0000s
-- quote_table_name(:boards)
   -> 0.0000s
-- quote_table_name(:action_text_rich_texts)
   -> 0.0000s
-- quote_column_name(:record_id)
   -> 0.0000s
-- quote_column_name(:record_type)
   -> 0.0000s
-- execute("UPDATE \"action_text_rich_texts\"\nSET account_id = (\n  SELECT \"boards\".\"account_id\"\n  FROM \"boards\"\n  WHERE \"boards\".id =\n        \"action_text_rich_texts\".\"record_id\"\n  LIMIT 1\n)\nWHERE account_id IS NULL\n  AND \"record_type\" = 'Board'\n")
   -> 0.0001s
-- quote_table_name(:action_text_rich_texts)
   -> 0.0000s
-- quote_table_name(:cards)
   -> 0.0000s
-- quote_column_name(:account_id)
   -> 0.0000s
-- quote_table_name(:cards)
   -> 0.0000s
-- quote_table_name(:cards)
   -> 0.0000s
-- quote_table_name(:action_text_rich_texts)
   -> 0.0000s
-- quote_column_name(:record_id)
   -> 0.0000s
-- quote_column_name(:record_type)
   -> 0.0000s
-- execute("UPDATE \"action_text_rich_texts\"\nSET account_id = (\n  SELECT \"cards\".\"account_id\"\n  FROM \"cards\"\n  WHERE \"cards\".id =\n        \"action_text_rich_texts\".\"record_id\"\n  LIMIT 1\n)\nWHERE account_id IS NULL\n  AND \"record_type\" = 'Card'\n")
   -> 0.0001s
-- quote_table_name(:action_text_rich_texts)
   -> 0.0000s
-- quote_table_name(:comments)
   -> 0.0000s
-- quote_column_name(:account_id)
   -> 0.0000s
-- quote_table_name(:comments)
   -> 0.0000s
-- quote_table_name(:comments)
   -> 0.0000s
-- quote_table_name(:action_text_rich_texts)
   -> 0.0000s
-- quote_column_name(:record_id)
   -> 0.0000s
-- quote_column_name(:record_type)
   -> 0.0000s
-- execute("UPDATE \"action_text_rich_texts\"\nSET account_id = (\n  SELECT \"comments\".\"account_id\"\n  FROM \"comments\"\n  WHERE \"comments\".id =\n        \"action_text_rich_texts\".\"record_id\"\n  LIMIT 1\n)\nWHERE account_id IS NULL\n  AND \"record_type\" = 'Comment'\n")
   -> 0.0001s
-- quote_table_name(:active_storage_attachments)
   -> 0.0000s
-- quote_table_name(:accounts)
   -> 0.0000s
-- quote_column_name(:id)
   -> 0.0000s
-- quote_table_name(:accounts)
   -> 0.0000s
-- quote_table_name(:accounts)
   -> 0.0000s
-- quote_table_name(:active_storage_attachments)
   -> 0.0000s
-- quote_column_name(:record_id)
   -> 0.0000s
-- quote_column_name(:record_type)
   -> 0.0000s
-- execute("UPDATE \"active_storage_attachments\"\nSET account_id = (\n  SELECT \"accounts\".\"id\"\n  FROM \"accounts\"\n  WHERE \"accounts\".id =\n        \"active_storage_attachments\".\"record_id\"\n  LIMIT 1\n)\nWHERE account_id IS NULL\n  AND \"record_type\" = 'Account'\n")
   -> 0.0001s
-- quote_table_name(:active_storage_attachments)
   -> 0.0000s
-- quote_table_name(:boards)
   -> 0.0000s
-- quote_column_name(:account_id)
   -> 0.0000s
-- quote_table_name(:boards)
   -> 0.0000s
-- quote_table_name(:boards)
   -> 0.0000s
-- quote_table_name(:active_storage_attachments)
   -> 0.0000s
-- quote_column_name(:record_id)
   -> 0.0000s
-- quote_column_name(:record_type)
   -> 0.0000s
-- execute("UPDATE \"active_storage_attachments\"\nSET account_id = (\n  SELECT \"boards\".\"account_id\"\n  FROM \"boards\"\n  WHERE \"boards\".id =\n        \"active_storage_attachments\".\"record_id\"\n  LIMIT 1\n)\nWHERE account_id IS NULL\n  AND \"record_type\" = 'Board'\n")
   -> 0.0001s
-- quote_table_name(:active_storage_attachments)
   -> 0.0000s
-- quote_table_name(:cards)
   -> 0.0000s
-- quote_column_name(:account_id)
   -> 0.0000s
-- quote_table_name(:cards)
   -> 0.0000s
-- quote_table_name(:cards)
   -> 0.0000s
-- quote_table_name(:active_storage_attachments)
   -> 0.0000s
-- quote_column_name(:record_id)
   -> 0.0000s
-- quote_column_name(:record_type)
   -> 0.0000s
-- execute("UPDATE \"active_storage_attachments\"\nSET account_id = (\n  SELECT \"cards\".\"account_id\"\n  FROM \"cards\"\n  WHERE \"cards\".id =\n        \"active_storage_attachments\".\"record_id\"\n  LIMIT 1\n)\nWHERE account_id IS NULL\n  AND \"record_type\" = 'Card'\n")
   -> 0.0001s
-- quote_table_name(:active_storage_attachments)
   -> 0.0000s
-- quote_table_name(:comments)
   -> 0.0000s
-- quote_column_name(:account_id)
   -> 0.0000s
-- quote_table_name(:comments)
   -> 0.0000s
-- quote_table_name(:comments)
   -> 0.0000s
-- quote_table_name(:active_storage_attachments)
   -> 0.0000s
-- quote_column_name(:record_id)
   -> 0.0000s
-- quote_column_name(:record_type)
   -> 0.0000s
-- execute("UPDATE \"active_storage_attachments\"\nSET account_id = (\n  SELECT \"comments\".\"account_id\"\n  FROM \"comments\"\n  WHERE \"comments\".id =\n        \"active_storage_attachments\".\"record_id\"\n  LIMIT 1\n)\nWHERE account_id IS NULL\n  AND \"record_type\" = 'Comment'\n")
   -> 0.0001s
-- quote_table_name(:active_storage_attachments)
   -> 0.0000s
-- quote_table_name(:users)
   -> 0.0000s
-- quote_column_name(:account_id)
   -> 0.0000s
-- quote_table_name(:users)
   -> 0.0000s
-- quote_table_name(:users)
   -> 0.0000s
-- quote_table_name(:active_storage_attachments)
   -> 0.0000s
-- quote_column_name(:record_id)
   -> 0.0000s
-- quote_column_name(:record_type)
   -> 0.0000s
-- execute("UPDATE \"active_storage_attachments\"\nSET account_id = (\n  SELECT \"users\".\"account_id\"\n  FROM \"users\"\n  WHERE \"users\".id =\n        \"active_storage_attachments\".\"record_id\"\n  LIMIT 1\n)\nWHERE account_id IS NULL\n  AND \"record_type\" = 'User'\n")
   -> 0.0001s
-- quote_table_name(:active_storage_attachments)
   -> 0.0000s
-- quote_table_name(:exports)
   -> 0.0000s
-- quote_column_name(:account_id)
   -> 0.0000s
-- quote_table_name(:exports)
   -> 0.0000s
-- quote_table_name(:exports)
   -> 0.0000s
-- quote_table_name(:active_storage_attachments)
   -> 0.0000s
-- quote_column_name(:record_id)
   -> 0.0000s
-- quote_column_name(:record_type)
   -> 0.0000s
-- execute("UPDATE \"active_storage_attachments\"\nSET account_id = (\n  SELECT \"exports\".\"account_id\"\n  FROM \"exports\"\n  WHERE \"exports\".id =\n        \"active_storage_attachments\".\"record_id\"\n  LIMIT 1\n)\nWHERE account_id IS NULL\n  AND \"record_type\" = 'Export'\n")
   -> 0.0001s
-- quote_table_name(:active_storage_attachments)
   -> 0.0000s
-- quote_table_name(:account_imports)
   -> 0.0000s
-- quote_column_name(:account_id)
   -> 0.0000s
-- quote_table_name(:account_imports)
   -> 0.0000s
-- quote_table_name(:account_imports)
   -> 0.0000s
-- quote_table_name(:active_storage_attachments)
   -> 0.0000s
-- quote_column_name(:record_id)
   -> 0.0000s
-- quote_column_name(:record_type)
   -> 0.0000s
-- execute("UPDATE \"active_storage_attachments\"\nSET account_id = (\n  SELECT \"account_imports\".\"account_id\"\n  FROM \"account_imports\"\n  WHERE \"account_imports\".id =\n        \"active_storage_attachments\".\"record_id\"\n  LIMIT 1\n)\nWHERE account_id IS NULL\n  AND \"record_type\" = 'Account::Import'\n")
   -> 0.0001s
-- quote_table_name(:active_storage_blobs)
   -> 0.0000s
-- quote_table_name(:active_storage_attachments)
   -> 0.0000s
-- quote_column_name(:account_id)
   -> 0.0000s
-- quote_table_name(:active_storage_attachments)
   -> 0.0000s
-- quote_table_name(:active_storage_attachments)
   -> 0.0000s
-- quote_column_name(:blob_id)
   -> 0.0000s
-- quote_table_name(:active_storage_blobs)
   -> 0.0000s
-- quote_column_name(:id)
   -> 0.0000s
-- execute("UPDATE \"active_storage_blobs\"\nSET account_id = (\n  SELECT \"active_storage_attachments\".\"account_id\"\n  FROM \"active_storage_attachments\"\n  WHERE \"active_storage_attachments\".\"blob_id\" =\n        \"active_storage_blobs\".\"id\"\n  LIMIT 1\n)\nWHERE account_id IS NULL\n")
   -> 0.0001s
-- quote_table_name(:active_storage_blobs)
   -> 0.0000s
-- quote_table_name(:storage_entries)
   -> 0.0000s
-- quote_column_name(:account_id)
   -> 0.0000s
-- quote_table_name(:storage_entries)
   -> 0.0000s
-- quote_table_name(:storage_entries)
   -> 0.0000s
-- quote_column_name(:blob_id)
   -> 0.0000s
-- quote_table_name(:active_storage_blobs)
   -> 0.0000s
-- quote_column_name(:id)
   -> 0.0000s
-- execute("UPDATE \"active_storage_blobs\"\nSET account_id = (\n  SELECT \"storage_entries\".\"account_id\"\n  FROM \"storage_entries\"\n  WHERE \"storage_entries\".\"blob_id\" =\n        \"active_storage_blobs\".\"id\"\n  LIMIT 1\n)\nWHERE account_id IS NULL\n")
   -> 0.0001s
-- quote_table_name(:active_storage_variant_records)
   -> 0.0000s
-- quote_table_name(:active_storage_blobs)
   -> 0.0000s
-- quote_column_name(:account_id)
   -> 0.0000s
-- quote_table_name(:active_storage_blobs)
   -> 0.0000s
-- quote_table_name(:active_storage_blobs)
   -> 0.0000s
-- quote_column_name(:id)
   -> 0.0000s
-- quote_table_name(:active_storage_variant_records)
   -> 0.0000s
-- quote_column_name(:blob_id)
   -> 0.0000s
-- execute("UPDATE \"active_storage_variant_records\"\nSET account_id = (\n  SELECT \"active_storage_blobs\".\"account_id\"\n  FROM \"active_storage_blobs\"\n  WHERE \"active_storage_blobs\".\"id\" =\n        \"active_storage_variant_records\".\"blob_id\"\n  LIMIT 1\n)\nWHERE account_id IS NULL\n")
   -> 0.0001s
-- quote_table_name(:storage_totals)
   -> 0.0000s
-- quote_table_name(:accounts)
   -> 0.0000s
-- quote_column_name(:id)
   -> 0.0000s
-- quote_table_name(:accounts)
   -> 0.0000s
-- quote_table_name(:accounts)
   -> 0.0000s
-- quote_table_name(:storage_totals)
   -> 0.0000s
-- quote_column_name(:owner_id)
   -> 0.0000s
-- quote_column_name(:owner_type)
   -> 0.0000s
-- execute("UPDATE \"storage_totals\"\nSET account_id = (\n  SELECT \"accounts\".\"id\"\n  FROM \"accounts\"\n  WHERE \"accounts\".id =\n        \"storage_totals\".\"owner_id\"\n  LIMIT 1\n)\nWHERE account_id IS NULL\n  AND \"owner_type\" = 'Account'\n")
   -> 0.0001s
-- quote_table_name(:storage_totals)
   -> 0.0000s
-- quote_table_name(:boards)
   -> 0.0000s
-- quote_column_name(:account_id)
   -> 0.0000s
-- quote_table_name(:boards)
   -> 0.0000s
-- quote_table_name(:boards)
   -> 0.0000s
-- quote_table_name(:storage_totals)
   -> 0.0000s
-- quote_column_name(:owner_id)
   -> 0.0000s
-- quote_column_name(:owner_type)
   -> 0.0000s
-- execute("UPDATE \"storage_totals\"\nSET account_id = (\n  SELECT \"boards\".\"account_id\"\n  FROM \"boards\"\n  WHERE \"boards\".id =\n        \"storage_totals\".\"owner_id\"\n  LIMIT 1\n)\nWHERE account_id IS NULL\n  AND \"owner_type\" = 'Board'\n")
   -> 0.0001s
-- quote_table_name(:storage_entries)
   -> 0.0000s
-- quote_table_name(:boards)
   -> 0.0000s
-- quote_column_name(:account_id)
   -> 0.0000s
-- quote_table_name(:boards)
   -> 0.0000s
-- quote_table_name(:boards)
   -> 0.0000s
-- quote_column_name(:id)
   -> 0.0000s
-- quote_table_name(:storage_entries)
   -> 0.0000s
-- quote_column_name(:board_id)
   -> 0.0000s
-- execute("UPDATE \"storage_entries\"\nSET account_id = (\n  SELECT \"boards\".\"account_id\"\n  FROM \"boards\"\n  WHERE \"boards\".\"id\" =\n        \"storage_entries\".\"board_id\"\n  LIMIT 1\n)\nWHERE account_id IS NULL\n")
   -> 0.0001s
-- quote_table_name(:storage_entries)
   -> 0.0000s
-- quote_table_name(:users)
   -> 0.0000s
-- quote_column_name(:account_id)
   -> 0.0000s
-- quote_table_name(:users)
   -> 0.0000s
-- quote_table_name(:users)
   -> 0.0000s
-- quote_column_name(:id)
   -> 0.0000s
-- quote_table_name(:storage_entries)
   -> 0.0000s
-- quote_column_name(:user_id)
   -> 0.0000s
-- execute("UPDATE \"storage_entries\"\nSET account_id = (\n  SELECT \"users\".\"account_id\"\n  FROM \"users\"\n  WHERE \"users\".\"id\" =\n        \"storage_entries\".\"user_id\"\n  LIMIT 1\n)\nWHERE account_id IS NULL\n")
   -> 0.0001s
-- quote_table_name(:storage_entries)
   -> 0.0000s
-- quote_table_name(:active_storage_blobs)
   -> 0.0000s
-- quote_column_name(:account_id)
   -> 0.0000s
-- quote_table_name(:active_storage_blobs)
   -> 0.0000s
-- quote_table_name(:active_storage_blobs)
   -> 0.0000s
-- quote_column_name(:id)
   -> 0.0000s
-- quote_table_name(:storage_entries)
   -> 0.0000s
-- quote_column_name(:blob_id)
   -> 0.0000s
-- execute("UPDATE \"storage_entries\"\nSET account_id = (\n  SELECT \"active_storage_blobs\".\"account_id\"\n  FROM \"active_storage_blobs\"\n  WHERE \"active_storage_blobs\".\"id\" =\n        \"storage_entries\".\"blob_id\"\n  LIMIT 1\n)\nWHERE account_id IS NULL\n")
   -> 0.0001s
-- index_exists?(:tags, :title)
   -> 0.0002s
-- remove_index(:tags, :title)
   -> 0.0003s
-- add_index(:tags, [:account_id, :title], {unique: true})
   -> 0.0003s
-- quote_table_name(:account_cancellations)
   -> 0.0000s
-- quote_table_name(:account_cancellations)
   -> 0.0000s
-- execute("DELETE FROM \"account_cancellations\"\nWHERE account_id IS NULL\n   OR NOT EXISTS (\n     SELECT 1 FROM accounts WHERE accounts.id = \"account_cancellations\".account_id\n   )\n")
   -> 0.0001s
-- change_column_null(:account_cancellations, :account_id, false)
   -> 0.0029s
-- index_exists?(:account_cancellations, :account_id)
   -> 0.0000s
-- add_index(:account_cancellations, :account_id)
   -> 0.0008s
-- quote_table_name(:account_imports)
   -> 0.0000s
-- quote_table_name(:account_imports)
   -> 0.0000s
-- execute("DELETE FROM \"account_imports\"\nWHERE account_id IS NULL\n   OR NOT EXISTS (\n     SELECT 1 FROM accounts WHERE accounts.id = \"account_imports\".account_id\n   )\n")
   -> 0.0001s
-- change_column_null(:account_imports, :account_id, false)
   -> 0.0047s
-- index_exists?(:account_imports, :account_id)
   -> 0.0001s
-- add_index(:account_imports, :account_id)
   -> 0.0001s
-- quote_table_name(:account_join_codes)
   -> 0.0000s
-- quote_table_name(:account_join_codes)
   -> 0.0000s
-- execute("DELETE FROM \"account_join_codes\"\nWHERE account_id IS NULL\n   OR NOT EXISTS (\n     SELECT 1 FROM accounts WHERE accounts.id = \"account_join_codes\".account_id\n   )\n")
   -> 0.0002s
-- change_column_null(:account_join_codes, :account_id, false)
   -> 0.0043s
-- index_exists?(:account_join_codes, :account_id)
   -> 0.0001s
-- add_index(:account_join_codes, :account_id)
   -> 0.0001s
-- quote_table_name(:accesses)
   -> 0.0000s
-- quote_table_name(:accesses)
   -> 0.0000s
-- execute("DELETE FROM \"accesses\"\nWHERE account_id IS NULL\n   OR NOT EXISTS (\n     SELECT 1 FROM accounts WHERE accounts.id = \"accesses\".account_id\n   )\n")
   -> 0.0001s
-- change_column_null(:accesses, :account_id, false)
   -> 0.0079s
-- index_exists?(:accesses, :account_id)
   -> 0.0003s
-- add_index(:accesses, :account_id)
   -> 0.0002s
-- quote_table_name(:action_text_rich_texts)
   -> 0.0000s
-- quote_table_name(:action_text_rich_texts)
   -> 0.0000s
-- execute("DELETE FROM \"action_text_rich_texts\"\nWHERE account_id IS NULL\n   OR NOT EXISTS (\n     SELECT 1 FROM accounts WHERE accounts.id = \"action_text_rich_texts\".account_id\n   )\n")
   -> 0.0001s
-- change_column_null(:action_text_rich_texts, :account_id, false)
   -> 0.0044s
-- index_exists?(:action_text_rich_texts, :account_id)
   -> 0.0001s
-- add_index(:action_text_rich_texts, :account_id)
   -> 0.0001s
-- quote_table_name(:active_storage_attachments)
   -> 0.0000s
-- quote_table_name(:active_storage_attachments)
   -> 0.0000s
-- execute("DELETE FROM \"active_storage_attachments\"\nWHERE account_id IS NULL\n   OR NOT EXISTS (\n     SELECT 1 FROM accounts WHERE accounts.id = \"active_storage_attachments\".account_id\n   )\n")
   -> 0.0001s
-- change_column_null(:active_storage_attachments, :account_id, false)
   -> 0.0052s
-- index_exists?(:active_storage_attachments, :account_id)
   -> 0.0002s
-- add_index(:active_storage_attachments, :account_id)
   -> 0.0001s
-- quote_table_name(:active_storage_blobs)
   -> 0.0000s
-- quote_table_name(:active_storage_blobs)
   -> 0.0000s
-- execute("DELETE FROM \"active_storage_blobs\"\nWHERE account_id IS NULL\n   OR NOT EXISTS (\n     SELECT 1 FROM accounts WHERE accounts.id = \"active_storage_blobs\".account_id\n   )\n")
   -> 0.0001s
-- change_column_null(:active_storage_blobs, :account_id, false)
   -> 0.0050s
-- index_exists?(:active_storage_blobs, :account_id)
   -> 0.0001s
-- add_index(:active_storage_blobs, :account_id)
   -> 0.0001s
-- quote_table_name(:active_storage_variant_records)
   -> 0.0000s
-- quote_table_name(:active_storage_variant_records)
   -> 0.0000s
-- execute("DELETE FROM \"active_storage_variant_records\"\nWHERE account_id IS NULL\n   OR NOT EXISTS (\n     SELECT 1 FROM accounts WHERE accounts.id = \"active_storage_variant_records\".account_id\n   )\n")
   -> 0.0001s
-- change_column_null(:active_storage_variant_records, :account_id, false)
   -> 0.0045s
-- index_exists?(:active_storage_variant_records, :account_id)
   -> 0.0005s
-- add_index(:active_storage_variant_records, :account_id)
   -> 0.0002s
-- quote_table_name(:assignees_filters)
   -> 0.0000s
-- quote_table_name(:assignees_filters)
   -> 0.0000s
-- execute("DELETE FROM \"assignees_filters\"\nWHERE account_id IS NULL\n   OR NOT EXISTS (\n     SELECT 1 FROM accounts WHERE accounts.id = \"assignees_filters\".account_id\n   )\n")
   -> 0.0001s
-- change_column_null(:assignees_filters, :account_id, false)
   -> 0.0059s
-- index_exists?(:assignees_filters, :account_id)
   -> 0.0002s
-- add_index(:assignees_filters, :account_id)
   -> 0.0002s
-- quote_table_name(:assigners_filters)
   -> 0.0000s
-- quote_table_name(:assigners_filters)
   -> 0.0000s
-- execute("DELETE FROM \"assigners_filters\"\nWHERE account_id IS NULL\n   OR NOT EXISTS (\n     SELECT 1 FROM accounts WHERE accounts.id = \"assigners_filters\".account_id\n   )\n")
   -> 0.0001s
-- change_column_null(:assigners_filters, :account_id, false)
   -> 0.0045s
-- index_exists?(:assigners_filters, :account_id)
   -> 0.0002s
-- add_index(:assigners_filters, :account_id)
   -> 0.0002s
-- quote_table_name(:assignments)
   -> 0.0000s
-- quote_table_name(:assignments)
   -> 0.0000s
-- execute("DELETE FROM \"assignments\"\nWHERE account_id IS NULL\n   OR NOT EXISTS (\n     SELECT 1 FROM accounts WHERE accounts.id = \"assignments\".account_id\n   )\n")
   -> 0.0001s
-- change_column_null(:assignments, :account_id, false)
   -> 0.0065s
-- index_exists?(:assignments, :account_id)
   -> 0.0004s
-- add_index(:assignments, :account_id)
   -> 0.0002s
-- quote_table_name(:board_publications)
   -> 0.0000s
-- quote_table_name(:board_publications)
   -> 0.0000s
-- execute("DELETE FROM \"board_publications\"\nWHERE account_id IS NULL\n   OR NOT EXISTS (\n     SELECT 1 FROM accounts WHERE accounts.id = \"board_publications\".account_id\n   )\n")
   -> 0.0001s
-- change_column_null(:board_publications, :account_id, false)
   -> 0.0099s
-- index_exists?(:board_publications, :account_id)
   -> 0.0002s
-- add_index(:board_publications, :account_id)
   -> 0.0002s
-- quote_table_name(:boards)
   -> 0.0000s
-- quote_table_name(:boards)
   -> 0.0000s
-- execute("DELETE FROM \"boards\"\nWHERE account_id IS NULL\n   OR NOT EXISTS (\n     SELECT 1 FROM accounts WHERE accounts.id = \"boards\".account_id\n   )\n")
   -> 0.0001s
-- change_column_null(:boards, :account_id, false)
   -> 0.0054s
-- index_exists?(:boards, :account_id)
   -> 0.0002s
-- add_index(:boards, :account_id)
   -> 0.0002s
-- quote_table_name(:boards_filters)
   -> 0.0000s
-- quote_table_name(:boards_filters)
   -> 0.0000s
-- execute("DELETE FROM \"boards_filters\"\nWHERE account_id IS NULL\n   OR NOT EXISTS (\n     SELECT 1 FROM accounts WHERE accounts.id = \"boards_filters\".account_id\n   )\n")
   -> 0.0001s
-- change_column_null(:boards_filters, :account_id, false)
   -> 0.0053s
-- index_exists?(:boards_filters, :account_id)
   -> 0.0002s
-- add_index(:boards_filters, :account_id)
   -> 0.0002s
-- quote_table_name(:card_activity_spikes)
   -> 0.0000s
-- quote_table_name(:card_activity_spikes)
   -> 0.0000s
-- execute("DELETE FROM \"card_activity_spikes\"\nWHERE account_id IS NULL\n   OR NOT EXISTS (\n     SELECT 1 FROM accounts WHERE accounts.id = \"card_activity_spikes\".account_id\n   )\n")
   -> 0.0001s
-- change_column_null(:card_activity_spikes, :account_id, false)
   -> 0.0054s
-- index_exists?(:card_activity_spikes, :account_id)
   -> 0.0002s
-- add_index(:card_activity_spikes, :account_id)
   -> 0.0002s
-- quote_table_name(:card_goldnesses)
   -> 0.0000s
-- quote_table_name(:card_goldnesses)
   -> 0.0000s
-- execute("DELETE FROM \"card_goldnesses\"\nWHERE account_id IS NULL\n   OR NOT EXISTS (\n     SELECT 1 FROM accounts WHERE accounts.id = \"card_goldnesses\".account_id\n   )\n")
   -> 0.0001s
-- change_column_null(:card_goldnesses, :account_id, false)
   -> 0.0060s
-- index_exists?(:card_goldnesses, :account_id)
   -> 0.0002s
-- add_index(:card_goldnesses, :account_id)
   -> 0.0003s
-- quote_table_name(:card_not_nows)
   -> 0.0000s
-- quote_table_name(:card_not_nows)
   -> 0.0000s
-- execute("DELETE FROM \"card_not_nows\"\nWHERE account_id IS NULL\n   OR NOT EXISTS (\n     SELECT 1 FROM accounts WHERE accounts.id = \"card_not_nows\".account_id\n   )\n")
   -> 0.0001s
-- change_column_null(:card_not_nows, :account_id, false)
   -> 0.0080s
-- index_exists?(:card_not_nows, :account_id)
   -> 0.0004s
-- add_index(:card_not_nows, :account_id)
   -> 0.0002s
-- quote_table_name(:cards)
   -> 0.0000s
-- quote_table_name(:cards)
   -> 0.0000s
-- execute("DELETE FROM \"cards\"\nWHERE account_id IS NULL\n   OR NOT EXISTS (\n     SELECT 1 FROM accounts WHERE accounts.id = \"cards\".account_id\n   )\n")
   -> 0.0002s
-- change_column_null(:cards, :account_id, false)
   -> 0.0158s
-- index_exists?(:cards, :account_id)
   -> 0.0005s
-- add_index(:cards, :account_id)
   -> 0.0002s
-- quote_table_name(:closers_filters)
   -> 0.0000s
-- quote_table_name(:closers_filters)
   -> 0.0000s
-- execute("DELETE FROM \"closers_filters\"\nWHERE account_id IS NULL\n   OR NOT EXISTS (\n     SELECT 1 FROM accounts WHERE accounts.id = \"closers_filters\".account_id\n   )\n")
   -> 0.0001s
-- change_column_null(:closers_filters, :account_id, false)
   -> 0.0047s
-- index_exists?(:closers_filters, :account_id)
   -> 0.0002s
-- add_index(:closers_filters, :account_id)
   -> 0.0002s
-- quote_table_name(:closures)
   -> 0.0000s
-- quote_table_name(:closures)
   -> 0.0000s
-- execute("DELETE FROM \"closures\"\nWHERE account_id IS NULL\n   OR NOT EXISTS (\n     SELECT 1 FROM accounts WHERE accounts.id = \"closures\".account_id\n   )\n")
   -> 0.0001s
-- change_column_null(:closures, :account_id, false)
   -> 0.0066s
-- index_exists?(:closures, :account_id)
   -> 0.0004s
-- add_index(:closures, :account_id)
   -> 0.0002s
-- quote_table_name(:columns)
   -> 0.0000s
-- quote_table_name(:columns)
   -> 0.0000s
-- execute("DELETE FROM \"columns\"\nWHERE account_id IS NULL\n   OR NOT EXISTS (\n     SELECT 1 FROM accounts WHERE accounts.id = \"columns\".account_id\n   )\n")
   -> 0.0001s
-- change_column_null(:columns, :account_id, false)
   -> 0.0061s
-- index_exists?(:columns, :account_id)
   -> 0.0002s
-- add_index(:columns, :account_id)
   -> 0.0002s
-- quote_table_name(:comments)
   -> 0.0000s
-- quote_table_name(:comments)
   -> 0.0000s
-- execute("DELETE FROM \"comments\"\nWHERE account_id IS NULL\n   OR NOT EXISTS (\n     SELECT 1 FROM accounts WHERE accounts.id = \"comments\".account_id\n   )\n")
   -> 0.0001s
-- change_column_null(:comments, :account_id, false)
   -> 0.0045s
-- index_exists?(:comments, :account_id)
   -> 0.0002s
-- add_index(:comments, :account_id)
   -> 0.0002s
-- quote_table_name(:creators_filters)
   -> 0.0000s
-- quote_table_name(:creators_filters)
   -> 0.0000s
-- execute("DELETE FROM \"creators_filters\"\nWHERE account_id IS NULL\n   OR NOT EXISTS (\n     SELECT 1 FROM accounts WHERE accounts.id = \"creators_filters\".account_id\n   )\n")
   -> 0.0001s
-- change_column_null(:creators_filters, :account_id, false)
   -> 0.0046s
-- index_exists?(:creators_filters, :account_id)
   -> 0.0003s
-- add_index(:creators_filters, :account_id)
   -> 0.0002s
-- quote_table_name(:entropies)
   -> 0.0000s
-- quote_table_name(:entropies)
   -> 0.0000s
-- execute("DELETE FROM \"entropies\"\nWHERE account_id IS NULL\n   OR NOT EXISTS (\n     SELECT 1 FROM accounts WHERE accounts.id = \"entropies\".account_id\n   )\n")
   -> 0.0001s
-- change_column_null(:entropies, :account_id, false)
   -> 0.0070s
-- index_exists?(:entropies, :account_id)
   -> 0.0003s
-- add_index(:entropies, :account_id)
   -> 0.0002s
-- quote_table_name(:events)
   -> 0.0000s
-- quote_table_name(:events)
   -> 0.0000s
-- execute("DELETE FROM \"events\"\nWHERE account_id IS NULL\n   OR NOT EXISTS (\n     SELECT 1 FROM accounts WHERE accounts.id = \"events\".account_id\n   )\n")
   -> 0.0001s
-- change_column_null(:events, :account_id, false)
   -> 0.0421s
-- index_exists?(:events, :account_id)
   -> 0.0007s
-- add_index(:events, :account_id)
   -> 0.0002s
-- quote_table_name(:exports)
   -> 0.0000s
-- quote_table_name(:exports)
   -> 0.0000s
-- execute("DELETE FROM \"exports\"\nWHERE account_id IS NULL\n   OR NOT EXISTS (\n     SELECT 1 FROM accounts WHERE accounts.id = \"exports\".account_id\n   )\n")
   -> 0.0001s
-- change_column_null(:exports, :account_id, false)
   -> 0.0088s
-- index_exists?(:exports, :account_id)
   -> 0.0003s
-- add_index(:exports, :account_id)
   -> 0.0002s
-- quote_table_name(:filters)
   -> 0.0000s
-- quote_table_name(:filters)
   -> 0.0000s
-- execute("DELETE FROM \"filters\"\nWHERE account_id IS NULL\n   OR NOT EXISTS (\n     SELECT 1 FROM accounts WHERE accounts.id = \"filters\".account_id\n   )\n")
   -> 0.0001s
-- change_column_null(:filters, :account_id, false)
   -> 0.0053s
-- index_exists?(:filters, :account_id)
   -> 0.0002s
-- add_index(:filters, :account_id)
   -> 0.0002s
-- quote_table_name(:filters_tags)
   -> 0.0000s
-- quote_table_name(:filters_tags)
   -> 0.0000s
-- execute("DELETE FROM \"filters_tags\"\nWHERE account_id IS NULL\n   OR NOT EXISTS (\n     SELECT 1 FROM accounts WHERE accounts.id = \"filters_tags\".account_id\n   )\n")
   -> 0.0001s
-- change_column_null(:filters_tags, :account_id, false)
   -> 0.0058s
-- index_exists?(:filters_tags, :account_id)
   -> 0.0003s
-- add_index(:filters_tags, :account_id)
   -> 0.0002s
-- quote_table_name(:mentions)
   -> 0.0000s
-- quote_table_name(:mentions)
   -> 0.0000s
-- execute("DELETE FROM \"mentions\"\nWHERE account_id IS NULL\n   OR NOT EXISTS (\n     SELECT 1 FROM accounts WHERE accounts.id = \"mentions\".account_id\n   )\n")
   -> 0.0001s
-- change_column_null(:mentions, :account_id, false)
   -> 0.0093s
-- index_exists?(:mentions, :account_id)
   -> 0.0004s
-- add_index(:mentions, :account_id)
   -> 0.0002s
-- quote_table_name(:notification_bundles)
   -> 0.0000s
-- quote_table_name(:notification_bundles)
   -> 0.0000s
-- execute("DELETE FROM \"notification_bundles\"\nWHERE account_id IS NULL\n   OR NOT EXISTS (\n     SELECT 1 FROM accounts WHERE accounts.id = \"notification_bundles\".account_id\n   )\n")
   -> 0.0001s
-- change_column_null(:notification_bundles, :account_id, false)
   -> 0.0106s
-- index_exists?(:notification_bundles, :account_id)
   -> 0.0003s
-- add_index(:notification_bundles, :account_id)
   -> 0.0002s
-- quote_table_name(:notifications)
   -> 0.0000s
-- quote_table_name(:notifications)
   -> 0.0000s
-- execute("DELETE FROM \"notifications\"\nWHERE account_id IS NULL\n   OR NOT EXISTS (\n     SELECT 1 FROM accounts WHERE accounts.id = \"notifications\".account_id\n   )\n")
   -> 0.0001s
-- change_column_null(:notifications, :account_id, false)
   -> 0.0138s
-- index_exists?(:notifications, :account_id)
   -> 0.0012s
-- add_index(:notifications, :account_id)
   -> 0.0002s
-- quote_table_name(:pins)
   -> 0.0000s
-- quote_table_name(:pins)
   -> 0.0000s
-- execute("DELETE FROM \"pins\"\nWHERE account_id IS NULL\n   OR NOT EXISTS (\n     SELECT 1 FROM accounts WHERE accounts.id = \"pins\".account_id\n   )\n")
   -> 0.0001s
-- change_column_null(:pins, :account_id, false)
   -> 0.0079s
-- index_exists?(:pins, :account_id)
   -> 0.0003s
-- add_index(:pins, :account_id)
   -> 0.0002s
-- quote_table_name(:push_subscriptions)
   -> 0.0000s
-- quote_table_name(:push_subscriptions)
   -> 0.0000s
-- execute("DELETE FROM \"push_subscriptions\"\nWHERE account_id IS NULL\n   OR NOT EXISTS (\n     SELECT 1 FROM accounts WHERE accounts.id = \"push_subscriptions\".account_id\n   )\n")
   -> 0.0001s
-- change_column_null(:push_subscriptions, :account_id, false)
   -> 0.0061s
-- index_exists?(:push_subscriptions, :account_id)
   -> 0.0002s
-- add_index(:push_subscriptions, :account_id)
   -> 0.0002s
-- quote_table_name(:reactions)
   -> 0.0000s
-- quote_table_name(:reactions)
   -> 0.0000s
-- execute("DELETE FROM \"reactions\"\nWHERE account_id IS NULL\n   OR NOT EXISTS (\n     SELECT 1 FROM accounts WHERE accounts.id = \"reactions\".account_id\n   )\n")
   -> 0.0001s
-- change_column_null(:reactions, :account_id, false)
   -> 0.0079s
-- index_exists?(:reactions, :account_id)
   -> 0.0004s
-- add_index(:reactions, :account_id)
   -> 0.0002s
-- quote_table_name(:search_queries)
   -> 0.0000s
-- quote_table_name(:search_queries)
   -> 0.0000s
-- execute("DELETE FROM \"search_queries\"\nWHERE account_id IS NULL\n   OR NOT EXISTS (\n     SELECT 1 FROM accounts WHERE accounts.id = \"search_queries\".account_id\n   )\n")
   -> 0.0001s
-- change_column_null(:search_queries, :account_id, false)
   -> 0.0089s
-- index_exists?(:search_queries, :account_id)
   -> 0.0005s
-- add_index(:search_queries, :account_id)
   -> 0.0002s
-- quote_table_name(:steps)
   -> 0.0000s
-- quote_table_name(:steps)
   -> 0.0000s
-- execute("DELETE FROM \"steps\"\nWHERE account_id IS NULL\n   OR NOT EXISTS (\n     SELECT 1 FROM accounts WHERE accounts.id = \"steps\".account_id\n   )\n")
   -> 0.0001s
-- change_column_null(:steps, :account_id, false)
   -> 0.0068s
-- index_exists?(:steps, :account_id)
   -> 0.0002s
-- add_index(:steps, :account_id)
   -> 0.0002s
-- quote_table_name(:storage_entries)
   -> 0.0000s
-- quote_table_name(:storage_entries)
   -> 0.0000s
-- execute("DELETE FROM \"storage_entries\"\nWHERE account_id IS NULL\n   OR NOT EXISTS (\n     SELECT 1 FROM accounts WHERE accounts.id = \"storage_entries\".account_id\n   )\n")
   -> 0.0001s
-- change_column_null(:storage_entries, :account_id, false)
   -> 0.0109s
-- index_exists?(:storage_entries, :account_id)
   -> 0.0008s
-- add_index(:storage_entries, :account_id)
   -> 0.0003s
-- quote_table_name(:storage_totals)
   -> 0.0000s
-- quote_table_name(:storage_totals)
   -> 0.0000s
-- execute("DELETE FROM \"storage_totals\"\nWHERE account_id IS NULL\n   OR NOT EXISTS (\n     SELECT 1 FROM accounts WHERE accounts.id = \"storage_totals\".account_id\n   )\n")
   -> 0.0002s
-- change_column_null(:storage_totals, :account_id, false)
   -> 0.0047s
-- index_exists?(:storage_totals, :account_id)
   -> 0.0002s
-- add_index(:storage_totals, :account_id)
   -> 0.0002s
-- quote_table_name(:taggings)
   -> 0.0000s
-- quote_table_name(:taggings)
   -> 0.0000s
-- execute("DELETE FROM \"taggings\"\nWHERE account_id IS NULL\n   OR NOT EXISTS (\n     SELECT 1 FROM accounts WHERE accounts.id = \"taggings\".account_id\n   )\n")
   -> 0.0001s
-- change_column_null(:taggings, :account_id, false)
   -> 0.0063s
-- index_exists?(:taggings, :account_id)
   -> 0.0003s
-- add_index(:taggings, :account_id)
   -> 0.0002s
-- quote_table_name(:tags)
   -> 0.0000s
-- quote_table_name(:tags)
   -> 0.0000s
-- execute("DELETE FROM \"tags\"\nWHERE account_id IS NULL\n   OR NOT EXISTS (\n     SELECT 1 FROM accounts WHERE accounts.id = \"tags\".account_id\n   )\n")
   -> 0.0001s
-- change_column_null(:tags, :account_id, false)
   -> 0.0049s
-- index_exists?(:tags, :account_id)
   -> 0.0001s
-- add_index(:tags, :account_id)
   -> 0.0002s
-- quote_table_name(:user_settings)
   -> 0.0000s
-- quote_table_name(:user_settings)
   -> 0.0000s
-- execute("DELETE FROM \"user_settings\"\nWHERE account_id IS NULL\n   OR NOT EXISTS (\n     SELECT 1 FROM accounts WHERE accounts.id = \"user_settings\".account_id\n   )\n")
   -> 0.0001s
-- change_column_null(:user_settings, :account_id, false)
   -> 0.0053s
-- index_exists?(:user_settings, :account_id)
   -> 0.0002s
-- add_index(:user_settings, :account_id)
   -> 0.0002s
-- quote_table_name(:users)
   -> 0.0000s
-- quote_table_name(:users)
   -> 0.0000s
-- execute("DELETE FROM \"users\"\nWHERE account_id IS NULL\n   OR NOT EXISTS (\n     SELECT 1 FROM accounts WHERE accounts.id = \"users\".account_id\n   )\n")
   -> 0.0001s
-- change_column_null(:users, :account_id, false)
   -> 0.0080s
-- index_exists?(:users, :account_id)
   -> 0.0003s
-- add_index(:users, :account_id)
   -> 0.0002s
-- quote_table_name(:watches)
   -> 0.0000s
-- quote_table_name(:watches)
   -> 0.0000s
-- execute("DELETE FROM \"watches\"\nWHERE account_id IS NULL\n   OR NOT EXISTS (\n     SELECT 1 FROM accounts WHERE accounts.id = \"watches\".account_id\n   )\n")
   -> 0.0001s
-- change_column_null(:watches, :account_id, false)
   -> 0.0070s
-- index_exists?(:watches, :account_id)
   -> 0.0003s
-- add_index(:watches, :account_id)
   -> 0.0002s
-- quote_table_name(:webhook_delinquency_trackers)
   -> 0.0000s
-- quote_table_name(:webhook_delinquency_trackers)
   -> 0.0000s
-- execute("DELETE FROM \"webhook_delinquency_trackers\"\nWHERE account_id IS NULL\n   OR NOT EXISTS (\n     SELECT 1 FROM accounts WHERE accounts.id = \"webhook_delinquency_trackers\".account_id\n   )\n")
   -> 0.0001s
-- change_column_null(:webhook_delinquency_trackers, :account_id, false)
   -> 0.0049s
-- index_exists?(:webhook_delinquency_trackers, :account_id)
   -> 0.0002s
-- add_index(:webhook_delinquency_trackers, :account_id)
   -> 0.0002s
-- quote_table_name(:webhook_deliveries)
   -> 0.0000s
-- quote_table_name(:webhook_deliveries)
   -> 0.0000s
-- execute("DELETE FROM \"webhook_deliveries\"\nWHERE account_id IS NULL\n   OR NOT EXISTS (\n     SELECT 1 FROM accounts WHERE accounts.id = \"webhook_deliveries\".account_id\n   )\n")
   -> 0.0001s
-- change_column_null(:webhook_deliveries, :account_id, false)
   -> 0.0288s
-- index_exists?(:webhook_deliveries, :account_id)
   -> 0.0003s
-- add_index(:webhook_deliveries, :account_id)
   -> 0.0008s
-- quote_table_name(:webhooks)
   -> 0.0000s
-- quote_table_name(:webhooks)
   -> 0.0000s
-- execute("DELETE FROM \"webhooks\"\nWHERE account_id IS NULL\n   OR NOT EXISTS (\n     SELECT 1 FROM accounts WHERE accounts.id = \"webhooks\".account_id\n   )\n")
   -> 0.0001s
-- change_column_null(:webhooks, :account_id, false)
   -> 0.0068s
-- index_exists?(:webhooks, :account_id)
   -> 0.0002s
-- add_index(:webhooks, :account_id)
   -> 0.0002s
== 20260709130000 AddAccountIdToAccountOwnedTables: migrated (0.4993s) ========

F

Failure:
VerifierTest#test_every_row_gets_its_account_when_the_rollout_runs_on_a_live_database,_and_keeps_it_through_a_rollback [/tests/verification_test.rb:81]:
Expected ["active_storage_blobs 03gtyxm6v899mf8eji2j6n6o2: gone, expected 03gtyxm6nxjnh9wqve7p48l28", "active_storage_attachments 03gtyxm6vdrnftvtg9pm0qrqd: gone, expected 03gtyxm6nxjnh9wqve7p48l28", "active_storage_blobs 03gtyxm6vzk6mpf33yeou3864: gone, expected 03gtyxm6nxjnh9wqve7p48l28", "active_storage_attachments 03gtyxm6w50acgxhuy3wvzfn5: gone, expected 03gtyxm6nxjnh9wqve7p48l28", "active_storage_blobs 03gtyxm70uhdhrxkpjpxoy6lj: gone, expected 03gtyxm6x1ss5cfyvp59v9nue", "active_storage_attachments 03gtyxm70umo4pv8vx7v0o85x: gone, expected 03gtyxm6x1ss5cfyvp59v9nue", "active_storage_blobs 03gtyxm71axo94dz6dpbfpw4e: gone, expected 03gtyxm6x1ss5cfyvp59v9nue", "active_storage_attachments 03gtyxm71ay7xbjpj1tap1o5o: gone, expected 03gtyxm6x1ss5cfyvp59v9nue"] to be empty.

bin/rails test /tests/verification_test.rb:63

....

Finished in 10.571489s, 0.6622 runs/s, 1.0405 assertions/s.
7 runs, 11 assertions, 1 failures, 0 errors, 0 skips
